Workbook

Sheet IMPRIME
A1: SODECOTON
A3: PLUVIOMETRIE JOURNALIERE ET MENSUELLE
A5: MOIS DE :_________________________________________
A7: STATION | B7: 1 | C7: 2 | D7: 3 | E7: 4 | F7: 5 | G7: 6 | H7: 7 | I7: 8 | J7: 9 | K7: 10 | L7: 11 | M7: 12 | N7: 13 | O7: 14 | P7: 15 | Q7: 16 | R7: 17 | S7: 18 | T7: 19 | U7: 20 | V7: 21 | W7: 22 | X7: 23 | Y7: 24 | Z7: 25 | AA7: 26 | AB7: 27 | AC7: 28 | AD7: 29 | AE7: 30 | AF7: 31 | AG7: TOTAUX
A8: MAROUA
A9: KAELE
A10: TCHATIBALI
A11: GUIDER
A12: GAROUA
A13: NGONG
A14: MAYO-GALKE
A15: TOUBOURO
A16: HOME

Sheet FEVRIER
A1: SODECOTON
A3: PLUVIOMETRIE JOURNALIERE ET MENSUELLE
A5: MOIS DE FEVRIER 2021
A7: STATION | B7: 1 | C7: 2 | D7: 3 | E7: 4 | F7: 5 | G7: 6 | H7: 7 | I7: 8 | J7: 9 | K7: 10 | L7: 11 | M7: 12 | N7: 13 | O7: 14 | P7: 15 | Q7: 16 | R7: 17 | S7: 18 | T7: 19 | U7: 20 | V7: 21 | W7: 22 | X7: 23 | Y7: 24 | Z7: 25 | AA7: 26 | AB7: 27 | AC7: 28 | AD7: 29 | AE7: 30 | AF7: 31 | AG7: TOTAUX | AH7: CUMUL
A8: MAROUA | AG8: =SUM(B8:AF8) -> 0 | AH8: =AG8 -> 0
A9: KAELE | AG9: =SUM(B9:AF9) -> 0 | AH9: =AG9 -> 0
A10: TCHATIBALI | AG10: =SUM(B10:AF10) -> 0 | AH10: =AG10 -> 0
A11: GUIDER | AG11: =SUM(B11:AF11) -> 0 | AH11: =AG11 -> 0
A12: GAROUA | AG12: =SUM(B12:AF12) -> 0 | AH12: =AG12 -> 0
A13: NGONG | AG13: =SUM(B13:AF13) -> 0 | AH13: =AG13 -> 0
A14: POLI | AG14: =SUM(B14:AF14) -> 0 | AH14: =AG14 -> 0
A15: M-GALKE | AG15: =SUM(B15:AF15) -> 0 | AH15: =AG15 -> 0
A16: TOUBORO | AG16: =SUM(B16:AF16) -> 0 | AH16: =AG16 -> 0
A17: HOME | AG17: =SUM(B17:AF17) -> 0 | AH17: =AG17 -> 0

Sheet MARS
A1: SODECOTON
A3: PLUVIOMETRIE JOURNALIERE ET MENSUELLE
A5: MOIS DE MARS 2021
A7: STATION | B7: 1 | C7: 2 | D7: 3 | E7: 4 | F7: 5 | G7: 6 | H7: 7 | I7: 8 | J7: 9 | K7: 10 | L7: 11 | M7: 12 | N7: 13 | O7: 14 | P7: 15 | Q7: 16 | R7: 17 | S7: 18 | T7: 19 | U7: 20 | V7: 21 | W7: 22 | X7: 23 | Y7: 24 | Z7: 25 | AA7: 26 | AB7: 27 | AC7: 28 | AD7: 29 | AE7: 30 | AF7: 31 | AG7: TOTAUX | AH7: CUMUL
A8: MAROUA | N8: 0 | O8: 0 | S8: 0 | T8: 0 | W8: 0 | X8: 0 | Y8: 0 | AG8: =SUM(B8:AF8) -> 0 | AH8: =FEVRIER!AH8+AG8 -> 0
A9: KAELE | N9: 0 | O9: 0 | S9: 0 | T9: 0 | W9: 0 | X9: 0 | Y9: 0 | AG9: =SUM(B9:AF9) -> 0 | AH9: =FEVRIER!AH9+AG9 -> 0
A10: TCHATIBALI | N10: 0 | O10: 0 | S10: 0 | T10: 0 | W10: 0 | X10: 0 | Y10: 0 | AG10: =SUM(B10:AF10) -> 0 | AH10: =FEVRIER!AH10+AG10 -> 0
A11: GUIDER | N11: 0 | O11: 0 | S11: 0 | T11: 0 | W11: 0 | X11: 0 | Y11: 0 | AG11: =SUM(B11:AF11) -> 0 | AH11: =FEVRIER!AH11+AG11 -> 0
A12: GAROUA | N12: 15 | O12: 0 | S12: 0 | T12: 0 | W12: 0 | X12: 0 | Y12: 0 | AG12: =SUM(B12:AF12) -> 15 | AH12: =FEVRIER!AH12+AG12 -> 15
A13: NGONG | N13: 0 | O13: 0 | S13: 0 | T13: 0 | W13: 0 | X13: 0 | Y13: 0 | AG13: =SUM(B13:AF13) -> 0 | AH13: =FEVRIER!AH13+AG13 -> 0
A14: POLI | N14: 22 | O14: 0 | S14: 0 | T14: 0 | W14: 9 | X14: 0 | Y14: 0 | AG14: =SUM(B14:AF14) -> 31 | AH14: =FEVRIER!AH14+AG14 -> 31
A15: M-GALKE | N15: 0 | O15: 0 | S15: 0 | T15: 0 | W15: 0 | X15: 12 | Y15: 2 | AG15: =SUM(B15:AF15) -> 14 | AH15: =FEVRIER!AH15+AG15 -> 14
A16: TOUBORO | N16: 0 | O16: 10 | S16: 0 | T16: 0 | W16: 0 | X16: 2 | Y16: 9 | AG16: =SUM(B16:AF16) -> 21 | AH16: =FEVRIER!AH16+AG16 -> 21
A17: HOME | N17: 3 | O17: 0 | S17: 3 | T17: 5 | W17: 0 | X17: 4 | Y17: 11 | AG17: =SUM(B17:AF17) -> 26 | AH17: =FEVRIER!AH17+AG17 -> 26

Sheet AVRIL
A1: SODECOTON
A3: PLUVIOMETRIE JOURNALIERE ET MENSUELLE
A5: MOIS D'AVRIL 2021
A7: STATION | B7: 1 | C7: 2 | D7: 3 | E7: 4 | F7: 5 | G7: 6 | H7: 7 | I7: 8 | J7: 9 | K7: 10 | L7: 11 | M7: 12 | N7: 13 | O7: 14 | P7: 15 | Q7: 16 | R7: 17 | S7: 18 | T7: 19 | U7: 20 | V7: 21 | W7: 22 | X7: 23 | Y7: 24 | Z7: 25 | AA7: 26 | AB7: 27 | AC7: 28 | AD7: 29 | AE7: 30 | AF7: 31 | AG7: TOTAUX | AH7: CUMUL
A8: MAROUA | K8: 3 | L8: 0 | M8: 0 | N8: 0 | O8: 0 | P8: 0 | Q8: 0 | R8: 0 | S8: 0 | T8: 0 | U8: 0 | V8: 0 | W8: 5 | X8: 0 | Y8: 0 | Z8: 0 | AA8: 0 | AB8: 0 | AC8: 0 | AD8: 0 | AE8: 0 | AG8: =SUM(B8:AF8) -> 8 | AH8: =MARS!AH8+AG8 -> 8 | AI8: 2
A9: KAELE | K9: 0 | L9: 0 | M9: 0 | N9: 0 | O9: 0 | P9: 0 | Q9: 0 | R9: 0 | S9: 0 | T9: 0 | U9: 0 | V9: 0 | W9: 0 | X9: 0 | Y9: 0 | Z9: 0 | AA9: 0 | AB9: 0 | AC9: 0 | AD9: 0 | AE9: 0 | AG9: =SUM(B9:AF9) -> 0 | AH9: =MARS!AH9+AG9 -> 0 | AI9: 4
A10: TCHATIBALI | K10: 0 | L10: 0 | M10: 0 | N10: 0 | O10: 0 | P10: 0 | Q10: 0 | R10: 0 | S10: 0 | T10: 0 | U10: 0 | V10: 0 | W10: 0 | X10: 0 | Y10: 0 | Z10: 0 | AA10: 0 | AB10: 0 | AC10: 0 | AD10: 0 | AE10: 0 | AG10: =SUM(B10:AF10) -> 0 | AH10: =MARS!AH10+AG10 -> 0 | AI10: 5
A11: GUIDER | K11: 0 | L11: 0 | M11: 0 | N11: 3 | O11: 0 | P11: 0 | Q11: 0 | R11: 0 | S11: 0 | T11: 0 | U11: 0 | V11: 0 | W11: 0 | X11: 0 | Y11: 0 | Z11: 0 | AA11: 0 | AB11: 0 | AC11: 0 | AD11: 0 | AE11: 0 | AG11: =SUM(B11:AF11) -> 3 | AH11: =MARS!AH11+AG11 -> 3 | AI11: 3
A12: GAROUA | K12: 0 | L12: 0 | M12: 0 | N12: 40 | O12: 0 | P12: 0 | Q12: 0 | R12: 0 | S12: 0 | T12: 0 | U12: 0 | V12: 0 | W12: 4 | X12: 0 | Y12: 36 | Z12: 0 | AA12: 0 | AB12: 0 | AC12: 0 | AD12: 0 | AE12: 0 | AG12: =SUM(B12:AF12) -> 80 | AH12: =MARS!AH12+AG12 -> 95 | AI12: 1
A13: NGONG | K13: 0 | L13: 0 | M13: 0 | N13: 10 | O13: 0 | P13: 0 | Q13: 0 | R13: 0 | S13: 0 | T13: 0 | U13: 0 | V13: 0 | W13: 2 | Y13: 15 | Z13: 0 | AA13: 0 | AB13: 0 | AC13: 0 | AD13: 0 | AE13: 0 | AG13: =SUM(B13:AF13) -> 27 | AH13: =MARS!AH13+AG13 -> 27 | AI13: 6
A14: POLI | K14: 7 | L14: 0 | M14: 0 | N14: 0 | O14: 0 | P14: 0 | Q14: 0 | R14: 0 | S14: 0 | T14: 5 | U14: 3 | V14: 0 | W14: 0 | X14: 3 | Y14: 30 | Z14: 0 | AA14: 0 | AB14: 0 | AC14: 0 | AD14: 4 | AE14: 0 | AG14: =SUM(B14:AF14) -> 52 | AH14: =MARS!AH14+AG14 -> 83 | AI14: 10
A15: M-GALKE | K15: 12 | L15: 0 | M15: 0 | N15: 12 | O15: 0 | P15: 0 | Q15: 0 | R15: 0 | S15: 0 | T15: 0 | U15: 0 | V15: 0 | W15: 0 | X15: 0 | Y15: 0 | Z15: 0 | AA15: 6 | AB15: 0 | AC15: 0 | AD15: 0 | AE15: 0 | AG15: =SUM(B15:AF15) -> 30 | AH15: =MARS!AH15+AG15 -> 44 | AI15: 7
A16: TOUBORO | K16: 0 | L16: 0 | M16: 0 | N16: 11 | O16: 0 | P16: 0 | Q16: 0 | R16: 0 | S16: 0 | T16: 0 | U16: 2 | V16: 0 | W16: 7 | X16: 3 | Y16: 23 | Z16: 0 | AA16: 0 | AB16: 0 | AC16: 0 | AD16: 0 | AE16: 0 | AG16: =SUM(B16:AF16) -> 46 | AH16: =MARS!AH16+AG16 -> 67 | AI16: 8
A17: HOME | K17: 3 | L17: 6 | M17: 0 | N17: 26 | O17: 0 | P17: 4 | Q17: 0 | R17: 0 | S17: 6 | T17: 0 | U17: 0 | V17: 0 | W17: 4 | X17: 0 | Y17: 53 | Z17: 0 | AA17: 0 | AB17: 0 | AC17: 7 | AD17: 0 | AE17: 0 | AG17: =SUM(B17:AF17) -> 109 | AH17: =MARS!AH17+AG17 -> 135 | AI17: 9

Sheet MAI
A1: SODECOTON
A3: PLUVIOMETRIE JOURNALIERE ET MENSUELLE
A5: MOIS DE MAI 2021
A7: STATION | B7: 1 | C7: 2 | D7: 3 | E7: 4 | F7: 5 | G7: 6 | H7: 7 | I7: 8 | J7: 9 | K7: 10 | L7: 11 | M7: 12 | N7: 13 | O7: 14 | P7: 15 | Q7: 16 | R7: 17 | S7: 18 | T7: 19 | U7: 20 | V7: 21 | W7: 22 | X7: 23 | Y7: 24 | Z7: 25 | AA7: 26 | AB7: 27 | AC7: 28 | AD7: 29 | AE7: 30 | AF7: 31 | AG7: TOTAUX | AH7: CUMUL
A8: MAROUA | B8: 0 | C8: 0 | D8: 0 | E8: 0 | F8: 0 | G8: 0 | H8: 4 | I8: 0 | J8: 2 | K8: 0 | L8: 0 | M8: 0 | N8: 1 | O8: 0 | P8: 12 | Q8: 0 | R8: 7 | S8: 0 | T8: 0 | U8: 0 | V8: 0 | W8: 0 | X8: 0 | Y8: 0 | Z8: 0 | AA8: 0 | AB8: 0 | AC8: 0 | AD8: 0 | AE8: 0 | AF8: 0 | AG8: =SUM(B8:AF8) -> 26 | AH8: =AVRIL!AH8+AG8 -> 34
A9: KAELE | B9: 0 | C9: 0 | D9: 0 | E9: 0 | F9: 0 | G9: 0 | H9: 0 | I9: 0 | J9: 2 | K9: 5 | L9: 0 | M9: 0 | N9: 12 | O9: 3 | P9: 21 | Q9: 0 | R9: 2 | S9: 0 | T9: 15 | U9: 0 | V9: 0 | W9: 0 | X9: 0 | Y9: 0 | Z9: 0 | AA9: 0 | AB9: 0 | AC9: 0 | AD9: 0 | AE9: 0 | AF9: 4 | AG9: =SUM(B9:AF9) -> 64 | AH9: =AVRIL!AH9+AG9 -> 64
A10: TCHATIBALI | B10: 0 | C10: 0 | D10: 0 | E10: 0 | F10: 0 | G10: 0 | H10: 0 | I10: 0 | J10: 0 | K10: 0 | L10: 2 | M10: 0 | N10: 3 | O10: 10 | P10: 0 | Q10: 0 | R10: 0 | S10: 0 | T10: 0 | U10: 0 | V10: 0 | W10: 0 | X10: 0 | Y10: 0 | Z10: 0 | AA10: 0 | AB10: 0 | AC10: 0 | AD10: 0 | AE10: 0 | AF10: 0 | AG10: =SUM(B10:AF10) -> 15 | AH10: =AVRIL!AH10+AG10 -> 15
A11: GUIDER | B11: 18 | C11: 42 | D11: 0 | E11: 0 | F11: 0 | G11: 0 | H11: 0 | I11: 0 | J11: 5 | K11: 0 | L11: 0 | M11: 0 | N11: 2 | O11: 11 | P11: 3 | Q11: 0 | R11: 1 | S11: 0 | T11: 0 | U11: 0 | V11: 0 | W11: 0 | X11: 0 | Y11: 0 | Z11: 0 | AA11: 0 | AB11: 0 | AC11: 0 | AD11: 0 | AE11: 0 | AF11: 8 | AG11: =SUM(B11:AF11) -> 90 | AH11: =AVRIL!AH11+AG11 -> 93
A12: GAROUA | B12: 0 | C12: 0 | D12: 0 | E12: 0 | F12: 0 | G12: 16 | H12: 0 | I12: 0 | J12: 8 | K12: 0 | L12: 0 | M12: 9 | N12: 0 | O12: 2 | P12: 12 | Q12: 0 | R12: 20 | S12: 0 | T12: 1 | U12: 0 | V12: 0 | W12: 0 | X12: 0 | Y12: 0 | Z12: 0 | AA12: 1 | AB12: 0 | AC12: 0 | AD12: 0 | AE12: 0 | AF12: 2 | AG12: =SUM(B12:AF12) -> 71 | AH12: =AVRIL!AH12+AG12 -> 166
A13: NGONG | B13: 0 | C13: 0 | D13: 0 | E13: 0 | F13: 0 | G13: 18 | H13: 0 | I13: 0 | J13: 0 | K13: 3 | L13: 0 | M13: 3 | N13: 0 | O13: 3 | P13: 11 | Q13: 0 | R13: 3 | S13: 0 | T13: 0 | U13: 0 | V13: 0 | W13: 0 | X13: 0 | Y13: 0 | Z13: 0 | AA13: 2 | AB13: 0 | AC13: 0 | AD13: 0 | AE13: 0 | AF13: 6 | AG13: =SUM(B13:AF13) -> 49 | AH13: =AVRIL!AH13+AG13 -> 76
A14: POLI | B14: 0 | C14: 0 | D14: 0 | E14: 16 | F14: 0 | G14: 85 | H14: 0 | I14: 0 | J14: 0 | K14: 3 | L14: 0 | M14: 6 | N14: 35 | O14: 0 | P14: 40 | Q14: 0 | R14: 0 | S14: 0 | T14: 0 | U14: 0 | V14: 0 | W14: 0 | X14: 0 | Y14: 0 | Z14: 0 | AA14: 11 | AB14: 0 | AC14: 0 | AD14: 0 | AE14: 0 | AF14: 10 | AG14: =SUM(B14:AF14) -> 206 | AH14: =AVRIL!AH14+AG14 -> 289
A15: M-GALKE | B15: 0 | C15: 0 | D15: 0 | E15: 13 | F15: 0 | G15: 1 | H15: 0 | I15: 0 | J15: 0 | K15: 20 | L15: 0 | M15: 0 | N15: 0 | O15: 0 | P15: 28 | Q15: 0 | R15: 0 | S15: 0 | T15: 0 | U15: 4 | V15: 0 | W15: 0 | X15: 0 | Y15: 0 | Z15: 0 | AA15: 0 | AB15: 0 | AC15: 0 | AD15: 0 | AE15: 0 | AF15: 25 | AG15: =SUM(B15:AF15) -> 91 | AH15: =AVRIL!AH15+AG15 -> 135
A16: TOUBORO | B16: 4 | C16: 0 | D16: 0 | E16: 0 | F16: 0 | G16: 65 | H16: 0 | I16: 2 | J16: 0 | K16: 0 | L16: 0 | M16: 0 | N16: 0 | O16: 0 | P16: 0 | Q16: 0 | R16: 0 | S16: 0 | T16: 0 | U16: 13 | V16: 5 | W16: 0 | X16: 0 | Y16: 0 | Z16: 0 | AA16: 5 | AB16: 0 | AC16: 0 | AD16: 2 | AE16: 0 | AF16: 31 | AG16: =SUM(B16:AF16) -> 127 | AH16: =AVRIL!AH16+AG16 -> 194
A17: HOME | B17: 0 | C17: 2 | D17: 0 | E17: 2 | F17: 0 | G17: 12 | H17: 0 | I17: 0 | J17: 0 | K17: 1 | L17: 0 | M17: 3 | N17: 0 | O17: 0 | P17: 15 | Q17: 0 | R17: 0 | S17: 0 | T17: 0 | U17: 30 | V17: 6 | W17: 0 | X17: 0 | Y17: 0 | Z17: 0 | AA17: 0 | AB17: 0 | AC17: 1 | AD17: 5 | AE17: 0 | AF17: 7 | AG17: =SUM(B17:AF17) -> 84 | AH17: =AVRIL!AH17+AG17 -> 219

Sheet JUIN
A1: SODECOTON
A3: PLUVIOMETRIE JOURNALIERE ET MENSUELLE
A7: STATION | B7: 1 | C7: 2 | D7: 3 | E7: 4 | F7: 5 | G7: 6 | H7: 7 | I7: 8 | J7: 9 | K7: 10 | L7: 11 | M7: 12 | N7: 13 | O7: 14 | P7: 15 | Q7: 16 | R7: 17 | S7: 18 | T7: 19 | U7: 20 | V7: 21 | W7: 22 | X7: 23 | Y7: 24 | Z7: 25 | AA7: 26 | AB7: 27 | AC7: 28 | AD7: 29 | AE7: 30 | AF7: 31 | AG7: TOTAUX | AH7: CUMUL
A8: MAROUA | B8: 0 | C8: 0 | D8: 0 | E8: 53 | F8: 0 | G8: 0 | H8: 15 | I8: 0 | J8: 0 | K8: 0 | L8: 9 | M8: 9 | N8: 0 | O8: 0 | P8: 3 | Q8: 0 | R8: 10 | S8: 0 | T8: 1 | U8: 0 | V8: 2 | W8: 0 | X8: 0 | Y8: 0 | Z8: 0 | AA8: 9 | AB8: 2 | AC8: 0 | AD8: 4 | AE8: 0 | AG8: =SUM(B8:AF8) -> 117 | AH8: =MAI!AH8+AG8 -> 151
A9: KAELE | B9: 0 | C9: 0 | D9: 2 | E9: 27 | F9: 0 | G9: 0 | H9: 0 | I9: 0 | J9: 0 | K9: 4 | L9: 3 | M9: 1 | N9: 0 | O9: 0 | P9: 0 | Q9: 0 | R9: 6 | S9: 0 | T9: 2 | U9: 0 | V9: 6 | W9: 32 | X9: 0 | Y9: 0 | Z9: 1 | AA9: 6 | AB9: 1 | AC9: 0 | AD9: 4 | AE9: 0 | AG9: =SUM(B9:AF9) -> 95 | AH9: =MAI!AH9+AG9 -> 159
A10: TCHATIBALI | B10: 0 | C10: 0 | D10: 0 | E10: 45 | F10: 0 | G10: 0 | H10: 0 | I10: 0 | J10: 0 | K10: 0 | L10: 11 | M10: 0 | N10: 0 | O10: 0 | P10: 0 | Q10: 0 | R10: 3 | S10: 0 | T10: 0 | U10: 0 | V10: 0 | W10: 3 | X10: 0 | Y10: 0 | Z10: 5 | AA10: 0 | AB10: 5 | AC10: 0 | AD10: 40 | AE10: 0 | AG10: =SUM(B10:AF10) -> 112 | AH10: =MAI!AH10+AG10 -> 127
A11: GUIDER | B11: 0 | C11: 0 | D11: 0 | E11: 35 | F11: 0 | G11: 0 | H11: 12 | I11: 0 | J11: 0 | K11: 5 | L11: 4 | M11: 0 | N11: 0 | O11: 0 | P11: 2 | Q11: 0 | R11: 23 | S11: 0 | T11: 0 | U11: 0 | V11: 21 | W11: 24 | X11: 0 | Y11: 0 | Z11: 18 | AA11: 3 | AB11: 0 | AC11: 0 | AD11: 1 | AE11: 0 | AG11: =SUM(B11:AF11) -> 148 | AH11: =MAI!AH11+AG11 -> 241
A12: GAROUA | B12: 0 | C12: 0 | D12: 0 | E12: 47 | F12: 0 | G12: 0 | H12: 0 | I12: 0 | J12: 0 | K12: 2 | L12: 20 | M12: 3 | N12: 0 | O12: 0 | P12: 17 | Q12: 0 | R12: 22 | S12: 0 | T12: 10 | U12: 0 | V12: 26 | W12: 12 | X12: 0 | Y12: 0 | Z12: 30 | AA12: 20 | AB12: 0 | AC12: 2 | AD12: 5 | AE12: 0 | AG12: =SUM(B12:AF12) -> 216 | AH12: =MAI!AH12+AG12 -> 382
A13: NGONG | B13: 0 | C13: 0 | D13: 14 | E13: 20 | F13: 0 | G13: 0 | H13: 0 | I13: 5 | J13: 0 | K13: 0 | L13: 3 | M13: 8 | N13: 0 | O13: 0 | P13: 13 | Q13: 0 | R13: 0 | S13: 0 | T13: 0 | U13: 0 | V13: 6 | W13: 4 | X13: 0 | Y13: 0 | Z13: 0 | AA13: 22 | AB13: 0 | AC13: 0 | AD13: 20 | AE13: 0 | AG13: =SUM(B13:AF13) -> 115 | AH13: =MAI!AH13+AG13 -> 191
A14: POLI | B14: 0 | C14: 0 | D14: 0 | E14: 21 | F14: 0 | G14: 2 | H14: 0 | I14: 11 | J14: 0 | K14: 0 | L14: 0 | M14: 36 | N14: 0 | O14: 0 | P14: 8 | Q14: 0 | R14: 3 | S14: 0 | T14: 2 | U14: 27 | V14: 0 | W14: 9 | X14: 0 | Y14: 0 | Z14: 0 | AA14: 37 | AB14: 38 | AC14: 0 | AD14: 40 | AE14: 0 | AG14: =SUM(B14:AF14) -> 234 | AH14: =MAI!AH14+AG14 -> 523
A15: M-GALKE | B15: 0 | C15: 0 | D15: 0 | E15: 0 | F15: 0 | G15: 4 | H15: 0 | I15: 15 | J15: 0 | K15: 0 | L15: 0 | M15: 20 | N15: 0 | O15: 0 | P15: 45 | Q15: 5 | R15: 0 | S15: 2 | T15: 0 | U15: 2 | V15: 0 | W15: 3 | X15: 0 | Y15: 0 | Z15: 0 | AA15: 17 | AB15: 23 | AC15: 0 | AD15: 0 | AE15: 0 | AG15: =SUM(B15:AF15) -> 136 | AH15: =MAI!AH15+AG15 -> 271
A16: TOUBORO | B16: 0 | C16: 0 | D16: 0 | E16: 53 | F16: 0 | G16: 0 | H16: 0 | I16: 2 | J16: 0 | K16: 0 | L16: 3 | M16: 44 | N16: 0 | O16: 0 | P16: 37 | Q16: 32 | R16: 0 | S16: 0 | T16: 9 | U16: 20 | V16: 0 | W16: 37 | X16: 5 | Y16: 0 | Z16: 0 | AA16: 0 | AB16: 5 | AC16: 0 | AD16: 0 | AE16: 15 | AG16: =SUM(B16:AF16) -> 262 | AH16: =MAI!AH16+AG16 -> 456
A17: HOME | B17: 0 | C17: 0 | D17: 0 | E17: 16 | F17: 0 | G17: 0 | H17: 0 | I17: 12 | J17: 0 | K17: 0 | L17: 0 | M17: 0 | N17: 0 | O17: 0 | P17: 40 | Q17: 13 | R17: 0 | S17: 0 | T17: 27 | U17: 25 | V17: 0 | W17: 13 | Y17: 0 | Z17: 0 | AA17: 0 | AB17: 15 | AC17: 2 | AD17: 2 | AE17: 2 | AG17: =SUM(B17:AF17) -> 167 | AH17: =MAI!AH17+AG17 -> 386

Sheet JUILLET
A1: SODECOTON
A3: PLUVIOMETRIE JOURNALIERE ET MENSUELLE
A5: MOIS DE JUILLET 2021
A7: STATION | B7: 1 | C7: 2 | D7: 3 | E7: 4 | F7: 5 | G7: 6 | H7: 7 | I7: 8 | J7: 9 | K7: 10 | L7: 11 | M7: 12 | N7: 13 | O7: 14 | P7: 15 | Q7: 16 | R7: 17 | S7: 18 | T7: 19 | U7: 20 | V7: 21 | W7: 22 | X7: 23 | Y7: 24 | Z7: 25 | AA7: 26 | AB7: 27 | AC7: 28 | AD7: 29 | AE7: 30 | AF7: 31 | AG7: TOTAUX | AH7: CUMUL
A8: MAROUA | B8: 0 | C8: 41 | D8: 0 | E8: 0 | F8: 2 | G8: 0 | H8: 40 | I8: 51 | J8: 0 | K8: 0 | L8: 36 | M8: 0 | N8: 0 | O8: 0 | P8: 0 | Q8: 0 | R8: 0 | S8: 0 | T8: 0 | U8: 0 | V8: 0 | W8: 104 | X8: 0 | Y8: 14 | Z8: 45 | AA8: 23 | AB8: 10 | AC8: 0 | AD8: 38 | AE8: 2 | AF8: 15 | AG8: =SUM(B8:AF8) -> 421 | AH8: =JUIN!AH8+AG8 -> 572
A9: KAELE | B9: 0 | C9: 17 | D9: 0 | E9: 0 | F9: 0 | G9: 0 | H9: 0 | I9: 14 | J9: 10 | K9: 0 | L9: 35 | M9: 0 | N9: 0 | O9: 3 | P9: 1 | Q9: 0 | R9: 0 | S9: 0 | T9: 0 | U9: 0 | V9: 0 | W9: 40 | X9: 0 | Y9: 0 | Z9: 12 | AA9: 15 | AB9: 3 | AC9: 8 | AD9: 6 | AE9: 0 | AF9: 0 | AG9: =SUM(B9:AF9) -> 164 | AH9: =JUIN!AH9+AG9 -> 323
A10: TCHATIBALI | B10: 0 | C10: 0 | D10: 6 | E10: 0 | F10: 0 | G10: 0 | H10: 0 | I10: 0 | J10: 12 | K10: 0 | L10: 45 | M10: 0 | N10: 0 | O10: 22 | P10: 0 | Q10: 0 | R10: 0 | S10: 0 | T10: 0 | U10: 0 | V10: 3 | W10: 51 | X10: 1 | Y10: 0 | Z10: 0 | AA10: 15 | AB10: 3 | AC10: 0 | AD10: 3 | AE10: 0 | AF10: 0 | AG10: =SUM(B10:AF10) -> 161 | AH10: =JUIN!AH10+AG10 -> 288
A11: GUIDER | B11: 0 | C11: 29 | D11: 0 | E11: 0 | F11: 0 | G11: 0 | H11: 2 | I11: 1 | J11: 9 | K11: 0 | L11: 22 | M11: 0 | N11: 0 | O11: 11 | P11: 0 | Q11: 1 | R11: 0 | S11: 0 | T11: 0 | U11: 18 | V11: 0 | W11: 87 | X11: 0 | Y11: 0 | Z11: 0 | AA11: 0 | AB11: 0 | AC11: 0 | AD11: 30 | AE11: 0 | AF11: 3 | AG11: =SUM(B11:AF11) -> 213 | AH11: =JUIN!AH11+AG11 -> 454
A12: GAROUA | B12: 0 | C12: 70 | D12: 0 | E12: 0 | F12: 27 | G12: 0 | H12: 0 | I12: 14 | J12: 10 | K12: 0 | L12: 57 | M12: 0 | N12: 0 | O12: 33 | P12: 0 | Q12: 5 | R12: 0 | S12: 0 | T12: 0 | U12: 0 | V12: 0 | W12: 20 | X12: 0 | Y12: 0 | Z12: 0 | AA12: 0 | AB12: 0 | AC12: 0 | AD12: 1 | AE12: 11 | AF12: 0 | AG12: =SUM(B12:AF12) -> 248 | AH12: =JUIN!AH12+AG12 -> 630
A13: NGONG | B13: 0 | C13: 36 | D13: 0 | E13: 0 | F13: 0 | G13: 0 | H13: 0 | I13: 22 | J13: 0 | K13: 0 | L13: 44 | M13: 0 | N13: 0 | O13: 36 | P13: 0 | Q13: 28 | R13: 0 | S13: 0 | T13: 0 | U13: 0 | V13: 0 | W13: 34 | X13: 0 | Y13: 39 | Z13: 0 | AA13: 13 | AB13: 0 | AC13: 0 | AD13: 0 | AE13: 8 | AF13: 0 | AG13: =SUM(B13:AF13) -> 260 | AH13: =JUIN!AH13+AG13 -> 451
A14: POLI | B14: 0 | C14: 41 | D14: 0 | E14: 0 | F14: 0 | G14: 0 | H14: 36 | I14: 30 | J14: 0 | K14: 0 | L14: 51 | M14: 0 | N14: 0 | O14: 23 | P14: 0 | Q14: 35 | R14: 0 | S14: 0 | T14: 0 | U14: 0 | V14: 0 | W14: 0 | X14: 0 | Y14: 0 | Z14: 0 | AA14: 0 | AB14: 0 | AC14: 0 | AD14: 0 | AE14: 13 | AF14: 2 | AG14: =SUM(B14:AF14) -> 231 | AH14: =JUIN!AH14+AG14 -> 754
A15: M-GALKE | B15: 0 | C15: 5 | D15: 0 | E15: 0 | F15: 0 | G15: 4 | H15: 0 | I15: 48 | J15: 0 | K15: 0 | L15: 43 | M15: 0 | N15: 0 | O15: 60 | P15: 0 | Q15: 0 | R15: 0 | S15: 0 | T15: 0 | U15: 14 | V15: 0 | W15: 8 | X15: 0 | Y15: 0 | Z15: 0 | AA15: 34 | AB15: 0 | AC15: 0 | AD15: 3 | AE15: 0 | AF15: 0 | AG15: =SUM(B15:AF15) -> 219 | AH15: =JUIN!AH15+AG15 -> 490
A16: TOUBORO | B16: 0 | C16: 5 | D16: 21 | E16: 15 | F16: 16 | G16: 11 | H16: 0 | I16: 14 | J16: 0 | K16: 0 | L16: 19 | M16: 0 | N16: 0 | O16: 4 | P16: 1 | Q16: 0 | R16: 0 | S16: 30 | T16: 0 | U16: 0 | V16: 0 | W16: 29 | X16: 11 | Y16: 0 | Z16: 11 | AA16: 8 | AB16: 16 | AC16: 3 | AD16: 0 | AE16: 7 | AF16: 0 | AG16: =SUM(B16:AF16) -> 221 | AH16: =JUIN!AH16+AG16 -> 677
A17: HOME | B17: 0 | C17: 0 | D17: 32 | E17: 0 | F17: 0 | G17: 10 | H17: 0 | I17: 35 | J17: 19 | K17: 0 | L17: 10 | M17: 0 | N17: 0 | O17: 12 | P17: 0 | Q17: 1 | R17: 0 | S17: 12 | T17: 0 | U17: 0 | V17: 0 | W17: 30 | X17: 10 | Y17: 6 | Z17: 0 | AA17: 18 | AB17: 0 | AC17: 2 | AD17: 41 | AE17: 0 | AF17: 0 | AG17: =SUM(B17:AF17) -> 238 | AH17: =JUIN!AH17+AG17 -> 624

Sheet AOÛT
A1: SODECOTON
A3: PLUVIOMETRIE JOURNALIERE ET MENSUELLE
A5: MOIS D'AOÛT 2021
A7: STATION | B7: 1 | C7: 2 | D7: 3 | E7: 4 | F7: 5 | G7: 6 | H7: 7 | I7: 8 | J7: 9 | K7: 10 | L7: 11 | M7: 12 | N7: 13 | O7: 14 | P7: 15 | Q7: 16 | R7: 17 | S7: 18 | T7: 19 | U7: 20 | V7: 21 | W7: 22 | X7: 23 | Y7: 24 | Z7: 25 | AA7: 26 | AB7: 27 | AC7: 28 | AD7: 29 | AE7: 30 | AF7: 31 | AG7: TOTAUX | AH7: CUMUL
A8: MAROUA | B8: 4 | C8: 0 | D8: 0 | E8: 0 | F8: 7 | G8: 4 | H8: 0 | I8: 16 | J8: 0 | K8: 0 | L8: 21 | M8: 0 | N8: 0 | O8: 0 | P8: 33 | Q8: 20 | R8: 18 | S8: 0 | T8: 32 | U8: 2 | V8: 0 | W8: 0 | X8: 5 | Y8: 7 | Z8: 0 | AA8: 0 | AB8: 14 | AC8: 0 | AD8: 0 | AE8: 5 | AF8: 0 | AG8: =SUM(B8:AF8) -> 188 | AH8: =JUILLET!AH8+AG8 -> 760
A9: KAELE | B9: 0 | C9: 0 | D9: 0 | E9: 2 | F9: 6 | G9: 20 | H9: 45 | I9: 29 | J9: 0 | K9: 3 | L9: 55 | M9: 0 | N9: 4 | O9: 3 | P9: 3 | Q9: 8 | R9: 15 | S9: 5 | T9: 29 | U9: 15 | V9: 0 | W9: 0 | X9: 0 | Y9: 0 | Z9: 36 | AA9: 0 | AB9: 35 | AC9: 6 | AD9: 0 | AE9: 8 | AF9: 0 | AG9: =SUM(B9:AF9) -> 327 | AH9: =JUILLET!AH9+AG9 -> 650
A10: TCHATIBALI | B10: 0 | C10: 0 | D10: 0 | E10: 3 | F10: 40 | G10: 25 | H10: 0 | I10: 18 | J10: 20 | K10: 70 | L10: 45 | M10: 0 | N10: 0 | O10: 110 | P10: 16 | Q10: 10 | R10: 32 | S10: 50 | T10: 10 | U10: 10 | V10: 5 | W10: 0 | X10: 0 | Y10: 68 | Z10: 0 | AA10: 0 | AB10: 10 | AC10: 0 | AD10: 0 | AE10: 7 | AF10: 0 | AG10: =SUM(B10:AF10) -> 549 | AH10: =JUILLET!AH10+AG10 -> 837
A11: GUIDER | B11: 39 | C11: 0 | D11: 0 | E11: 0 | F11: 7 | G11: 6 | H11: 12 | I11: 10 | J11: 0 | K11: 26 | L11: 87 | M11: 0 | N11: 0 | O11: 35 | P11: 5 | Q11: 16 | R11: 44 | S11: 5 | T11: 40 | U11: 4 | V11: 0 | W11: 0 | X11: 0 | Y11: 0 | Z11: 17 | AA11: 0 | AB11: 0 | AC11: 50 | AD11: 0 | AE11: 14 | AF11: 0 | AG11: =SUM(B11:AF11) -> 417 | AH11: =JUILLET!AH11+AG11 -> 871
A12: GAROUA | B12: 10 | C12: 0 | D12: 0 | E12: 0 | F12: 0 | G12: 6 | H12: 15 | I12: 30 | J12: 0 | K12: 2 | L12: 106 | M12: 0 | N12: 0 | O12: 0 | P12: 8 | Q12: 25 | R12: 0 | S12: 30 | T12: 5 | U12: 2 | V12: 0 | W12: 11 | X12: 0 | Y12: 0 | Z12: 55 | AA12: 0 | AB12: 0 | AC12: 35 | AD12: 0 | AE12: 5 | AF12: 0 | AG12: =SUM(B12:AF12) -> 345 | AH12: =JUILLET!AH12+AG12 -> 975
A13: NGONG | B13: 22 | C13: 0 | D13: 0 | E13: 0 | F13: 2 | G13: 0 | H13: 28 | I13: 23 | J13: 2 | K13: 0 | L13: 24 | M13: 0 | N13: 0 | O13: 3 | P13: 22 | Q13: 2 | R13: 0 | S13: 8 | T13: 0 | U13: 34 | V13: 0 | W13: 49 | X13: 0 | Y13: 0 | Z13: 34 | AA13: 0 | AB13: 0 | AC13: 30 | AD13: 0 | AE13: 4 | AF13: 0 | AG13: =SUM(B13:AF13) -> 287 | AH13: =JUILLET!AH13+AG13 -> 738
A14: POLI | B14: 6 | C14: 8 | D14: 0 | E14: 18 | F14: 0 | G14: 0 | H14: 35 | I14: 25 | J14: 0 | K14: 0 | L14: 54 | M14: 0 | N14: 2 | O14: 0 | P14: 4 | Q14: 16 | R14: 10 | S14: 0 | T14: 23 | U14: 77 | V14: 4 | W14: 14 | X14: 0 | Y14: 9 | Z14: 12 | AA14: 0 | AB14: 17 | AC14: 7 | AD14: 0 | AE14: 5 | AF14: 44 | AG14: =SUM(B14:AF14) -> 390 | AH14: =JUILLET!AH14+AG14 -> 1144
A15: M-GALKE | B15: 45 | C15: 0 | D15: 0 | E15: 0 | F15: 58 | G15: 0 | H15: 0 | I15: 20 | J15: 0 | K15: 0 | L15: 42 | M15: 3 | N15: 0 | O15: 37 | P15: 24 | Q15: 0 | R15: 0 | S15: 0 | T15: 0 | U15: 36 | V15: 43 | W15: 0 | X15: 0 | Y15: 0 | Z15: 0 | AA15: 3 | AB15: 3 | AC15: 0 | AD15: 0 | AE15: 30 | AF15: 0 | AG15: =SUM(B15:AF15) -> 344 | AH15: =JUILLET!AH15+AG15 -> 834
A16: TOUBORO | B16: 5 | C16: 0 | D16: 25 | E16: 11 | F16: 3 | G16: 3 | H16: 0 | I16: 50 | J16: 0 | K16: 3 | L16: 1 | M16: 16 | N16: 0 | O16: 6 | P16: 0 | Q16: 20 | R16: 8 | S16: 20 | T16: 1 | U16: 41 | V16: 0 | W16: 0 | X16: 0 | Y16: 2 | Z16: 0 | AA16: 0 | AB16: 7 | AC16: 0 | AD16: 10 | AE16: 21 | AF16: 0 | AG16: =SUM(B16:AF16) -> 253 | AH16: =JUILLET!AH16+AG16 -> 930
A17: HOME | B17: 37 | C17: 7 | D17: 26 | E17: 15 | F17: 0 | G17: 7 | H17: 6 | I17: 2 | J17: 0 | K17: 17 | L17: 61 | M17: 2 | N17: 0 | O17: 2 | P17: 0 | Q17: 35 | R17: 2 | S17: 0 | T17: 0 | U17: 50 | V17: 0 | W17: 5 | X17: 0 | Y17: 20 | Z17: 0 | AA17: 0 | AB17: 4 | AC17: 21 | AD17: 0 | AE17: 20 | AF17: 1 | AG17: =SUM(B17:AF17) -> 340 | AH17: =JUILLET!AH17+AG17 -> 964

Sheet SEPTEMBRE
A1: SODECOTON
A3: PLUVIOMETRIE JOURNALIERE ET MENSUELLE
A5: MOIS DE SEPTEMBRE 2021
A7: STATION | B7: 1 | C7: 2 | D7: 3 | E7: 4 | F7: 5 | G7: 6 | H7: 7 | I7: 8 | J7: 9 | K7: 10 | L7: 11 | M7: 12 | N7: 13 | O7: 14 | P7: 15 | Q7: 16 | R7: 17 | S7: 18 | T7: 19 | U7: 20 | V7: 21 | W7: 22 | X7: 23 | Y7: 24 | Z7: 25 | AA7: 26 | AB7: 27 | AC7: 28 | AD7: 29 | AE7: 30 | AF7: 31 | AG7: TOTAUX | AH7: CUMUL
A8: MAROUA | B8: 0 | C8: 0 | D8: 0 | E8: 18 | F8: 0 | G8: 0 | H8: 0 | I8: 6 | J8: 4 | K8: 0 | L8: 9 | M8: 2 | N8: 8 | O8: 0 | P8: 0 | Q8: 0 | R8: 0 | S8: 0 | T8: 0 | U8: 0 | V8: 12 | W8: 55 | X8: 0 | Y8: 0 | Z8: 0 | AA8: 0 | AB8: 2 | AC8: 15 | AD8: 0 | AE8: 0 | AG8: =SUM(B8:AF8) -> 131 | AH8: =AOÛT!AH8+AG8 -> 891
A9: KAELE | B9: 0 | C9: 0 | D9: 0 | E9: 32 | F9: 1 | G9: 21 | H9: 0 | I9: 3 | J9: 0 | K9: 0 | L9: 0 | M9: 0 | N9: 7 | O9: 0 | P9: 0 | Q9: 0 | R9: 0 | S9: 0 | T9: 6 | U9: 0 | V9: 0 | W9: 25 | X9: 4 | Y9: 0 | Z9: 0 | AA9: 0 | AB9: 2 | AC9: 55 | AD9: 3 | AE9: 0 | AG9: =SUM(B9:AF9) -> 159 | AH9: =AOÛT!AH9+AG9 -> 809
A10: TCHATIBALI | B10: 0 | C10: 15 | D10: 0 | E10: 0 | F10: 0 | G10: 0 | H10: 0 | I10: 7 | J10: 2 | K10: 0 | L10: 0 | M10: 0 | N10: 20 | O10: 0 | P10: 0 | Q10: 0 | R10: 0 | S10: 0 | T10: 0 | U10: 20 | V10: 0 | W10: 52 | X10: 0 | Y10: 0 | Z10: 0 | AA10: 0 | AB10: 6 | AC10: 71 | AD10: 0 | AE10: 0 | AG10: =SUM(B10:AF10) -> 193 | AH10: =AOÛT!AH10+AG10 -> 1030
A11: GUIDER | B11: 0 | C11: 0 | D11: 0 | E11: 4 | F11: 0 | G11: 0 | H11: 0 | I11: 52 | J11: 0 | K11: 0 | L11: 1 | M11: 0 | N11: 3 | O11: 0 | P11: 0 | Q11: 4 | R11: 0 | S11: 0 | T11: 0 | U11: 23 | V11: 1 | W11: 23 | X11: 0 | Y11: 0 | Z11: 0 | AA11: 0 | AB11: 0 | AC11: 0 | AD11: 25 | AE11: 0 | AG11: =SUM(B11:AF11) -> 136 | AH11: =AOÛT!AH11+AG11 -> 1007
A12: GAROUA | B12: 0 | C12: 13 | D12: 0 | E12: 0 | F12: 2 | G12: 0 | H12: 0 | I12: 0 | J12: 63 | K12: 0 | L12: 0 | M12: 0 | N12: 0 | O12: 0 | P12: 0 | Q12: 0 | R12: 0 | S12: 0 | T12: 0 | U12: 42 | V12: 20 | W12: 0 | X12: 0 | Y12: 0 | Z12: 0 | AA12: 0 | AB12: 0 | AC12: 15 | AD12: 6 | AE12: 0 | AG12: =SUM(B12:AF12) -> 161 | AH12: =AOÛT!AH12+AG12 -> 1136
A13: NGONG | B13: 7 | C13: 10 | D13: 0 | E13: 0 | F13: 26 | G13: 0 | H13: 0 | I13: 0 | J13: 20 | K13: 0 | L13: 0 | M13: 0 | N13: 6 | O13: 0 | P13: 0 | Q13: 0 | R13: 0 | S13: 0 | T13: 0 | U13: 0 | V13: 1 | W13: 2 | X13: 0 | Y13: 0 | Z13: 0 | AA13: 0 | AB13: 0 | AC13: 16 | AD13: 0 | AE13: 0 | AG13: =SUM(B13:AF13) -> 88 | AH13: =AOÛT!AH13+AG13 -> 826
A14: POLI | B14: 0 | C14: 13 | D14: 0 | E14: 5 | F14: 10 | G14: 0 | H14: 4 | I14: 0 | J14: 22 | K14: 0 | L14: 3 | M14: 0 | N14: 23 | O14: 3 | P14: 0 | Q14: 0 | R14: 0 | S14: 0 | T14: 0 | U14: 34 | V14: 15 | W14: 17 | X14: 2 | Y14: 3 | Z14: 0 | AA14: 0 | AB14: 0 | AC14: 8 | AD14: 0 | AE14: 0 | AG14: =SUM(B14:AF14) -> 162 | AH14: =AOÛT!AH14+AG14 -> 1306
A15: M-GALKE | B15: 0 | C15: 6 | D15: 0 | E15: 0 | F15: 21 | G15: 27 | H15: 6 | I15: 0 | J15: 0 | K15: 0 | L15: 0 | M15: 10 | N15: 10 | O15: 26 | P15: 0 | Q15: 23 | R15: 0 | S15: 0 | T15: 19 | U15: 0 | V15: 0 | W15: 0 | X15: 0 | Y15: 2 | Z15: 0 | AA15: 0 | AB15: 14 | AC15: 57 | AD15: 0 | AE15: 0 | AG15: =SUM(B15:AF15) -> 221 | AH15: =AOÛT!AH15+AG15 -> 1055
A16: TOUBORO | B16: 72 | C16: 0 | D16: 0 | E16: 16 | F16: 0 | G16: 2 | H16: 0 | I16: 0 | J16: 15 | K16: 5 | L16: 8 | M16: 0 | N16: 10 | O16: 2 | P16: 0 | Q16: 20 | R16: 0 | S16: 0 | T16: 0 | U16: 0 | V16: 11 | W16: 5 | X16: 2 | Y16: 7 | Z16: 3 | AA16: 0 | AB16: 11 | AC16: 47 | AD16: 0 | AE16: 6 | AG16: =SUM(B16:AF16) -> 242 | AH16: =AOÛT!AH16+AG16 -> 1172
A17: HOME | B17: 5 | C17: 0 | D17: 0 | E17: 4 | F17: 27 | G17: 4 | H17: 0 | I17: 41 | J17: 17 | K17: 35 | L17: 6 | M17: 57 | N17: 10 | O17: 0 | P17: 0 | Q17: 8 | R17: 0 | S17: 0 | T17: 0 | U17: 0 | V17: 70 | W17: 35 | X17: 0 | Y17: 7 | Z17: 5 | AA17: 0 | AB17: 0 | AC17: 22 | AD17: 1 | AE17: 3 | AG17: =SUM(B17:AF17) -> 357 | AH17: =AOÛT!AH17+AG17 -> 1321

Sheet OCTOBRE
A1: SODECOTON
A3: PLUVIOMETRIE JOURNALIERE ET MENSUELLE
A5: MOIS D'OCTOBRE 2021
A7: STATION | B7: 1 | C7: 2 | D7: 3 | E7: 4 | F7: 5 | G7: 6 | H7: 7 | I7: 8 | J7: 9 | K7: 10 | L7: 11 | M7: 12 | N7: 13 | O7: 14 | P7: 15 | Q7: 16 | R7: 17 | S7: 18 | T7: 19 | U7: 20 | V7: 21 | W7: 22 | X7: 23 | Y7: 24 | Z7: 25 | AA7: 26 | AB7: 27 | AC7: 28 | AD7: 29 | AE7: 30 | AF7: 31 | AG7: TOTAUX | AH7: CUMUL
A8: MAROUA | B8: 0 | C8: 0 | D8: 0 | E8: 0 | F8: 0 | G8: 0 | H8: 0 | I8: 0 | J8: 0 | K8: 0 | L8: 0 | M8: 0 | N8: 0 | O8: 3 | P8: 0 | Q8: 0 | R8: 0 | S8: 0 | T8: 0 | U8: 14 | V8: 0 | W8: 10 | X8: 0 | Y8: 0 | Z8: 0 | AA8: 0 | AG8: =SUM(B8:AF8) -> 27 | AH8: =SEPTEMBRE!AH8+AG8 -> 918
A9: KAELE | B9: 0 | C9: 0 | D9: 0 | E9: 0 | F9: 0 | G9: 0 | H9: 0 | I9: 0 | J9: 0 | K9: 0 | L9: 0 | M9: 0 | N9: 0 | O9: 1 | P9: 0 | Q9: 0 | R9: 0 | S9: 0 | T9: 0 | U9: 2 | V9: 0 | W9: 0 | X9: 0 | Y9: 0 | Z9: 0 | AA9: 0 | AG9: =SUM(B9:AF9) -> 3 | AH9: =SEPTEMBRE!AH9+AG9 -> 812
A10: TCHATIBALI | B10: 0 | C10: 0 | D10: 0 | E10: 0 | F10: 0 | G10: 0 | H10: 0 | I10: 0 | J10: 0 | K10: 0 | L10: 0 | M10: 0 | N10: 0 | O10: 7 | P10: 0 | Q10: 0 | R10: 0 | S10: 0 | T10: 0 | U10: 10 | V10: 0 | W10: 0 | X10: 0 | Y10: 0 | Z10: 0 | AA10: 0 | AG10: =SUM(B10:AF10) -> 17 | AH10: =SEPTEMBRE!AH10+AG10 -> 1047
A11: GUIDER | B11: 0 | C11: 0 | D11: 0 | E11: 0 | F11: 0 | G11: 0 | H11: 0 | I11: 0 | J11: 0 | K11: 0 | L11: 0 | M11: 0 | N11: 0 | O11: 0 | P11: 0 | Q11: 30 | R11: 2 | S11: 0 | T11: 4 | U11: 22 | V11: 0 | W11: 0 | X11: 0 | Y11: 0 | Z11: 0 | AA11: 12 | AG11: =SUM(B11:AF11) -> 70 | AH11: =SEPTEMBRE!AH11+AG11 -> 1077
A12: GAROUA | B12: 0 | C12: 0 | D12: 2 | E12: 8 | F12: 0 | G12: 0 | H12: 0 | I12: 0 | J12: 0 | K12: 0 | L12: 0 | M12: 0 | N12: 0 | O12: 0 | P12: 0 | Q12: 20 | R12: 0 | S12: 0 | T12: 0 | U12: 12 | V12: 0 | W12: 7 | X12: 0 | Y12: 0 | Z12: 0 | AA12: 0 | AG12: =SUM(B12:AF12) -> 49 | AH12: =SEPTEMBRE!AH12+AG12 -> 1185
A13: NGONG | B13: 0 | C13: 0 | D13: 0 | E13: 0 | F13: 0 | G13: 0 | H13: 0 | I13: 0 | J13: 0 | K13: 0 | L13: 0 | M13: 0 | N13: 0 | O13: 0 | P13: 0 | Q13: 52 | R13: 0 | S13: 0 | T13: 0 | U13: 20 | V13: 0 | W13: 0 | X13: 24 | Y13: 0 | Z13: 0 | AA13: 5 | AG13: =SUM(B13:AF13) -> 101 | AH13: =SEPTEMBRE!AH13+AG13 -> 927
A14: POLI | B14: 0 | C14: 0 | D14: 0 | E14: 3 | F14: 0 | G14: 0 | H14: 0 | I14: 0 | J14: 0 | K14: 0 | L14: 0 | M14: 0 | N14: 0 | O14: 0 | P14: 3 | Q14: 11 | R14: 0 | S14: 0 | T14: 0 | U14: 2 | V14: 0 | W14: 11 | X14: 12 | Y14: 0 | Z14: 0 | AA14: 22 | AG14: =SUM(B14:AF14) -> 64 | AH14: =SEPTEMBRE!AH14+AG14 -> 1370
A15: M-GALKE | B15: 0 | C15: 0 | D15: 0 | E15: 0 | F15: 0 | G15: 0 | H15: 0 | I15: 0 | J15: 0 | K15: 0 | L15: 0 | M15: 0 | N15: 0 | O15: 0 | P15: 5 | Q15: 3 | R15: 0 | S15: 0 | T15: 32 | U15: 3 | V15: 0 | W15: 0 | X15: 0 | Y15: 11 | Z15: 0 | AA15: 13 | AG15: =SUM(B15:AF15) -> 67 | AH15: =SEPTEMBRE!AH15+AG15 -> 1122
A16: TOUBORO | B16: 0 | C16: 0 | D16: 0 | E16: 0 | F16: 0 | G16: 0 | H16: 27 | I16: 0 | J16: 0 | K16: 0 | L16: 0 | M16: 0 | N16: 0 | O16: 0 | P16: 0 | Q16: 0 | R16: 0 | S16: 0 | T16: 19 | U16: 2 | V16: 0 | W16: 12 | X16: 2 | Y16: 0 | Z16: 0 | AA16: 6 | AG16: =SUM(B16:AF16) -> 68 | AH16: =SEPTEMBRE!AH16+AG16 -> 1240
A17: HOME | B17: 0 | C17: 0 | D17: 0 | E17: 0 | F17: 0 | G17: 0 | H17: 0 | I17: 0 | J17: 4 | K17: 0 | L17: 0 | M17: 0 | N17: 0 | O17: 0 | P17: 0 | Q17: 42 | R17: 0 | S17: 0 | T17: 13 | U17: 4 | V17: 0 | W17: 0 | X17: 7 | Y17: 0 | Z17: 0 | AA17: 2 | AG17: =SUM(B17:AF17) -> 72 | AH17: =SEPTEMBRE!AH17+AG17 -> 1393

Sheet NOVEMBRE
A1: SODECOTON
A3: PLUVIOMETRIE JOURNALIERE ET MENSUELLE
A5: MOIS DE NOVEMBRE 2021
A7: STATION | B7: 1 | C7: 2 | D7: 3 | E7: 4 | F7: 5 | G7: 6 | H7: 7 | I7: 8 | J7: 9 | K7: 10 | L7: 11 | M7: 12 | N7: 13 | O7: 14 | P7: 15 | Q7: 16 | R7: 17 | S7: 18 | T7: 19 | U7: 20 | V7: 21 | W7: 22 | X7: 23 | Y7: 24 | Z7: 25 | AA7: 26 | AB7: 27 | AC7: 28 | AD7: 29 | AE7: 30 | AF7: 31 | AG7: TOTAUX | AH7: CUMUL
A8: MAROUA | AG8: =SUM(B8:AF8) -> 0 | AH8: =OCTOBRE!AH8+AG8 -> 918
A9: KAELE | AG9: =SUM(B9:AF9) -> 0 | AH9: =OCTOBRE!AH9+AG9 -> 812
A10: TCHATIBALI | AG10: =SUM(B10:AF10) -> 0 | AH10: =OCTOBRE!AH10+AG10 -> 1047
A11: GUIDER | AG11: =SUM(B11:AF11) -> 0 | AH11: =OCTOBRE!AH11+AG11 -> 1077
A12: GAROUA | AG12: =SUM(B12:AF12) -> 0 | AH12: =OCTOBRE!AH12+AG12 -> 1185
A13: NGONG | AG13: =SUM(B13:AF13) -> 0 | AH13: =OCTOBRE!AH13+AG13 -> 927
A14: POLI | AG14: =SUM(B14:AF14) -> 0 | AH14: =OCTOBRE!AH14+AG14 -> 1370
A15: M-GALKE | AG15: =SUM(B15:AF15) -> 0 | AH15: =OCTOBRE!AH15+AG15 -> 1122
A16: TOUBORO | AG16: =SUM(B16:AF16) -> 0 | AH16: =OCTOBRE!AH16+AG16 -> 1240
A17: HOME | AG17: =SUM(B17:AF17) -> 0 | AH17: =OCTOBRE!AH17+AG17 -> 1393

Sheet Feuille12

Sheet Feuille13
