Workbook

Sheet IMPRIME
A1: SODECOTON
A3: PLUVIOMETRIE JOURNALIERE ET MENSUELLE
A5: MOIS DE :_________________________________________
A7: STATION | B7: 1 | C7: 2 | D7: 3 | E7: 4 | F7: 5 | G7: 6 | H7: 7 | I7: 8 | J7: 9 | K7: 10 | L7: 11 | M7: 12 | N7: 13 | O7: 14 | P7: 15 | Q7: 16 | R7: 17 | S7: 18 | T7: 19 | U7: 20 | V7: 21 | W7: 22 | X7: 23 | Y7: 24 | Z7: 25 | AA7: 26 | AB7: 27 | AC7: 28 | AD7: 29 | AE7: 30 | AF7: 31 | AG7: TOTAUX
A8: MAROUA
A9: KAELE
A10: TCHATIBALI
A11: GUIDER
A12: GAROUA
A13: NGONG
A14: MAYO-GALKE
A15: TOUBOURO
A16: HOME

Sheet MARS
A1: SODECOTON
A3: PLUVIOMETRIE JOURNALIERE ET MENSUELLE
A5: MOIS DE MARS 2017
A7: STATION | B7: 1 | C7: 2 | D7: 3 | E7: 4 | F7: 5 | G7: 6 | H7: 7 | I7: 8 | J7: 9 | K7: 10 | L7: 11 | M7: 12 | N7: 13 | O7: 14 | P7: 15 | Q7: 16 | R7: 17 | S7: 18 | T7: 19 | U7: 20 | V7: 21 | W7: 22 | X7: 23 | Y7: 24 | Z7: 25 | AA7: 26 | AB7: 27 | AC7: 28 | AD7: 29 | AE7: 30 | AF7: 31 | AG7: TOTAUX | AH7: CUMUL
A8: MAROUA | AG8: =SUM(B8:AF8) -> 0 | AH8: =AG8 -> 0
A9: KAELE | AG9: =SUM(B9:AF9) -> 0 | AH9: =AG9 -> 0
A10: TCHATIBALI | AG10: =SUM(B10:AF10) -> 0 | AH10: =AG10 -> 0
A11: GUIDER | AG11: =SUM(B11:AF11) -> 0 | AH11: =AG11 -> 0
A12: GAROUA | AG12: =SUM(B12:AF12) -> 0 | AH12: =AG12 -> 0
A13: NGONG | AG13: =SUM(B13:AF13) -> 0 | AH13: =AG13 -> 0
A14: POLI | AG14: =SUM(B14:AF14) -> 0 | AH14: =AG14 -> 0
A15: M-GALKE | AG15: =SUM(B15:AF15) -> 0 | AH15: =AG15 -> 0
A16: TOUBORO | AG16: =SUM(B16:AF16) -> 0 | AH16: =AG16 -> 0
A17: HOME | AG17: =SUM(B17:AF17) -> 0 | AH17: =AG17 -> 0

Sheet AVRIL
A1: SODECOTON
A3: PLUVIOMETRIE JOURNALIERE ET MENSUELLE
A5: MOIS D'AVRIL 2017
A7: STATION | B7: 1 | C7: 2 | D7: 3 | E7: 4 | F7: 5 | G7: 6 | H7: 7 | I7: 8 | J7: 9 | K7: 10 | L7: 11 | M7: 12 | N7: 13 | O7: 14 | P7: 15 | Q7: 16 | R7: 17 | S7: 18 | T7: 19 | U7: 20 | V7: 21 | W7: 22 | X7: 23 | Y7: 24 | Z7: 25 | AA7: 26 | AB7: 27 | AC7: 28 | AD7: 29 | AE7: 30 | AF7: 31 | AG7: TOTAUX | AH7: CUMUL
A8: MAROUA | L8: 6 | M8: 13 | N8: 0 | O8: 0 | P8: 0 | R8: 0 | S8: 0 | W8: 0 | Y8: 0 | AA8: 5 | AB8: 0 | AC8: 0 | AG8: =SUM(B8:AF8) -> 24 | AH8: =MARS!AH8+AG8 -> 24
A9: KAELE | L9: 6 | M9: 0 | N9: 0 | O9: 0 | P9: 0 | R9: 0 | S9: 0 | W9: 0 | Y9: 0 | AA9: 0 | AB9: 0 | AC9: 0 | AG9: =SUM(B9:AF9) -> 6 | AH9: =MARS!AH9+AG9 -> 6
A10: TCHATIBALI | K10: 10 | M10: 13 | N10: 0 | O10: 0 | P10: 0 | R10: 0 | S10: 1 | W10: 0 | Y10: 0 | AA10: 0 | AB10: 0 | AC10: 0 | AG10: =SUM(B10:AF10) -> 24 | AH10: =MARS!AH10+AG10 -> 24
A11: GUIDER | L11: 4 | M11: 4 | N11: 0 | O11: 0 | P11: 0 | R11: 0 | S11: 0 | W11: 0 | Y11: 0 | AA11: 0 | AB11: 3 | AC11: 0 | AG11: =SUM(B11:AF11) -> 11 | AH11: =MARS!AH11+AG11 -> 11
A12: GAROUA | L12: 4 | M12: 80 | N12: 0 | O12: 0 | P12: 0 | R12: 0 | S12: 0 | W12: 0 | Y12: 0 | AA12: 0 | AB12: 8 | AC12: 0 | AG12: =SUM(B12:AF12) -> 92 | AH12: =MARS!AH12+AG12 -> 92
A13: NGONG | L13: 8 | M13: 18 | N13: 0 | O13: 0 | P13: 0 | R13: 0 | S13: 0 | W13: 0 | Y13: 0 | AA13: 0 | AB13: 1 | AC13: 0 | AG13: =SUM(B13:AF13) -> 27 | AH13: =MARS!AH13+AG13 -> 27
A14: POLI | H14: 3 | M14: 67 | N14: 11 | O14: 17 | P14: 0 | R14: 0 | S14: 0 | W14: 0 | Y14: 22 | AA14: 0 | AB14: 10 | AC14: 0 | AG14: =SUM(B14:AF14) -> 130 | AH14: =MARS!AH14+AG14 -> 130
A15: M-GALKE | M15: 6 | N15: 0 | O15: 13 | P15: 2 | R15: 0 | S15: 0 | W15: 0 | Y15: 5 | AA15: 0 | AB15: 0 | AC15: 56 | AG15: =SUM(B15:AF15) -> 82 | AH15: =MARS!AH15+AG15 -> 82
A16: TOUBORO | M16: 5 | N16: 0 | O16: 30 | P16: 0 | R16: 0 | S16: 0 | W16: 4 | Y16: 0 | AA16: 0 | AB16: 12 | AC16: 0 | AG16: =SUM(B16:AF16) -> 51 | AH16: =MARS!AH16+AG16 -> 51
A17: HOME | M17: 7 | N17: 0 | O17: 25 | P17: 4 | R17: 1 | S17: 0 | W17: 23 | Y17: 6 | AA17: 0 | AB17: 2 | AC17: 0 | AG17: =SUM(B17:AF17) -> 68 | AH17: =MARS!AH17+AG17 -> 68

Sheet MAI
A1: SODECOTON
A3: PLUVIOMETRIE JOURNALIERE ET MENSUELLE
A5: MOIS DE MAI 2017
A7: STATION | B7: 1 | C7: 2 | D7: 3 | E7: 4 | F7: 5 | G7: 6 | H7: 7 | I7: 8 | J7: 9 | K7: 10 | L7: 11 | M7: 12 | N7: 13 | O7: 14 | P7: 15 | Q7: 16 | R7: 17 | S7: 18 | T7: 19 | U7: 20 | V7: 21 | W7: 22 | X7: 23 | Y7: 24 | Z7: 25 | AA7: 26 | AB7: 27 | AC7: 28 | AD7: 29 | AE7: 30 | AF7: 31 | AG7: TOTAUX | AH7: CUMUL
A8: MAROUA | B8: 0 | C8: 0 | D8: 2 | E8: 7 | F8: 0 | G8: 0 | I8: 1 | J8: 0 | N8: 0 | O8: 0 | P8: 0 | R8: 1 | T8: 0 | U8: 1 | V8: 0 | W8: 0 | Y8: 3 | Z8: 0 | AC8: 1 | AE8: 2 | AF8: 22 | AG8: =SUM(B8:AF8) -> 40 | AH8: =AVRIL!AH8+AG8 -> 64
A9: KAELE | B9: 0 | C9: 0 | D9: 0 | E9: 1 | F9: 0 | G9: 0 | I9: 1 | J9: 0 | N9: 0 | O9: 0 | P9: 4 | R9: 5 | T9: 1 | U9: 10 | V9: 0 | W9: 0 | Y9: 65 | Z9: 4 | AC9: 0 | AE9: 5 | AF9: 0 | AG9: =SUM(B9:AF9) -> 96 | AH9: =AVRIL!AH9+AG9 -> 102
A10: TCHATIBALI | B10: 0 | C10: 0 | D10: 0 | E10: 11 | F10: 0 | G10: 0 | I10: 0 | J10: 0 | N10: 0 | O10: 0 | P10: 0 | R10: 5 | T10: 0 | U10: 13 | V10: 0 | W10: 0 | Y10: 55 | Z10: 2 | AC10: 0 | AE10: 5 | AF10: 11 | AG10: =SUM(B10:AF10) -> 102 | AH10: =AVRIL!AH10+AG10 -> 126
A11: GUIDER | B11: 0 | C11: 0 | D11: 0 | E11: 0 | F11: 3 | G11: 0 | I11: 10 | J11: 0 | N11: 0 | O11: 4 | P11: 4 | R11: 0 | T11: 3 | U11: 5 | V11: 0 | W11: 0 | Y11: 34 | Z11: 14 | AC11: 0 | AE11: 0 | AF11: 0 | AG11: =SUM(B11:AF11) -> 77 | AH11: =AVRIL!AH11+AG11 -> 88
A12: GAROUA | B12: 0 | C12: 0 | D12: 3 | E12: 55 | F12: 0 | G12: 0 | I12: 6 | J12: 0 | N12: 0 | O12: 0 | P12: 30 | R12: 0 | T12: 0 | U12: 0 | V12: 7 | W12: 0 | Y12: 6 | Z12: 60 | AC12: 0 | AE12: 0 | AF12: 0 | AG12: =SUM(B12:AF12) -> 167 | AH12: =AVRIL!AH12+AG12 -> 259
A13: NGONG | B13: 0 | C13: 0 | D13: 0 | E13: 0 | F13: 0 | G13: 0 | I13: 3 | J13: 0 | N13: 0 | O13: 0 | P13: 4 | R13: 0 | T13: 1 | U13: 5 | V13: 0 | W13: 0 | Y13: 2 | Z13: 18 | AC13: 0 | AE13: 7 | AF13: 0 | AG13: =SUM(B13:AF13) -> 40 | AH13: =AVRIL!AH13+AG13 -> 67
A14: POLI | B14: 3 | C14: 0 | D14: 0 | E14: 0 | F14: 0 | G14: 10 | I14: 7 | J14: 3 | N14: 0 | O14: 0 | P14: 8 | R14: 0 | T14: 0 | U14: 10 | V14: 0 | W14: 0 | Z14: 30 | AC14: 0 | AE14: 0 | AF14: 0 | AG14: =SUM(B14:AF14) -> 71 | AH14: =AVRIL!AH14+AG14 -> 201
A15: M-GALKE | B15: 0 | C15: 2 | D15: 0 | E15: 0 | F15: 0 | G15: 39 | I15: 0 | J15: 2 | N15: 0 | O15: 0 | P15: 0 | R15: 0 | T15: 0 | U15: 4 | V15: 15 | W15: 0 | Y15: 5 | Z15: 24 | AC15: 0 | AE15: 0 | AF15: 0 | AG15: =SUM(B15:AF15) -> 91 | AH15: =AVRIL!AH15+AG15 -> 173
A16: TOUBORO | B16: 0 | C16: 0 | D16: 0 | E16: 0 | F16: 0 | G16: 4 | I16: 32 | J16: 0 | N16: 20 | O16: 0 | P16: 6 | R16: 0 | T16: 0 | U16: 0 | V16: 0 | W16: 40 | Y16: 9 | Z16: 0 | AC16: 17 | AE16: 31 | AF16: 0 | AG16: =SUM(B16:AF16) -> 159 | AH16: =AVRIL!AH16+AG16 -> 210
A17: HOME | B17: 0 | C17: 0 | D17: 0 | E17: 0 | F17: 0 | G17: 7 | I17: 4 | J17: 7 | N17: 40 | O17: 0 | P17: 7 | R17: 0 | T17: 0 | U17: 8 | V17: 9 | W17: 1 | Y17: 12 | Z17: 2 | AC17: 20 | AE17: 0 | AF17: 0 | AG17: =SUM(B17:AF17) -> 117 | AH17: =AVRIL!AH17+AG17 -> 185

Sheet JUIN
A1: SODECOTON
A3: PLUVIOMETRIE JOURNALIERE ET MENSUELLE
A5: MOIS DE JUIN 2017
A7: STATION | B7: 1 | C7: 2 | D7: 3 | E7: 4 | F7: 5 | G7: 6 | H7: 7 | I7: 8 | J7: 9 | K7: 10 | L7: 11 | M7: 12 | N7: 13 | O7: 14 | P7: 15 | Q7: 16 | R7: 17 | S7: 18 | T7: 19 | U7: 20 | V7: 21 | W7: 22 | X7: 23 | Y7: 24 | Z7: 25 | AA7: 26 | AB7: 27 | AC7: 28 | AD7: 29 | AE7: 30 | AF7: 31 | AG7: TOTAUX | AH7: CUMUL
A8: MAROUA | B8: 0 | D8: 3 | E8: 0 | F8: 0 | G8: 0 | H8: 21 | K8: 0 | L8: 0 | M8: 92 | N8: 0 | P8: 0 | Q8: 0 | R8: 0 | S8: 0 | U8: 0 | V8: 6 | W8: 3 | X8: 0 | Y8: 0 | AA8: 0 | AB8: 7 | AC8: 0 | AD8: 0 | AE8: 10 | AG8: =SUM(B8:AF8) -> 142 | AH8: =MAI!AH8+AG8 -> 206
A9: KAELE | B9: 0 | D9: 40 | E9: 0 | F9: 0 | G9: 0 | H9: 17 | K9: 0 | L9: 1 | M9: 0 | N9: 0 | P9: 0 | Q9: 0 | R9: 0 | S9: 4 | U9: 0 | V9: 6 | W9: 0 | X9: 3 | Y9: 0 | AA9: 0 | AB9: 2 | AC9: 0 | AD9: 3 | AE9: 0 | AG9: =SUM(B9:AF9) -> 76 | AH9: =MAI!AH9+AG9 -> 178
A10: TCHATIBALI | B10: 0 | D10: 13 | E10: 0 | F10: 0 | G10: 0 | H10: 12 | K10: 0 | L10: 0 | M10: 0 | N10: 0 | P10: 0 | Q10: 0 | R10: 0 | S10: 0 | U10: 10 | V10: 0 | W10: 0 | X10: 0 | Y10: 0 | AA10: 0 | AB10: 14 | AC10: 0 | AD10: 0 | AE10: 0 | AG10: =SUM(B10:AF10) -> 49 | AH10: =MAI!AH10+AG10 -> 175
A11: GUIDER | B11: 0 | D11: 22 | E11: 0 | F11: 0 | G11: 0 | H11: 7 | K11: 0 | L11: 0 | M11: 0 | N11: 0 | P11: 0 | Q11: 0 | R11: 0 | S11: 47 | U11: 0 | V11: 0 | W11: 0 | X11: 0 | Y11: 0 | AA11: 0 | AB11: 23 | AC11: 0 | AD11: 0 | AE11: 0 | AG11: =SUM(B11:AF11) -> 99 | AH11: =MAI!AH11+AG11 -> 187
A12: GAROUA | B12: 2 | D12: 30 | E12: 0 | F12: 0 | G12: 0 | H12: 6 | K12: 0 | L12: 20 | M12: 0 | N12: 30 | P12: 0 | Q12: 8 | R12: 0 | S12: 30 | U12: 0 | V12: 0 | W12: 0 | X12: 13 | Y12: 0 | AA12: 0 | AB12: 0 | AC12: 0 | AD12: 0 | AE12: 40 | AG12: =SUM(B12:AF12) -> 179 | AH12: =MAI!AH12+AG12 -> 438
A13: NGONG | B13: 0 | D13: 0 | E13: 0 | F13: 0 | G13: 8 | H13: 40 | K13: 15 | L13: 0 | M13: 0 | N13: 8 | P13: 0 | Q13: 7 | R13: 0 | S13: 8 | U13: 0 | V13: 2 | W13: 0 | X13: 2 | Y13: 0 | AA13: 2 | AB13: 2 | AC13: 0 | AD13: 0 | AE13: 50 | AG13: =SUM(B13:AF13) -> 144 | AH13: =MAI!AH13+AG13 -> 211
A14: POLI | B14: 27 | D14: 19 | E14: 5 | F14: 0 | G14: 0 | H14: 4 | K14: 5 | L14: 1 | M14: 0 | N14: 4 | P14: 0 | Q14: 44 | R14: 0 | S14: 2 | U14: 13 | V14: 50 | W14: 0 | X14: 12 | Y14: 32 | AA14: 0 | AB14: 5 | AC14: 0 | AD14: 0 | AE14: 40 | AG14: =SUM(B14:AF14) -> 263 | AH14: =MAI!AH14+AG14 -> 464
A15: M-GALKE | B15: 0 | D15: 14 | E15: 20 | F15: 0 | G15: 0 | H15: 60 | K15: 25 | L15: 0 | M15: 0 | N15: 5 | P15: 0 | Q15: 27 | R15: 6 | S15: 3 | U15: 0 | V15: 101 | W15: 0 | X15: 8 | Y15: 0 | AA15: 0 | AB15: 26 | AC15: 0 | AD15: 0 | AE15: 0 | AG15: =SUM(B15:AF15) -> 295 | AH15: =MAI!AH15+AG15 -> 468
A16: TOUBORO | B16: 0 | D16: 10 | E16: 37 | F16: 46 | G16: 0 | H16: 0 | K16: 0 | L16: 26 | M16: 0 | N16: 31 | P16: 2 | Q16: 2 | R16: 10 | S16: 21 | U16: 0 | V16: 49 | W16: 4 | X16: 0 | Y16: 0 | AA16: 0 | AB16: 11 | AC16: 10 | AD16: 3 | AE16: 0 | AG16: =SUM(B16:AF16) -> 262 | AH16: =MAI!AH16+AG16 -> 472
A17: HOME | B17: 7 | D17: 17 | E17: 40 | F17: 0 | G17: 0 | H17: 11 | K17: 20 | L17: 18 | M17: 0 | N17: 3 | P17: 6 | Q17: 15 | R17: 37 | S17: 1 | U17: 10 | V17: 72 | W17: 0 | X17: 5 | Y17: 0 | AA17: 0 | AB17: 2 | AC17: 1 | AD17: 25 | AE17: 7 | AG17: =SUM(B17:AF17) -> 297 | AH17: =MAI!AH17+AG17 -> 482

Sheet JUILLET
A1: SODECOTON
A3: PLUVIOMETRIE JOURNALIERE ET MENSUELLE
A5: MOIS DE JUILLET 2017
A7: STATION | B7: 1 | C7: 2 | D7: 3 | E7: 4 | F7: 5 | G7: 6 | H7: 7 | I7: 8 | J7: 9 | K7: 10 | L7: 11 | M7: 12 | N7: 13 | O7: 14 | P7: 15 | Q7: 16 | R7: 17 | S7: 18 | T7: 19 | U7: 20 | V7: 21 | W7: 22 | X7: 23 | Y7: 24 | Z7: 25 | AA7: 26 | AB7: 27 | AC7: 28 | AD7: 29 | AE7: 30 | AF7: 31 | AG7: TOTAUX | AH7: CUMUL
A8: MAROUA | B8: 0 | C8: 8 | D8: 0 | E8: 59 | F8: 0 | G8: 0 | H8: 0 | I8: 0 | J8: 0 | K8: 3 | L8: 0 | M8: 4 | N8: 5 | O8: 38 | P8: 1 | Q8: 0 | R8: 6 | S8: 0 | U8: 20 | V8: 0 | X8: 7 | Y8: 12 | Z8: 0 | AA8: 1 | AB8: 2 | AC8: 1 | AD8: 0 | AE8: 26 | AF8: 2 | AG8: =SUM(B8:AF8) -> 195 | AH8: =JUIN!AH8+AG8 -> 401
A9: KAELE | B9: 0 | C9: 2 | D9: 13 | E9: 9 | F9: 3 | G9: 0 | H9: 2 | I9: 4 | J9: 0 | K9: 0 | L9: 0 | M9: 1 | N9: 0 | O9: 37 | P9: 0 | Q9: 0 | R9: 0 | S9: 0 | U9: 0 | V9: 36 | X9: 1 | Y9: 0 | Z9: 0 | AA9: 0 | AB9: 0 | AC9: 0 | AD9: 0 | AE9: 0 | AF9: 24 | AG9: =SUM(B9:AF9) -> 132 | AH9: =JUIN!AH9+AG9 -> 310
A10: TCHATIBALI | B10: 0 | C10: 0 | D10: 0 | E10: 26 | F10: 4 | G10: 0 | H10: 36 | I10: 3 | J10: 0 | K10: 18 | L10: 0 | M10: 4 | N10: 0 | O10: 3 | P10: 0 | Q10: 0 | R10: 0 | S10: 0 | U10: 8 | V10: 0 | X10: 56 | Y10: 13 | Z10: 4 | AA10: 0 | AB10: 0 | AC10: 0 | AD10: 0 | AE10: 71 | AF10: 0 | AG10: =SUM(B10:AF10) -> 246 | AH10: =JUIN!AH10+AG10 -> 421
A11: GUIDER | B11: 0 | C11: 0 | D11: 4 | E11: 3 | F11: 0 | G11: 0 | H11: 8 | I11: 8 | J11: 0 | K11: 18 | L11: 11 | M11: 0 | N11: 0 | O11: 26 | P11: 0 | Q11: 0 | R11: 0 | S11: 0 | U11: 0 | V11: 26 | X11: 0 | Y11: 0 | Z11: 0 | AA11: 10 | AB11: 0 | AC11: 0 | AD11: 0 | AE11: 6 | AF11: 0 | AG11: =SUM(B11:AF11) -> 120 | AH11: =JUIN!AH11+AG11 -> 307
A12: GAROUA | B12: 1 | C12: 0 | D12: 0 | E12: 35 | F12: 0 | G12: 0 | H12: 0 | I12: 25 | J12: 0 | K12: 9 | L12: 0 | M12: 0 | N12: 12 | O12: 0 | P12: 2 | Q12: 0 | R12: 1 | S12: 5 | U12: 0 | V12: 40 | X12: 0 | Y12: 3 | Z12: 0 | AA12: 0 | AB12: 0 | AC12: 1 | AD12: 6 | AE12: 25 | AF12: 0 | AG12: =SUM(B12:AF12) -> 165 | AH12: =JUIN!AH12+AG12 -> 603
A13: NGONG | B13: 0 | C13: 0 | D13: 0 | E13: 37 | F13: 0 | G13: 0 | H13: 0 | I13: 15 | J13: 0 | K13: 3 | L13: 0 | M13: 0 | N13: 8 | O13: 0 | P13: 0 | Q13: 0 | R13: 0 | S13: 10 | U13: 0 | V13: 15 | X13: 0 | Y13: 5 | Z13: 0 | AA13: 0 | AB13: 12 | AC13: 0 | AD13: 0 | AE13: 23 | AF13: 18 | AG13: =SUM(B13:AF13) -> 146 | AH13: =JUIN!AH13+AG13 -> 357
A14: POLI | B14: 0 | C14: 21 | D14: 0 | E14: 17 | F14: 0 | G14: 7 | H14: 0 | I14: 47 | J14: 0 | K14: 5 | L14: 0 | M14: 12 | N14: 34 | O14: 0 | P14: 0 | Q14: 0 | R14: 66 | S14: 1 | U14: 6 | V14: 34 | X14: 0 | Y14: 0 | Z14: 0 | AA14: 0 | AB14: 0 | AC14: 15 | AD14: 0 | AE14: 95 | AF14: 2 | AG14: =SUM(B14:AF14) -> 362 | AH14: =JUIN!AH14+AG14 -> 826
A15: M-GALKE | B15: 27 | C15: 0 | D15: 0 | E15: 13 | F15: 0 | G15: 0 | H15: 0 | I15: 4 | J15: 0 | K15: 0 | L15: 0 | M15: 4 | N15: 0 | O15: 2 | P15: 0 | Q15: 0 | R15: 28 | S15: 0 | U15: 44 | V15: 71 | X15: 0 | Y15: 35 | Z15: 0 | AA15: 0 | AB15: 0 | AC15: 11 | AD15: 0 | AE15: 38 | AF15: 10 | AG15: =SUM(B15:AF15) -> 287 | AH15: =JUIN!AH15+AG15 -> 755
A16: TOUBORO | B16: 20 | C16: 0 | D16: 0 | E16: 18 | F16: 2 | G16: 0 | H16: 4 | I16: 31 | J16: 25 | K16: 47 | L16: 20 | M16: 0 | N16: 0 | O16: 29 | P16: 0 | Q16: 8 | R16: 11 | S16: 0 | U16: 49 | V16: 1 | X16: 50 | Y16: 4 | Z16: 4 | AA16: 0 | AB16: 0 | AC16: 25 | AD16: 0 | AE16: 24 | AF16: 0 | AG16: =SUM(B16:AF16) -> 372 | AH16: =JUIN!AH16+AG16 -> 844
A17: HOME | B17: 6 | C17: 5 | D17: 0 | E17: 5 | F17: 2 | G17: 0 | H17: 55 | I17: 11 | J17: 6 | K17: 64 | L17: 1 | M17: 0 | N17: 0 | O17: 11 | P17: 0 | Q17: 20 | R17: 51 | S17: 0 | U17: 0 | V17: 30 | X17: 0 | Y17: 8 | Z17: 61 | AA17: 0 | AB17: 5 | AC17: 35 | AD17: 1 | AE17: 18 | AF17: 3 | AG17: =SUM(B17:AF17) -> 398 | AH17: =JUIN!AH17+AG17 -> 880

Sheet AOÛT
A1: SODECOTON
A3: PLUVIOMETRIE JOURNALIERE ET MENSUELLE
A5: MOIS D'AOÛT 2017
A7: STATION | B7: 1 | C7: 2 | D7: 3 | E7: 4 | F7: 5 | G7: 6 | H7: 7 | I7: 8 | J7: 9 | K7: 10 | L7: 11 | M7: 12 | N7: 13 | O7: 14 | P7: 15 | Q7: 16 | R7: 17 | S7: 18 | T7: 19 | U7: 20 | V7: 21 | W7: 22 | X7: 23 | Y7: 24 | Z7: 25 | AA7: 26 | AB7: 27 | AC7: 28 | AD7: 29 | AE7: 30 | AF7: 31 | AG7: TOTAUX | AH7: CUMUL
A8: MAROUA | D8: 22 | E8: 0 | G8: 0 | H8: 4 | I8: 23 | J8: 2 | K8: 3 | L8: 3 | M8: 16 | N8: 0 | O8: 0 | P8: 0 | Q8: 16 | S8: 0 | U8: 19 | V8: 1 | W8: 0 | X8: 0 | Y8: 0 | Z8: 0 | AA8: 0 | AB8: 11 | AC8: 0 | AD8: 14 | AE8: 0 | AF8: 0 | AG8: =SUM(B8:AF8) -> 134 | AH8: =JUILLET!AH8+AG8 -> 535
A9: KAELE | D9: 31 | E9: 0 | G9: 0 | H9: 0 | I9: 25 | J9: 10 | K9: 1 | L9: 14 | M9: 4 | N9: 7 | O9: 0 | P9: 1 | Q9: 11 | S9: 0 | U9: 29 | V9: 66 | W9: 6 | X9: 1 | Y9: 0 | Z9: 1 | AA9: 0 | AB9: 4 | AC9: 1 | AD9: 1 | AE9: 3 | AF9: 0 | AG9: =SUM(B9:AF9) -> 216 | AH9: =JUILLET!AH9+AG9 -> 526
A10: TCHATIBALI | D10: 50 | E10: 0 | G10: 0 | H10: 0 | I10: 9 | J10: 12 | K10: 1 | L10: 7 | M10: 25 | N10: 50 | O10: 0 | P10: 2 | Q10: 42 | S10: 0 | U10: 12 | V10: 21 | W10: 8 | X10: 0 | Y10: 1 | Z10: 0 | AA10: 0 | AB10: 7 | AC10: 0 | AD10: 4 | AE10: 0 | AF10: 0 | AG10: =SUM(B10:AF10) -> 251 | AH10: =JUILLET!AH10+AG10 -> 672
A11: GUIDER | D11: 31 | E11: 0 | G11: 0 | H11: 0 | I11: 1 | J11: 0 | K11: 0 | L11: 1 | M11: 0 | N11: 7 | O11: 0 | P11: 0 | Q11: 6 | S11: 0 | U11: 23 | V11: 0 | W11: 55 | X11: 0 | Y11: 2 | Z11: 0 | AA11: 0 | AB11: 25 | AC11: 0 | AD11: 2 | AE11: 0 | AF11: 1 | AG11: =SUM(B11:AF11) -> 154 | AH11: =JUILLET!AH11+AG11 -> 461
A12: GAROUA | D12: 30 | E12: 0 | G12: 2 | H12: 0 | I12: 25 | J12: 0 | K12: 3 | L12: 0 | M12: 0 | N12: 2 | O12: 0 | P12: 13 | Q12: 4 | S12: 0 | U12: 23 | V12: 1 | W12: 1 | X12: 0 | Y12: 14 | Z12: 14 | AA12: 2 | AB12: 10 | AC12: 0 | AD12: 3 | AE12: 5 | AF12: 0 | AG12: =SUM(B12:AF12) -> 152 | AH12: =JUILLET!AH12+AG12 -> 755
A13: NGONG | D13: 31 | E13: 0 | G13: 16 | H13: 0 | I13: 2 | J13: 0 | K13: 5 | L13: 0 | M13: 0 | N13: 5 | O13: 0 | P13: 0 | Q13: 25 | S13: 0 | U13: 4 | V13: 3 | W13: 0 | X13: 0 | Y13: 0 | Z13: 40 | AB13: 3 | AC13: 0 | AD13: 5 | AE13: 3 | AF13: 0 | AG13: =SUM(B13:AF13) -> 142 | AH13: =JUILLET!AH13+AG13 -> 499
A14: POLI | D14: 15 | E14: 0 | G14: 55 | H14: 15 | I14: 36 | J14: 0 | K14: 11 | L14: 3 | M14: 26 | N14: 8 | O14: 0 | P14: 0 | Q14: 16 | S14: 0 | U14: 65 | V14: 38 | W14: 2 | X14: 2 | Y14: 0 | Z14: 48 | AB14: 4 | AC14: 0 | AD14: 24 | AE14: 0 | AF14: 2 | AG14: =SUM(B14:AF14) -> 370 | AH14: =JUILLET!AH14+AG14 -> 1196
A15: M-GALKE | D15: 15 | E15: 0 | G15: 7 | H15: 0 | I15: 0 | J15: 0 | K15: 0 | L15: 0 | M15: 0 | N15: 55 | O15: 0 | P15: 0 | Q15: 0 | S15: 0 | U15: 2 | V15: 40 | W15: 1 | X15: 0 | Y15: 0 | Z15: 5 | AA15: 1 | AB15: 47 | AC15: 0 | AD15: 3 | AE15: 0 | AF15: 0 | AG15: =SUM(B15:AF15) -> 176 | AH15: =JUILLET!AH15+AG15 -> 931
A16: TOUBORO | D16: 17 | E16: 2 | G16: 2 | H16: 1 | I16: 39 | J16: 0 | K16: 5 | L16: 0 | M16: 63 | N16: 0 | O16: 0 | P16: 0 | Q16: 3 | S16: 3 | U16: 46 | V16: 13 | W16: 0 | X16: 0 | Y16: 14 | Z16: 6 | AA16: 10 | AB16: 12 | AC16: 0 | AD16: 43 | AE16: 15 | AF16: 0 | AG16: =SUM(B16:AF16) -> 294 | AH16: =JUILLET!AH16+AG16 -> 1138
A17: HOME | D17: 25 | E17: 0 | G17: 0 | H17: 0 | I17: 13 | J17: 0 | K17: 19 | L17: 2 | M17: 0 | N17: 96 | O17: 2 | P17: 2 | Q17: 3 | S17: 0 | U17: 6 | V17: 45 | W17: 7 | X17: 0 | Y17: 25 | Z17: 4 | AA17: 8 | AB17: 13 | AC17: 0 | AD17: 9 | AE17: 3 | AF17: 0 | AG17: =SUM(B17:AF17) -> 282 | AH17: =JUILLET!AH17+AG17 -> 1162

Sheet SEPTEMBRE
A1: SODECOTON
A3: PLUVIOMETRIE JOURNALIERE ET MENSUELLE
A5: MOIS DE SEPTEMBRE 2017
A7: STATION | B7: 1 | C7: 2 | D7: 3 | E7: 4 | F7: 5 | G7: 6 | H7: 7 | I7: 8 | J7: 9 | K7: 10 | L7: 11 | M7: 12 | N7: 13 | O7: 14 | P7: 15 | Q7: 16 | R7: 17 | S7: 18 | T7: 19 | U7: 20 | V7: 21 | W7: 22 | X7: 23 | Y7: 24 | Z7: 25 | AA7: 26 | AB7: 27 | AC7: 28 | AD7: 29 | AE7: 30 | AF7: 31 | AG7: TOTAUX | AH7: CUMUL
A8: MAROUA | B8: 0 | C8: 0 | D8: 8 | E8: 0 | F8: 3 | G8: 0 | H8: 0 | I8: 0 | J8: 0 | K8: 4 | L8: 0 | M8: 0 | N8: 0 | O8: 4 | P8: 44 | Q8: 0 | R8: 7 | S8: 0 | T8: 0 | U8: 0 | V8: 3 | W8: 11 | X8: 4 | Y8: 0 | Z8: 2 | AA8: 0 | AB8: 0 | AD8: 0 | AG8: =SUM(B8:AF8) -> 90 | AH8: =AOÛT!AH8+AG8 -> 625
A9: KAELE | B9: 0 | C9: 0 | D9: 0 | E9: 18 | F9: 0 | G9: 6 | H9: 9 | I9: 1 | J9: 0 | K9: 16 | L9: 0 | M9: 7 | N9: 0 | O9: 0 | P9: 75 | Q9: 4 | R9: 30 | S9: 0 | T9: 3 | U9: 0 | V9: 1 | W9: 4 | X9: 6 | Y9: 0 | Z9: 4 | AA9: 0 | AB9: 0 | AD9: 27 | AG9: =SUM(B9:AF9) -> 211 | AH9: =AOÛT!AH9+AG9 -> 737
A10: TCHATIBALI | B10: 0 | C10: 0 | D10: 0 | E10: 11 | F10: 3 | G10: 5 | H10: 2 | I10: 2 | J10: 0 | K10: 8 | L10: 0 | M10: 40 | N10: 0 | O10: 0 | P10: 3 | Q10: 40 | R10: 12 | S10: 0 | T10: 0 | U10: 0 | V10: 14 | W10: 0 | X10: 3 | Y10: 0 | Z10: 0 | AA10: 0 | AB10: 0 | AD10: 15 | AG10: =SUM(B10:AF10) -> 158 | AH10: =AOÛT!AH10+AG10 -> 830
A11: GUIDER | B11: 4 | C11: 0 | D11: 0 | E11: 0 | F11: 0 | G11: 8 | H11: 15 | I11: 0 | J11: 0 | K11: 9 | L11: 0 | M11: 0 | N11: 0 | O11: 0 | P11: 10 | Q11: 0 | R11: 26 | S11: 0 | T11: 23 | U11: 0 | V11: 1 | W11: 0 | X11: 23 | Y11: 0 | Z11: 0 | AA11: 0 | AB11: 0 | AD11: 8 | AG11: =SUM(B11:AF11) -> 127 | AH11: =AOÛT!AH11+AG11 -> 588
A12: GAROUA | B12: 0 | C12: 0 | D12: 0 | E12: 0 | F12: 0 | G12: 5 | H12: 7 | I12: 3 | J12: 0 | K12: 6 | L12: 0 | M12: 30 | N12: 0 | O12: 0 | P12: 0 | Q12: 0 | R12: 70 | S12: 0 | T12: 32 | U12: 4 | V12: 28 | W12: 0 | X12: 32 | Y12: 0 | Z12: 0 | AA12: 0 | AB12: 5 | AD12: 22 | AG12: =SUM(B12:AF12) -> 244 | AH12: =AOÛT!AH12+AG12 -> 999
A13: NGONG | B13: 0 | C13: 0 | D13: 40 | E13: 0 | F13: 2 | G13: 9 | H13: 7 | I13: 27 | J13: 0 | K13: 6 | L13: 0 | M13: 8 | N13: 0 | O13: 0 | P13: 0 | Q13: 0 | R13: 77 | S13: 0 | T13: 51 | U13: 6 | V13: 17 | W13: 0 | X13: 0 | Y13: 0 | Z13: 50 | AA13: 0 | AB13: 5 | AD13: 31 | AG13: =SUM(B13:AF13) -> 336 | AH13: =AOÛT!AH13+AG13 -> 835
A14: POLI | B14: 0 | C14: 17 | D14: 47 | E14: 0 | F14: 10 | G14: 15 | H14: 35 | I14: 3 | J14: 0 | K14: 6 | L14: 0 | M14: 22 | N14: 0 | O14: 3 | P14: 0 | Q14: 0 | R14: 30 | S14: 0 | T14: 26 | U14: 3 | V14: 27 | W14: 0 | X14: 4 | Y14: 0 | Z14: 8 | AA14: 14 | AB14: 17 | AD14: 9 | AG14: =SUM(B14:AF14) -> 296 | AH14: =AOÛT!AH14+AG14 -> 1492
A15: M-GALKE | B15: 0 | C15: 36 | D15: 0 | E15: 0 | F15: 0 | G15: 24 | H15: 35 | I15: 24 | J15: 0 | K15: 10 | L15: 0 | M15: 1 | N15: 0 | O15: 0 | P15: 55 | Q15: 22 | R15: 10 | S15: 0 | T15: 12 | U15: 8 | V15: 8 | W15: 0 | X15: 7 | Y15: 0 | Z15: 8 | AA15: 14 | AB15: 11 | AD15: 10 | AG15: =SUM(B15:AF15) -> 295 | AH15: =AOÛT!AH15+AG15 -> 1226
A16: TOUBORO | B16: 31 | C16: 2 | D16: 64 | E16: 11 | F16: 30 | G16: 2 | H16: 8 | I16: 44 | J16: 0 | K16: 0 | L16: 0 | M16: 1 | N16: 3 | O16: 95 | P16: 9 | Q16: 38 | R16: 9 | S16: 1 | T16: 36 | U16: 0 | V16: 9 | W16: 0 | X16: 8 | Y16: 5 | Z16: 10 | AA16: 19 | AB16: 4 | AD16: 0 | AG16: =SUM(B16:AF16) -> 439 | AH16: =AOÛT!AH16+AG16 -> 1577
A17: HOME | B17: 0 | C17: 18 | D17: 0 | E17: 0 | F17: 5 | G17: 8 | H17: 15 | I17: 4 | J17: 0 | K17: 19 | L17: 0 | M17: 0 | N17: 7 | O17: 22 | P17: 6 | Q17: 0 | R17: 19 | S17: 0 | T17: 22 | U17: 6 | V17: 35 | W17: 0 | X17: 28 | Y17: 0 | Z17: 9 | AA17: 0 | AB17: 45 | AD17: 12 | AG17: =SUM(B17:AF17) -> 280 | AH17: =AOÛT!AH17+AG17 -> 1442

Sheet OCTOBRE
A1: SODECOTON
A3: PLUVIOMETRIE JOURNALIERE ET MENSUELLE
A5: MOIS D'OCTOBRE 2017
A7: STATION | B7: 1 | C7: 2 | D7: 3 | E7: 4 | F7: 5 | G7: 6 | H7: 7 | I7: 8 | J7: 9 | K7: 10 | L7: 11 | M7: 12 | N7: 13 | O7: 14 | P7: 15 | Q7: 16 | R7: 17 | S7: 18 | T7: 19 | U7: 20 | V7: 21 | W7: 22 | X7: 23 | Y7: 24 | Z7: 25 | AA7: 26 | AB7: 27 | AC7: 28 | AD7: 29 | AE7: 30 | AF7: 31 | AG7: TOTAUX | AH7: CUMUL
A8: MAROUA | C8: 0 | D8: 0 | E8: 0 | F8: 0 | G8: 7 | J8: 0 | L8: 1 | Q8: 0 | R8: 0 | AA8: 0 | AF8: 0 | AG8: =SUM(B8:AF8) -> 8 | AH8: =SEPTEMBRE!AH8+AG8 -> 633
A9: KAELE | C9: 0 | D9: 5 | E9: 0 | F9: 0 | G9: 0 | J9: 0 | L9: 4 | Q9: 0 | R9: 0 | AA9: 0 | AF9: 0 | AG9: =SUM(B9:AF9) -> 9 | AH9: =SEPTEMBRE!AH9+AG9 -> 746
A10: TCHATIBALI | C10: 0 | D10: 5 | E10: 0 | F10: 0 | G10: 2 | J10: 0 | L10: 20 | Q10: 0 | R10: 0 | AA10: 0 | AF10: 0 | AG10: =SUM(B10:AF10) -> 27 | AH10: =SEPTEMBRE!AH10+AG10 -> 857
A11: GUIDER | C11: 0 | D11: 3 | E11: 0 | F11: 0 | G11: 0 | J11: 0 | L11: 1 | Q11: 0 | R11: 0 | AA11: 0 | AF11: 0 | AG11: =SUM(B11:AF11) -> 4 | AH11: =SEPTEMBRE!AH11+AG11 -> 592
A12: GAROUA | C12: 0 | D12: 14 | E12: 0 | F12: 0 | G12: 0 | J12: 0 | L12: 1 | Q12: 0 | R12: 0 | AA12: 0 | AF12: 0 | AG12: =SUM(B12:AF12) -> 15 | AH12: =SEPTEMBRE!AH12+AG12 -> 1014
A13: NGONG | C13: 0 | D13: 18 | E13: 0 | F13: 0 | G13: 0 | J13: 0 | L13: 3 | Q13: 0 | R13: 0 | AA13: 0 | AF13: 0 | AG13: =SUM(B13:AF13) -> 21 | AH13: =SEPTEMBRE!AH13+AG13 -> 856
A14: POLI | C14: 0 | D14: 19 | E14: 0 | F14: 7 | G14: 0 | J14: 0 | L14: 48 | Q14: 0 | R14: 0 | AA14: 0 | AF14: 0 | AG14: =SUM(B14:AF14) -> 74 | AH14: =SEPTEMBRE!AH14+AG14 -> 1566
A15: M-GALKE | C15: 0 | D15: 9 | E15: 8 | F15: 8 | G15: 0 | J15: 0 | L15: 4 | Q15: 0 | R15: 1 | AA15: 0 | AF15: 0 | AG15: =SUM(B15:AF15) -> 30 | AH15: =SEPTEMBRE!AH15+AG15 -> 1256
A16: TOUBORO | C16: 24 | D16: 1 | E16: 1 | F16: 4 | G16: 0 | J16: 13 | L16: 2 | Q16: 3 | R16: 21 | AA16: 2 | AF16: 1 | AG16: =SUM(B16:AF16) -> 72 | AH16: =SEPTEMBRE!AH16+AG16 -> 1649
A17: HOME | C17: 0 | D17: 19 | E17: 0 | F17: 12 | G17: 0 | J17: 5 | L17: 0 | Q17: 15 | R17: 0 | AA17: 0 | AF17: 0 | AG17: =SUM(B17:AF17) -> 51 | AH17: =SEPTEMBRE!AH17+AG17 -> 1493

Sheet NOVEMBRE
A1: SODECOTON
A3: PLUVIOMETRIE JOURNALIERE ET MENSUELLE
A5: MOIS DE NOVEMBRE 2017
A7: STATION | B7: 1 | C7: 2 | D7: 3 | E7: 4 | F7: 5 | G7: 6 | H7: 7 | I7: 8 | J7: 9 | K7: 10 | L7: 11 | M7: 12 | N7: 13 | O7: 14 | P7: 15 | Q7: 16 | R7: 17 | S7: 18 | T7: 19 | U7: 20 | V7: 21 | W7: 22 | X7: 23 | Y7: 24 | Z7: 25 | AA7: 26 | AB7: 27 | AC7: 28 | AD7: 29 | AE7: 30 | AF7: 31 | AG7: TOTAUX | AH7: CUMUL
A8: MAROUA | T8: 0 | AG8: =SUM(B8:AF8) -> 0 | AH8: =OCTOBRE!AH8+AG8 -> 633
A9: KAELE | T9: 0 | AG9: =SUM(B9:AF9) -> 0 | AH9: =OCTOBRE!AH9+AG9 -> 746
A10: TCHATIBALI | T10: 0 | AG10: =SUM(B10:AF10) -> 0 | AH10: =OCTOBRE!AH10+AG10 -> 857
A11: GUIDER | T11: 0 | AG11: =SUM(B11:AF11) -> 0 | AH11: =OCTOBRE!AH11+AG11 -> 592
A12: GAROUA | T12: 0 | AG12: =SUM(B12:AF12) -> 0 | AH12: =OCTOBRE!AH12+AG12 -> 1014
A13: NGONG | T13: 0 | AG13: =SUM(B13:AF13) -> 0 | AH13: =OCTOBRE!AH13+AG13 -> 856
A14: POLI | T14: 0 | AG14: =SUM(B14:AF14) -> 0 | AH14: =OCTOBRE!AH14+AG14 -> 1566
A15: M-GALKE | T15: 0 | AG15: =SUM(B15:AF15) -> 0 | AH15: =OCTOBRE!AH15+AG15 -> 1256
A16: TOUBORO | T16: 0 | AG16: =SUM(B16:AF16) -> 0 | AH16: =OCTOBRE!AH16+AG16 -> 1649
A17: HOME | T17: 14 | AG17: =SUM(B17:AF17) -> 14 | AH17: =OCTOBRE!AH17+AG17 -> 1507
