Workbook

Sheet IMPRIME
A1: SODECOTON
A3: PLUVIOMETRIE JOURNALIERE ET MENSUELLE
A5: MOIS DE :_________________________________________
A7: STATION | B7: 1 | C7: 2 | D7: 3 | E7: 4 | F7: 5 | G7: 6 | H7: 7 | I7: 8 | J7: 9 | K7: 10 | L7: 11 | M7: 12 | N7: 13 | O7: 14 | P7: 15 | Q7: 16 | R7: 17 | S7: 18 | T7: 19 | U7: 20 | V7: 21 | W7: 22 | X7: 23 | Y7: 24 | Z7: 25 | AA7: 26 | AB7: 27 | AC7: 28 | AD7: 29 | AE7: 30 | AF7: 31 | AG7: TOTAUX
A8: MAROUA
A9: KAELE
A10: TCHATIBALI
A11: GUIDER
A12: GAROUA
A13: NGONG
A14: MAYO-GALKE
A15: TOUBOURO
A16: HOME

Sheet FEVRIER
A1: SODECOTON
A3: PLUVIOMETRIE JOURNALIERE ET MENSUELLE
A5: MOIS DE FEVRIER 2019
A7: STATION | B7: 1 | C7: 2 | D7: 3 | E7: 4 | F7: 5 | G7: 6 | H7: 7 | I7: 8 | J7: 9 | K7: 10 | L7: 11 | M7: 12 | N7: 13 | O7: 14 | P7: 15 | Q7: 16 | R7: 17 | S7: 18 | T7: 19 | U7: 20 | V7: 21 | W7: 22 | X7: 23 | Y7: 24 | Z7: 25 | AA7: 26 | AB7: 27 | AC7: 28 | AD7: 29 | AE7: 30 | AF7: 31 | AG7: TOTAUX | AH7: CUMUL
A8: MAROUA | Y8: 0 | Z8: 0 | AG8: =SUM(B8:AF8) -> 0 | AH8: =AG8 -> 0
A9: KAELE | Y9: 0 | Z9: 0 | AG9: =SUM(B9:AF9) -> 0 | AH9: =AG9 -> 0
A10: TCHATIBALI | Y10: 2 | Z10: 0 | AG10: =SUM(B10:AF10) -> 2 | AH10: =AG10 -> 2
A11: GUIDER | Y11: 3 | Z11: 0 | AG11: =SUM(B11:AF11) -> 3 | AH11: =AG11 -> 3
A12: GAROUA | Y12: 0 | Z12: 0 | AG12: =SUM(B12:AF12) -> 0 | AH12: =AG12 -> 0
A13: NGONG | Y13: 0 | Z13: 0 | AG13: =SUM(B13:AF13) -> 0 | AH13: =AG13 -> 0
A14: POLI | Y14: 25 | Z14: 0 | AG14: =SUM(B14:AF14) -> 25 | AH14: =AG14 -> 25
A15: M-GALKE | Y15: 30 | Z15: 0 | AG15: =SUM(B15:AF15) -> 30 | AH15: =AG15 -> 30
A16: TOUBORO | Y16: 4 | Z16: 3 | AG16: =SUM(B16:AF16) -> 7 | AH16: =AG16 -> 7
A17: HOME | Y17: 25 | Z17: 16 | AG17: =SUM(B17:AF17) -> 41 | AH17: =AG17 -> 41

Sheet MARS
A1: SODECOTON
A3: PLUVIOMETRIE JOURNALIERE ET MENSUELLE
A5: MOIS DE MARS 2019
A7: STATION | B7: 1 | C7: 2 | D7: 3 | E7: 4 | F7: 5 | G7: 6 | H7: 7 | I7: 8 | J7: 9 | K7: 10 | L7: 11 | M7: 12 | N7: 13 | O7: 14 | P7: 15 | Q7: 16 | R7: 17 | S7: 18 | T7: 19 | U7: 20 | V7: 21 | W7: 22 | X7: 23 | Y7: 24 | Z7: 25 | AA7: 26 | AB7: 27 | AC7: 28 | AD7: 29 | AE7: 30 | AF7: 31 | AG7: TOTAUX | AH7: CUMUL
A8: MAROUA | AG8: =SUM(B8:AF8) -> 0 | AH8: =FEVRIER!AH8+AG8 -> 0
A9: KAELE | AG9: =SUM(B9:AF9) -> 0 | AH9: =FEVRIER!AH9+AG9 -> 0
A10: TCHATIBALI | AG10: =SUM(B10:AF10) -> 0 | AH10: =FEVRIER!AH10+AG10 -> 2
A11: GUIDER | AG11: =SUM(B11:AF11) -> 0 | AH11: =FEVRIER!AH11+AG11 -> 3
A12: GAROUA | AG12: =SUM(B12:AF12) -> 0 | AH12: =FEVRIER!AH12+AG12 -> 0
A13: NGONG | AG13: =SUM(B13:AF13) -> 0 | AH13: =FEVRIER!AH13+AG13 -> 0
A14: POLI | AG14: =SUM(B14:AF14) -> 0 | AH14: =FEVRIER!AH14+AG14 -> 25
A15: M-GALKE | AG15: =SUM(B15:AF15) -> 0 | AH15: =FEVRIER!AH15+AG15 -> 30
A16: TOUBORO | AG16: =SUM(B16:AF16) -> 0 | AH16: =FEVRIER!AH16+AG16 -> 7
A17: HOME | AG17: =SUM(B17:AF17) -> 0 | AH17: =FEVRIER!AH17+AG17 -> 41

Sheet AVRIL
A1: SODECOTON
A3: PLUVIOMETRIE JOURNALIERE ET MENSUELLE
A5: MOIS D'AVRIL 2019
A7: STATION | B7: 1 | C7: 2 | D7: 3 | E7: 4 | F7: 5 | G7: 6 | H7: 7 | I7: 8 | J7: 9 | K7: 10 | L7: 11 | M7: 12 | N7: 13 | O7: 14 | P7: 15 | Q7: 16 | R7: 17 | S7: 18 | T7: 19 | U7: 20 | V7: 21 | W7: 22 | X7: 23 | Y7: 24 | Z7: 25 | AA7: 26 | AB7: 27 | AC7: 28 | AD7: 29 | AE7: 30 | AF7: 31 | AG7: TOTAUX | AH7: CUMUL
A8: MAROUA | E8: 0 | N8: 5 | O8: 0 | AE8: 0 | AG8: =SUM(B8:AF8) -> 5 | AH8: =MARS!AH8+AG8 -> 5
A9: KAELE | E9: 0 | O9: 0 | AE9: 0 | AG9: =SUM(B9:AF9) -> 0 | AH9: =MARS!AH9+AG9 -> 0
A10: TCHATIBALI | E10: 0 | O10: 0 | Y10: 2 | AE10: 1 | AG10: =SUM(B10:AF10) -> 3 | AH10: =MARS!AH10+AG10 -> 5
A11: GUIDER | E11: 0 | O11: 0 | W11: 3 | AE11: 0 | AG11: =SUM(B11:AF11) -> 3 | AH11: =MARS!AH11+AG11 -> 6
A12: GAROUA | E12: 0 | N12: 2 | O12: 0 | P12: 20 | AE12: 1 | AG12: =SUM(B12:AF12) -> 23 | AH12: =MARS!AH12+AG12 -> 23
A13: NGONG | E13: 0 | N13: 25 | O13: 0 | P13: 11 | Y13: 11 | AE13: 1 | AG13: =SUM(B13:AF13) -> 48 | AH13: =MARS!AH13+AG13 -> 48
A14: POLI | E14: 0 | G14: 12 | I14: 14 | N14: 13 | O14: 2 | P14: 4 | V14: 10 | W14: 22 | X14: 4 | AE14: 0 | AG14: =SUM(B14:AF14) -> 81 | AH14: =MARS!AH14+AG14 -> 106
A15: M-GALKE | E15: 0 | O15: 0 | P15: 11 | AE15: 10 | AG15: =SUM(B15:AF15) -> 21 | AH15: =MARS!AH15+AG15 -> 51
A16: TOUBORO | E16: 2 | G16: 2 | I16: 2 | J16: 2 | O16: 0 | P16: 2 | Q16: 5 | Y16: 9 | AE16: 6 | AG16: =SUM(B16:AF16) -> 30 | AH16: =MARS!AH16+AG16 -> 37
A17: HOME | E17: 2 | G17: 2 | H17: 4 | I17: 6 | J17: 6 | N17: 6 | O17: 0 | P17: 56 | Q17: 1 | AE17: 7 | AG17: =SUM(B17:AF17) -> 90 | AH17: =MARS!AH17+AG17 -> 131

Sheet MAI
A1: SODECOTON
A3: PLUVIOMETRIE JOURNALIERE ET MENSUELLE
A5: MOIS DE MAI 2019
A7: STATION | B7: 1 | C7: 2 | D7: 3 | E7: 4 | F7: 5 | G7: 6 | H7: 7 | I7: 8 | J7: 9 | K7: 10 | L7: 11 | M7: 12 | N7: 13 | O7: 14 | P7: 15 | Q7: 16 | R7: 17 | S7: 18 | T7: 19 | U7: 20 | V7: 21 | W7: 22 | X7: 23 | Y7: 24 | Z7: 25 | AA7: 26 | AB7: 27 | AC7: 28 | AD7: 29 | AE7: 30 | AF7: 31 | AG7: TOTAUX | AH7: CUMUL
A8: MAROUA | B8: 0 | C8: 20 | D8: 0 | E8: 0 | F8: 0 | G8: 0 | H8: 0 | I8: 0 | J8: 21 | K8: 0 | L8: 1 | M8: 0 | N8: 0 | O8: 0 | P8: 0 | Q8: 0 | R8: 0 | S8: 9 | T8: 2 | U8: 32 | V8: 0 | W8: 0 | X8: 0 | Y8: 0 | Z8: 0 | AA8: 7 | AB8: 0 | AC8: 0 | AD8: 24 | AE8: 0 | AF8: 0 | AG8: =SUM(B8:AF8) -> 116 | AH8: =AVRIL!AH8+AG8 -> 121
A9: KAELE | B9: 0 | C9: 7 | D9: 1 | E9: 0 | F9: 0 | G9: 0 | H9: 2 | I9: 0 | J9: 7 | K9: 0 | L9: 5 | M9: 0 | N9: 0 | O9: 0 | P9: 0 | Q9: 0 | R9: 0 | S9: 0 | T9: 0 | U9: 26 | V9: 1 | W9: 0 | X9: 0 | Y9: 0 | Z9: 0 | AA9: 33 | AB9: 0 | AC9: 0 | AD9: 10 | AE9: 0 | AF9: 0 | AG9: =SUM(B9:AF9) -> 92 | AH9: =AVRIL!AH9+AG9 -> 92
A10: TCHATIBALI | B10: 0 | C10: 1 | D10: 5 | E10: 0 | F10: 0 | G10: 0 | H10: 0 | I10: 0 | J10: 4 | K10: 0 | L10: 17 | M10: 0 | N10: 0 | O10: 0 | P10: 0 | Q10: 0 | R10: 0 | S10: 0 | T10: 0 | U10: 27 | V10: 0 | W10: 0 | X10: 0 | Y10: 0 | Z10: 0 | AA10: 2 | AB10: 0 | AC10: 0 | AD10: 15 | AE10: 2 | AF10: 0 | AG10: =SUM(B10:AF10) -> 73 | AH10: =AVRIL!AH10+AG10 -> 78
A11: GUIDER | B11: 0 | C11: 16 | D11: 2 | E11: 0 | F11: 0 | G11: 0 | H11: 2 | I11: 0 | J11: 3 | K11: 0 | L11: 1 | M11: 0 | N11: 0 | O11: 1 | P11: 0 | Q11: 0 | R11: 0 | S11: 0 | T11: 0 | U11: 10 | V11: 0 | W11: 0 | X11: 0 | Y11: 0 | Z11: 0 | AA11: 50 | AB11: 0 | AC11: 0 | AD11: 14 | AE11: 0 | AF11: 0 | AG11: =SUM(B11:AF11) -> 99 | AH11: =AVRIL!AH11+AG11 -> 105
A12: GAROUA | B12: 0 | C12: 0 | D12: 3 | E12: 0 | F12: 0 | G12: 3 | H12: 0 | I12: 10 | J12: 0 | K12: 0 | L12: 0 | M12: 1 | N12: 0 | O12: 1 | P12: 0 | Q12: 0 | R12: 0 | S12: 6 | T12: 0 | U12: 8 | V12: 0 | W12: 0 | X12: 0 | Y12: 0 | Z12: 0 | AA12: 7 | AB12: 0 | AC12: 0 | AD12: 35 | AE12: 0 | AF12: 0 | AG12: =SUM(B12:AF12) -> 74 | AH12: =AVRIL!AH12+AG12 -> 97
A13: NGONG | B13: 0 | C13: 0 | D13: 6 | E13: 0 | F13: 0 | G13: 0 | H13: 0 | I13: 4 | J13: 5 | K13: 1 | L13: 0 | M13: 0 | N13: 0 | O13: 1 | P13: 0 | Q13: 28 | R13: 0 | S13: 0 | T13: 0 | U13: 18 | V13: 0 | W13: 0 | X13: 0 | Y13: 0 | Z13: 0 | AA13: 2 | AB13: 0 | AC13: 0 | AD13: 30 | AE13: 0 | AF13: 0 | AG13: =SUM(B13:AF13) -> 95 | AH13: =AVRIL!AH13+AG13 -> 143
A14: POLI | B14: 5 | C14: 0 | D14: 5 | E14: 0 | F14: 5 | G14: 9 | H14: 0 | I14: 6 | J14: 0 | K14: 0 | L14: 40 | M14: 0 | N14: 0 | O14: 0 | P14: 3 | Q14: 15 | R14: 0 | S14: 0 | T14: 0 | U14: 29 | V14: 0 | W14: 0 | X14: 0 | Y14: 0 | Z14: 31 | AA14: 0 | AB14: 0 | AC14: 6 | AD14: 48 | AE14: 15 | AF14: 1 | AG14: =SUM(B14:AF14) -> 218 | AH14: =AVRIL!AH14+AG14 -> 324
A15: M-GALKE | B15: 0 | C15: 0 | D15: 0 | E15: 0 | F15: 0 | G15: 6 | H15: 0 | I15: 24 | J15: 0 | K15: 4 | L15: 11 | M15: 0 | N15: 0 | O15: 0 | P15: 35 | Q15: 0 | R15: 0 | S15: 0 | T15: 0 | U15: 36 | V15: 0 | W15: 0 | X15: 0 | Y15: 7 | Z15: 32 | AA15: 26 | AB15: 0 | AC15: 0 | AD15: 21 | AE15: 0 | AF15: 0 | AG15: =SUM(B15:AF15) -> 202 | AH15: =AVRIL!AH15+AG15 -> 253
A16: TOUBORO | B16: 0 | C16: 0 | D16: 62 | E16: 0 | F16: 0 | G16: 0 | H16: 0 | I16: 0 | J16: 11 | K16: 0 | L16: 40 | M16: 2 | N16: 10 | O16: 0 | P16: 6 | Q16: 1 | R16: 0 | S16: 0 | T16: 0 | U16: 12 | V16: 0 | W16: 0 | X16: 0 | Y16: 6 | Z16: 9 | AA16: 0 | AB16: 0 | AC16: 0 | AD16: 4 | AE16: 4 | AF16: 2 | AG16: =SUM(B16:AF16) -> 169 | AH16: =AVRIL!AH16+AG16 -> 206
A17: HOME | B17: 0 | C17: 10 | D17: 35 | E17: 0 | F17: 0 | G17: 1 | H17: 0 | I17: 0 | J17: 0 | K17: 9 | L17: 75 | M17: 1 | N17: 25 | O17: 0 | P17: 10 | Q17: 0 | R17: 6 | S17: 0 | T17: 0 | U17: 18 | V17: 4 | W17: 10 | X17: 0 | Y17: 0 | Z17: 48 | AA17: 0 | AB17: 0 | AC17: 0 | AD17: 24 | AE17: 42 | AF17: 2 | AG17: =SUM(B17:AF17) -> 320 | AH17: =AVRIL!AH17+AG17 -> 451

Sheet JUIN
A1: SODECOTON
A3: PLUVIOMETRIE JOURNALIERE ET MENSUELLE
A5: MOIS DE JUIN 2019
A7: STATION | B7: 1 | C7: 2 | D7: 3 | E7: 4 | F7: 5 | G7: 6 | H7: 7 | I7: 8 | J7: 9 | K7: 10 | L7: 11 | M7: 12 | N7: 13 | O7: 14 | P7: 15 | Q7: 16 | R7: 17 | S7: 18 | T7: 19 | U7: 20 | V7: 21 | W7: 22 | X7: 23 | Y7: 24 | Z7: 25 | AA7: 26 | AB7: 27 | AC7: 28 | AD7: 29 | AE7: 30 | AF7: 31 | AG7: TOTAUX | AH7: CUMUL
A8: MAROUA | B8: 0 | C8: 0 | D8: 0 | E8: 0 | F8: 11 | G8: 7 | H8: 6 | I8: 0 | J8: 4 | K8: 0 | L8: 5 | M8: 0 | N8: 10 | O8: 0 | P8: 0 | Q8: 0 | R8: 0 | S8: 0 | T8: 0 | U8: 0 | V8: 0 | W8: 0 | X8: 10 | Y8: 0 | Z8: 10 | AA8: 0 | AB8: 2 | AC8: 0 | AD8: 0 | AE8: 0 | AF8: 0 | AG8: =SUM(B8:AF8) -> 65 | AH8: =MAI!AH8+AG8 -> 186
A9: KAELE | B9: 0 | C9: 0 | D9: 0 | E9: 0 | F9: 11 | G9: 3 | H9: 18 | I9: 0 | J9: 8 | K9: 0 | L9: 7 | M9: 0 | N9: 1 | O9: 0 | P9: 0 | Q9: 0 | R9: 0 | S9: 0 | T9: 0 | U9: 0 | V9: 0 | W9: 0 | X9: 18 | Y9: 0 | Z9: 54 | AA9: 0 | AB9: 0 | AC9: 0 | AD9: 0 | AE9: 0 | AF9: 0 | AG9: =SUM(B9:AF9) -> 120 | AH9: =MAI!AH9+AG9 -> 212
A10: TCHATIBALI | B10: 0 | C10: 0 | D10: 0 | E10: 0 | F10: 2 | G10: 5 | H10: 8 | I10: 0 | J10: 70 | K10: 0 | L10: 41 | M10: 0 | N10: 2 | O10: 0 | P10: 0 | Q10: 0 | R10: 0 | S10: 0 | T10: 0 | U10: 0 | V10: 0 | W10: 0 | X10: 45 | Y10: 0 | Z10: 10 | AA10: 0 | AB10: 2 | AC10: 0 | AD10: 0 | AE10: 39 | AF10: 0 | AG10: =SUM(B10:AF10) -> 224 | AH10: =MAI!AH10+AG10 -> 302
A11: GUIDER | B11: 4 | C11: 0 | D11: 0 | E11: 0 | F11: 9 | G11: 0 | H11: 44 | I11: 0 | J11: 8 | K11: 0 | L11: 23 | M11: 0 | N11: 0 | O11: 0 | P11: 0 | Q11: 0 | R11: 0 | S11: 0 | T11: 0 | U11: 0 | V11: 0 | W11: 0 | X11: 13 | Y11: 0 | Z11: 47 | AA11: 0 | AB11: 0 | AC11: 0 | AD11: 0 | AE11: 0 | AF11: 0 | AG11: =SUM(B11:AF11) -> 148 | AH11: =MAI!AH11+AG11 -> 253
A12: GAROUA | B12: 1 | C12: 21 | D12: 0 | E12: 0 | F12: 50 | G12: 0 | H12: 8 | I12: 0 | J12: 0 | K12: 35 | L12: 30 | M12: 0 | N12: 2 | O12: 0 | P12: 0 | Q12: 0 | R12: 0 | S12: 0 | T12: 2 | U12: 0 | V12: 5 | W12: 0 | X12: 60 | Y12: 0 | Z12: 20 | AA12: 0 | AB12: 0 | AC12: 0 | AD12: 0 | AE12: 0 | AF12: 0 | AG12: =SUM(B12:AF12) -> 234 | AH12: =MAI!AH12+AG12 -> 331
A13: NGONG | B13: 0 | C13: 0 | D13: 0 | E13: 0 | F13: 6 | G13: 0 | H13: 53 | I13: 0 | J13: 0 | K13: 0 | L13: 2 | M13: 0 | N13: 9 | O13: 0 | P13: 2 | Q13: 0 | R13: 0 | S13: 0 | T13: 0 | U13: 0 | V13: 70 | W13: 0 | X13: 24 | Y13: 0 | Z13: 6 | AA13: 0 | AB13: 0 | AC13: 0 | AD13: 0 | AE13: 23 | AF13: 0 | AG13: =SUM(B13:AF13) -> 195 | AH13: =MAI!AH13+AG13 -> 338
A14: POLI | B14: 0 | C14: 26 | D14: 0 | E14: 0 | F14: 14 | G14: 0 | H14: 0 | I14: 19 | J14: 0 | K14: 14 | L14: 7 | M14: 0 | N14: 5 | O14: 0 | P14: 0 | Q14: 0 | R14: 0 | S14: 0 | T14: 11 | U14: 0 | V14: 13 | W14: 0 | X14: 112 | Y14: 0 | Z14: 5 | AA14: 0 | AB14: 19 | AC14: 0 | AD14: 0 | AE14: 0 | AF14: 0 | AG14: =SUM(B14:AF14) -> 245 | AH14: =MAI!AH14+AG14 -> 569
A15: M-GALKE | B15: 0 | C15: 3 | D15: 0 | E15: 10 | F15: 36 | G15: 0 | H15: 13 | I15: 10 | J15: 0 | K15: 26 | L15: 0 | M15: 0 | N15: 17 | O15: 0 | P15: 0 | Q15: 0 | R15: 0 | S15: 0 | T15: 0 | U15: 0 | V15: 0 | W15: 0 | X15: 7 | Y15: 0 | Z15: 19 | AA15: 1 | AB15: 0 | AC15: 0 | AD15: 0 | AE15: 0 | AF15: 0 | AG15: =SUM(B15:AF15) -> 142 | AH15: =MAI!AH15+AG15 -> 395
A16: TOUBORO | B16: 0 | C16: 11 | D16: 26 | E16: 2 | F16: 49 | G16: 0 | H16: 2 | I16: 0 | J16: 30 | K16: 0 | L16: 0 | M16: 0 | N16: 32 | O16: 0 | P16: 2 | Q16: 0 | R16: 0 | S16: 0 | T16: 11 | U16: 0 | V16: 0 | W16: 0 | X16: 0 | Y16: 0 | Z16: 15 | AA16: 35 | AB16: 13 | AC16: 0 | AD16: 0 | AE16: 34 | AF16: 0 | AG16: =SUM(B16:AF16) -> 262 | AH16: =MAI!AH16+AG16 -> 468
A17: HOME | B17: 0 | C17: 14 | D17: 0 | E17: 2 | F17: 28 | G17: 2 | H17: 34 | I17: 11 | J17: 17 | K17: 2 | L17: 7 | M17: 0 | N17: 18 | O17: 0 | P17: 0 | Q17: 0 | R17: 0 | S17: 0 | T17: 18 | U17: 0 | V17: 0 | W17: 0 | X17: 0 | Y17: 0 | Z17: 11 | AA17: 64 | AB17: 5 | AC17: 0 | AD17: 0 | AE17: 35 | AF17: 0 | AG17: =SUM(B17:AF17) -> 268 | AH17: =MAI!AH17+AG17 -> 719

Sheet JUILLET
A1: SODECOTON
A3: PLUVIOMETRIE JOURNALIERE ET MENSUELLE
A5: MOIS DE JUILLET 2019
A7: STATION | B7: 1 | C7: 2 | D7: 3 | E7: 4 | F7: 5 | G7: 6 | H7: 7 | I7: 8 | J7: 9 | K7: 10 | L7: 11 | M7: 12 | N7: 13 | O7: 14 | P7: 15 | Q7: 16 | R7: 17 | S7: 18 | T7: 19 | U7: 20 | V7: 21 | W7: 22 | X7: 23 | Y7: 24 | Z7: 25 | AA7: 26 | AB7: 27 | AC7: 28 | AD7: 29 | AE7: 30 | AF7: 31 | AG7: TOTAUX | AH7: CUMUL
A8: MAROUA | B8: 0 | C8: 0 | D8: 0 | E8: 3 | F8: 1 | G8: 0 | H8: 15 | I8: 0 | J8: 0 | K8: 8 | L8: 9 | M8: 0 | N8: 17 | O8: 1 | P8: 0 | Q8: 0 | R8: 34 | S8: 5 | T8: 4 | U8: 3 | V8: 7 | W8: 0 | X8: 2 | Y8: 37 | Z8: 0 | AA8: 0 | AB8: 0 | AC8: 26 | AD8: 0 | AE8: 0 | AF8: 0 | AG8: =SUM(B8:AF8) -> 172 | AH8: =JUIN!AH8+AG8 -> 358
A9: KAELE | B9: 3 | C9: 0 | D9: 0 | E9: 15 | F9: 14 | G9: 0 | H9: 0 | I9: 9 | J9: 0 | K9: 2 | L9: 28 | M9: 0 | N9: 12 | O9: 0 | P9: 0 | Q9: 0 | R9: 0 | S9: 2 | T9: 0 | U9: 0 | V9: 38 | W9: 0 | X9: 0 | Y9: 26 | Z9: 0 | AA9: 1 | AB9: 0 | AC9: 0 | AD9: 0 | AE9: 0 | AF9: 9 | AG9: =SUM(B9:AF9) -> 159 | AH9: =JUIN!AH9+AG9 -> 371
A10: TCHATIBALI | B10: 0 | C10: 0 | D10: 0 | E10: 25 | F10: 20 | G10: 0 | H10: 13 | I10: 7 | J10: 16 | K10: 11 | L10: 0 | M10: 2 | N10: 17 | O10: 0 | P10: 0 | Q10: 0 | R10: 3 | S10: 41 | T10: 0 | U10: 0 | V10: 19 | W10: 0 | X10: 0 | Y10: 14 | Z10: 0 | AA10: 15 | AB10: 0 | AC10: 0 | AD10: 0 | AE10: 0 | AF10: 6 | AG10: =SUM(B10:AF10) -> 209 | AH10: =JUIN!AH10+AG10 -> 511
A11: GUIDER | B11: 4 | C11: 0 | D11: 0 | E11: 10 | F11: 8 | G11: 0 | H11: 5 | I11: 0 | J11: 1 | K11: 19 | L11: 10 | M11: 0 | N11: 0 | O11: 13 | P11: 0 | Q11: 0 | R11: 0 | S11: 0 | T11: 0 | U11: 0 | V11: 3 | W11: 0 | X11: 0 | Y11: 35 | Z11: 0 | AA11: 6 | AB11: 0 | AC11: 7 | AD11: 0 | AE11: 0 | AF11: 39 | AG11: =SUM(B11:AF11) -> 160 | AH11: =JUIN!AH11+AG11 -> 413
A12: GAROUA | B12: 15 | C12: 0 | D12: 0 | E12: 0 | F12: 40 | G12: 0 | H12: 0 | I12: 2 | J12: 1 | K12: 0 | L12: 40 | M12: 0 | N12: 0 | O12: 2 | P12: 0 | Q12: 0 | R12: 0 | S12: 60 | T12: 0 | U12: 0 | V12: 0 | W12: 0 | X12: 0 | Y12: 13 | Z12: 0 | AA12: 3 | AB12: 0 | AC12: 3 | AD12: 0 | AE12: 0 | AF12: 4 | AG12: =SUM(B12:AF12) -> 183 | AH12: =JUIN!AH12+AG12 -> 514
A13: NGONG | B13: 5 | C13: 0 | D13: 0 | E13: 0 | F13: 10 | G13: 0 | H13: 2 | I13: 3 | J13: 0 | K13: 0 | L13: 33 | M13: 0 | N13: 3 | O13: 1 | P13: 0 | Q13: 0 | R13: 0 | S13: 9 | T13: 0 | U13: 0 | V13: 0 | W13: 0 | X13: 0 | Y13: 36 | Z13: 0 | AA13: 0 | AB13: 0 | AC13: 40 | AD13: 0 | AE13: 0 | AF13: 1 | AG13: =SUM(B13:AF13) -> 143 | AH13: =JUIN!AH13+AG13 -> 481
A14: POLI | B14: 25 | C14: 0 | D14: 0 | E14: 0 | F14: 31 | G14: 0 | H14: 23 | I14: 10 | J14: 17 | K14: 8 | L14: 45 | M14: 0 | N14: 5 | O14: 1 | P14: 4 | Q14: 0 | R14: 0 | S14: 29 | T14: 1 | U14: 0 | V14: 0 | W14: 45 | X14: 8 | Y14: 4 | Z14: 0 | AA14: 26 | AB14: 0 | AC14: 28 | AD14: 0 | AE14: 0 | AF14: 32 | AG14: =SUM(B14:AF14) -> 342 | AH14: =JUIN!AH14+AG14 -> 911
A15: M-GALKE | B15: 25 | C15: 0 | D15: 6 | E15: 0 | F15: 0 | G15: 0 | H15: 51 | I15: 24 | J15: 0 | K15: 0 | L15: 22 | M15: 0 | N15: 24 | O15: 0 | P15: 0 | Q15: 0 | R15: 0 | S15: 0 | T15: 39 | U15: 0 | V15: 0 | W15: 0 | X15: 0 | Y15: 0 | Z15: 0 | AA15: 28 | AB15: 26 | AC15: 0 | AD15: 0 | AE15: 0 | AF15: 3 | AG15: =SUM(B15:AF15) -> 248 | AH15: =JUIN!AH15+AG15 -> 643
A16: TOUBORO | B16: 0 | C16: 0 | D16: 9 | E16: 4 | F16: 0 | G16: 0 | H16: 64 | I16: 0 | J16: 0 | K16: 0 | L16: 4 | M16: 7 | N16: 20 | O16: 1 | P16: 0 | Q16: 0 | R16: 5 | S16: 25 | T16: 20 | U16: 6 | V16: 0 | W16: 0 | X16: 0 | Y16: 0 | Z16: 36 | AA16: 2 | AB16: 16 | AC16: 5 | AD16: 0 | AE16: 0 | AF16: 9 | AG16: =SUM(B16:AF16) -> 233 | AH16: =JUIN!AH16+AG16 -> 701
A17: HOME | B17: 3 | C17: 0 | D17: 15 | E17: 1 | F17: 0 | G17: 0 | H17: 25 | I17: 90 | J17: 1 | K17: 1 | L17: 19 | M17: 9 | N17: 15 | O17: 0 | P17: 2 | Q17: 0 | R17: 0 | S17: 1 | T17: 75 | U17: 0 | V17: 0 | W17: 0 | X17: 0 | Y17: 0 | Z17: 10 | AA17: 40 | AB17: 7 | AC17: 1 | AD17: 0 | AE17: 1 | AF17: 5 | AG17: =SUM(B17:AF17) -> 321 | AH17: =JUIN!AH17+AG17 -> 1040

Sheet AOÛT
A1: SODECOTON
A3: PLUVIOMETRIE JOURNALIERE ET MENSUELLE
A5: MOIS D'AOÛT 2019
A7: STATION | B7: 1 | C7: 2 | D7: 3 | E7: 4 | F7: 5 | G7: 6 | H7: 7 | I7: 8 | J7: 9 | K7: 10 | L7: 11 | M7: 12 | N7: 13 | O7: 14 | P7: 15 | Q7: 16 | R7: 17 | S7: 18 | T7: 19 | U7: 20 | V7: 21 | W7: 22 | X7: 23 | Y7: 24 | Z7: 25 | AA7: 26 | AB7: 27 | AC7: 28 | AD7: 29 | AE7: 30 | AF7: 31 | AG7: TOTAUX | AH7: CUMUL
A8: MAROUA | B8: 19 | C8: 3 | D8: 0 | E8: 11 | F8: 0 | G8: 13 | H8: 22 | I8: 17 | J8: 0 | K8: 22 | L8: 8 | M8: 15 | N8: 22 | O8: 2 | P8: 65 | Q8: 5 | R8: 3 | S8: 7 | T8: 0 | U8: 0 | V8: 5 | W8: 0 | X8: 64 | Y8: 33 | Z8: 4 | AA8: 17 | AB8: 2 | AC8: 37 | AD8: 0 | AE8: 0 | AF8: 24 | AG8: =SUM(B8:AF8) -> 420 | AH8: =AG8+JUILLET!AH8 -> 778
A9: KAELE | B9: 2 | C9: 0 | D9: 20 | E9: 4 | F9: 0 | G9: 0 | H9: 12 | I9: 12 | J9: 0 | K9: 0 | L9: 0 | M9: 23 | N9: 12 | O9: 0 | P9: 0 | Q9: 32 | R9: 6 | S9: 20 | T9: 0 | U9: 0 | V9: 2 | W9: 100 | X9: 10 | Y9: 0 | Z9: 27 | AA9: 0 | AB9: 0 | AC9: 68 | AD9: 0 | AE9: 0 | AF9: 15 | AG9: =SUM(B9:AF9) -> 365 | AH9: =AG9+JUILLET!AH9 -> 736
A10: TCHATIBALI | B10: 0 | C10: 6 | D10: 72 | E10: 37 | F10: 0 | G10: 0 | H10: 19 | I10: 27 | J10: 0 | K10: 0 | L10: 0 | M10: 15 | N10: 19 | O10: 0 | P10: 100 | Q10: 20 | R10: 0 | S10: 5 | T10: 0 | U10: 0 | V10: 0 | W10: 38 | X10: 2 | Y10: 0 | Z10: 0 | AA10: 0 | AB10: 0 | AC10: 46 | AD10: 0 | AE10: 0 | AF10: 16 | AG10: =SUM(B10:AF10) -> 422 | AH10: =AG10+JUILLET!AH10 -> 933
A11: GUIDER | B11: 3 | C11: 0 | D11: 3 | E11: 26 | F11: 0 | G11: 0 | H11: 7 | I11: 0 | J11: 3 | K11: 0 | L11: 1 | M11: 13 | N11: 19 | O11: 0 | P11: 0 | Q11: 19 | R11: 0 | S11: 42 | T11: 0 | U11: 0 | V11: 3 | W11: 0 | X11: 10 | Y11: 0 | Z11: 1 | AA11: 0 | AB11: 0 | AC11: 50 | AD11: 0 | AE11: 0 | AF11: 12 | AG11: =SUM(B11:AF11) -> 212 | AH11: =AG11+JUILLET!AH11 -> 625
A12: GAROUA | B12: 7 | C12: 0 | D12: 2 | E12: 0 | F12: 0 | G12: 0 | H12: 0 | I12: 3 | J12: 0 | K12: 0 | L12: 5 | M12: 0 | N12: 5 | O12: 0 | P12: 0 | Q12: 8 | R12: 13 | S12: 2 | T12: 0 | U12: 0 | V12: 1 | W12: 22 | X12: 2 | Y12: 2 | Z12: 0 | AA12: 0 | AB12: 40 | AC12: 38 | AD12: 0 | AE12: 21 | AF12: 3 | AG12: =SUM(B12:AF12) -> 174 | AH12: =AG12+JUILLET!AH12 -> 688
A13: NGONG | B13: 10 | C13: 0 | D13: 3 | E13: 11 | F13: 5 | G13: 0 | H13: 1 | I13: 0 | J13: 0 | K13: 0 | L13: 73 | M13: 7 | N13: 0 | O13: 0 | P13: 1 | Q13: 4 | R13: 0 | S13: 1 | T13: 0 | U13: 0 | V13: 10 | W13: 48 | X13: 6 | Y13: 15 | Z13: 0 | AA13: 2 | AB13: 3 | AC13: 54 | AD13: 0 | AE13: 20 | AF13: 14 | AG13: =SUM(B13:AF13) -> 288 | AH13: =AG13+JUILLET!AH13 -> 769
A14: POLI | B14: 19 | C14: 0 | D14: 8 | E14: 0 | F14: 11 | G14: 0 | H14: 19 | I14: 6 | J14: 0 | K14: 0 | L14: 11 | M14: 0 | N14: 5 | O14: 0 | P14: 22 | Q14: 8 | R14: 3 | S14: 0 | T14: 12 | U14: 0 | V14: 32 | W14: 2 | X14: 48 | Y14: 10 | Z14: 0 | AA14: 0 | AB14: 0 | AC14: 10 | AD14: 8 | AE14: 3 | AF14: 5 | AG14: =SUM(B14:AF14) -> 242 | AH14: =AG14+JUILLET!AH14 -> 1153
A15: M-GALKE | B15: 0 | C15: 0 | D15: 14 | E15: 0 | F15: 37 | G15: 0 | H15: 0 | I15: 9 | J15: 0 | K15: 0 | L15: 40 | M15: 2 | N15: 11 | O15: 14 | P15: 13 | Q15: 0 | R15: 0 | S15: 0 | T15: 11 | U15: 0 | V15: 0 | W15: 0 | X15: 3 | Y15: 15 | Z15: 2 | AA15: 19 | AB15: 0 | AC15: 82 | AD15: 0 | AE15: 9 | AF15: 0 | AG15: =SUM(B15:AF15) -> 281 | AH15: =AG15+JUILLET!AH15 -> 924
A16: TOUBORO | B16: 0 | C16: 41 | D16: 7 | E16: 0 | F16: 0 | G16: 0 | H16: 4 | I16: 0 | J16: 5 | K16: 20 | L16: 0 | M16: 0 | N16: 0 | O16: 0 | P16: 22 | Q16: 45 | R16: 5 | S16: 0 | T16: 9 | U16: 10 | V16: 0 | W16: 0 | X16: 5 | Y16: 0 | Z16: 2 | AA16: 1 | AB16: 0 | AC16: 34 | AD16: 0 | AE16: 0 | AF16: 5 | AG16: =SUM(B16:AF16) -> 215 | AH16: =AG16+JUILLET!AH16 -> 916
A17: HOME | B17: 6 | C17: 26 | D17: 9 | E17: 0 | F17: 6 | G17: 0 | H17: 0 | I17: 0 | J17: 0 | K17: 28 | L17: 35 | M17: 1 | N17: 39 | O17: 8 | P17: 14 | Q17: 0 | R17: 5 | S17: 0 | T17: 3 | U17: 41 | V17: 0 | W17: 4 | X17: 7 | Y17: 4 | Z17: 2 | AA17: 7 | AB17: 7 | AC17: 1 | AD17: 0 | AE17: 0 | AF17: 9 | AG17: =SUM(B17:AF17) -> 262 | AH17: =AG17+JUILLET!AH17 -> 1302

Sheet SEPTEMBRE
A1: SODECOTON
A3: PLUVIOMETRIE JOURNALIERE ET MENSUELLE
A5: MOIS DE SEPTEMBRE 2019
A7: STATION | B7: 1 | C7: 2 | D7: 3 | E7: 4 | F7: 5 | G7: 6 | H7: 7 | I7: 8 | J7: 9 | K7: 10 | L7: 11 | M7: 12 | N7: 13 | O7: 14 | P7: 15 | Q7: 16 | R7: 17 | S7: 18 | T7: 19 | U7: 20 | V7: 21 | W7: 22 | X7: 23 | Y7: 24 | Z7: 25 | AA7: 26 | AB7: 27 | AC7: 28 | AD7: 29 | AE7: 30 | AF7: 31 | AG7: TOTAUX | AH7: CUMUL
A8: MAROUA | B8: 0 | C8: 0 | D8: 21 | E8: 0 | F8: 1 | G8: 0 | H8: 0 | I8: 10 | J8: 6 | K8: 0 | L8: 0 | M8: 0 | N8: 13 | O8: 0 | P8: 2 | Q8: 2 | R8: 0 | S8: 0 | T8: 18 | U8: 0 | V8: 0 | W8: 0 | X8: 0 | Y8: 0 | Z8: 0 | AA8: 0 | AB8: 0 | AC8: 5 | AD8: 0 | AE8: 0 | AG8: =SUM(B8:AF8) -> 78 | AH8: =AOÛT!AH8+AG8 -> 856
A9: KAELE | B9: 0 | C9: 33 | D9: 0 | E9: 0 | F9: 0 | G9: 17 | H9: 0 | I9: 16 | J9: 1 | K9: 0 | L9: 0 | M9: 0 | N9: 14 | O9: 1 | P9: 20 | Q9: 7 | R9: 0 | S9: 0 | T9: 0 | U9: 0 | V9: 0 | W9: 0 | X9: 1 | Y9: 0 | Z9: 15 | AA9: 0 | AB9: 0 | AC9: 29 | AD9: 0 | AE9: 0 | AG9: =SUM(B9:AF9) -> 154 | AH9: =AOÛT!AH9+AG9 -> 890
A10: TCHATIBALI | B10: 0 | C10: 14 | D10: 9 | E10: 0 | F10: 0 | G10: 5 | H10: 0 | I10: 30 | J10: 0 | K10: 0 | L10: 0 | M10: 0 | N10: 0 | O10: 0 | P10: 6 | Q10: 15 | R10: 0 | S10: 0 | T10: 0 | U10: 0 | V10: 0 | W10: 0 | X10: 0 | Y10: 0 | Z10: 0 | AA10: 0 | AB10: 0 | AC10: 32 | AD10: 0 | AE10: 0 | AG10: =SUM(B10:AF10) -> 111 | AH10: =AOÛT!AH10+AG10 -> 1044
A11: GUIDER | B11: 0 | C11: 6 | D11: 8 | E11: 0 | F11: 0 | G11: 30 | H11: 0 | I11: 3 | J11: 0 | K11: 0 | L11: 0 | M11: 0 | N11: 30 | O11: 5 | P11: 7 | Q11: 1 | R11: 0 | S11: 0 | T11: 0 | U11: 0 | V11: 0 | W11: 0 | X11: 1 | Y11: 0 | Z11: 0 | AA11: 0 | AB11: 0 | AC11: 22 | AD11: 6 | AE11: 0 | AG11: =SUM(B11:AF11) -> 119 | AH11: =AOÛT!AH11+AG11 -> 744
A12: GAROUA | B12: 0 | C12: 35 | D12: 0 | E12: 0 | F12: 0 | G12: 15 | H12: 0 | I12: 0 | J12: 7 | K12: 0 | L12: 0 | M12: 0 | N12: 25 | O12: 1 | P12: 3 | Q12: 3 | R12: 0 | S12: 0 | T12: 40 | U12: 0 | V12: 0 | W12: 0 | X12: 0 | Y12: 0 | Z12: 2 | AA12: 0 | AB12: 0 | AC12: 50 | AD12: 3 | AE12: 0 | AG12: =SUM(B12:AF12) -> 184 | AH12: =AOÛT!AH12+AG12 -> 872
A13: NGONG | B13: 0 | C13: 48 | D13: 0 | E13: 15 | F13: 0 | G13: 22 | H13: 0 | I13: 12 | J13: 28 | K13: 0 | L13: 4 | M13: 0 | N13: 45 | O13: 2 | P13: 0 | Q13: 0 | R13: 1 | S13: 0 | T13: 30 | U13: 0 | V13: 12 | W13: 0 | X13: 0 | Y13: 0 | Z13: 7 | AA13: 0 | AB13: 0 | AC13: 7 | AD13: 0 | AE13: 0 | AG13: =SUM(B13:AF13) -> 233 | AH13: =AOÛT!AH13+AG13 -> 1002
A14: POLI | B14: 0 | C14: 15 | D14: 0 | E14: 45 | F14: 0 | G14: 7 | H14: 19 | I14: 6 | J14: 14 | K14: 0 | L14: 6 | M14: 0 | N14: 77 | O14: 28 | P14: 0 | Q14: 14 | R14: 6 | S14: 33 | T14: 12 | U14: 0 | V14: 10 | W14: 0 | X14: 0 | Y14: 0 | Z14: 8 | AA14: 0 | AB14: 0 | AC14: 5 | AD14: 0 | AE14: 0 | AG14: =SUM(B14:AF14) -> 305 | AH14: =AOÛT!AH14+AG14 -> 1458
A15: M-GALKE | B15: 0 | C15: 31 | D15: 0 | E15: 6 | F15: 0 | G15: 13 | H15: 0 | I15: 0 | J15: 53 | K15: 6 | L15: 0 | M15: 0 | N15: 35 | O15: 41 | P15: 0 | Q15: 10 | R15: 8 | S15: 28 | T15: 0 | U15: 0 | V15: 18 | W15: 0 | X15: 15 | Y15: 0 | Z15: 0 | AA15: 0 | AB15: 25 | AC15: 0 | AD15: 0 | AE15: 0 | AG15: =SUM(B15:AF15) -> 289 | AH15: =AOÛT!AH15+AG15 -> 1213
A16: TOUBORO | B16: 8 | C16: 35 | D16: 0 | E16: 21 | F16: 0 | G16: 8 | H16: 50 | I16: 24 | J16: 0 | K16: 75 | L16: 8 | M16: 0 | N16: 0 | O16: 37 | P16: 0 | Q16: 30 | R16: 0 | S16: 14 | T16: 0 | U16: 17 | V16: 1 | W16: 10 | X16: 2 | Y16: 0 | Z16: 11 | AA16: 2 | AB16: 0 | AC16: 7 | AD16: 15 | AE16: 0 | AG16: =SUM(B16:AF16) -> 375 | AH16: =AOÛT!AH16+AG16 -> 1291
A17: HOME | B17: 0 | C17: 47 | D17: 0 | E17: 82 | F17: 0 | G17: 0 | H17: 3 | I17: 0 | J17: 20 | K17: 36 | L17: 4 | M17: 1 | N17: 7 | O17: 4 | P17: 0 | Q17: 7 | R17: 12 | S17: 23 | T17: 0 | U17: 0 | V17: 23 | W17: 0 | X17: 15 | Y17: 0 | Z17: 6 | AA17: 0 | AB17: 0 | AC17: 26 | AD17: 2 | AE17: 5 | AG17: =SUM(B17:AF17) -> 323 | AH17: =AOÛT!AH17+AG17 -> 1625

Sheet OCTOBRE
A1: SODECOTON
A3: PLUVIOMETRIE JOURNALIERE ET MENSUELLE
A5: MOIS D'OCTOBRE 2019
A7: STATION | B7: 1 | C7: 2 | D7: 3 | E7: 4 | F7: 5 | G7: 6 | H7: 7 | I7: 8 | J7: 9 | K7: 10 | L7: 11 | M7: 12 | N7: 13 | O7: 14 | P7: 15 | Q7: 16 | R7: 17 | S7: 18 | T7: 19 | U7: 20 | V7: 21 | W7: 22 | X7: 23 | Y7: 24 | Z7: 25 | AA7: 26 | AB7: 27 | AC7: 28 | AD7: 29 | AE7: 30 | AF7: 31 | AG7: TOTAUX | AH7: CUMUL
A8: MAROUA | B8: 19 | C8: 60 | D8: 5 | E8: 0 | F8: 0 | G8: 4 | H8: 0 | I8: 5 | J8: 5 | K8: 0 | L8: 26 | M8: 0 | N8: 0 | O8: 0 | P8: 2 | Q8: 0 | R8: 0 | S8: 0 | T8: 0 | U8: 68 | V8: 0 | W8: 0 | X8: 3 | Y8: 0 | Z8: 29 | AA8: 18 | AB8: 0 | AC8: 0 | AD8: 0 | AE8: 0 | AF8: 0 | AG8: =SUM(B8:AF8) -> 244 | AH8: =SEPTEMBRE!AH8+AG8 -> 1100
A9: KAELE | B9: 1 | C9: 0 | D9: 3 | E9: 0 | F9: 0 | G9: 0 | H9: 33 | I9: 0 | J9: 7 | K9: 0 | L9: 6 | M9: 0 | N9: 0 | O9: 9 | P9: 50 | Q9: 0 | R9: 0 | S9: 12 | T9: 0 | U9: 17 | V9: 0 | W9: 0 | X9: 2 | Y9: 1 | Z9: 10 | AA9: 8 | AB9: 0 | AC9: 0 | AD9: 0 | AE9: 0 | AF9: 0 | AG9: =SUM(B9:AF9) -> 159 | AH9: =SEPTEMBRE!AH9+AG9 -> 1049
A10: TCHATIBALI | B10: 0 | C10: 0 | D10: 32 | E10: 0 | F10: 0 | G10: 4 | H10: 0 | I10: 0 | J10: 14 | K10: 0 | L10: 5 | M10: 0 | N10: 0 | O10: 0 | P10: 0 | Q10: 0 | R10: 0 | S10: 15 | T10: 0 | U10: 19 | V10: 0 | W10: 0 | X10: 5 | Y10: 0 | Z10: 21 | AA10: 3 | AB10: 0 | AC10: 0 | AD10: 0 | AE10: 0 | AF10: 0 | AG10: =SUM(B10:AF10) -> 118 | AH10: =SEPTEMBRE!AH10+AG10 -> 1162
A11: GUIDER | B11: 0 | C11: 0 | D11: 7 | E11: 0 | F11: 0 | G11: 0 | H11: 0 | I11: 7 | J11: 11 | K11: 0 | L11: 10 | M11: 0 | N11: 0 | O11: 10 | P11: 1 | Q11: 0 | R11: 0 | S11: 16 | T11: 0 | U11: 10 | V11: 0 | W11: 0 | X11: 6 | Y11: 0 | Z11: 30 | AA11: 33 | AB11: 0 | AC11: 0 | AD11: 0 | AE11: 0 | AF11: 0 | AG11: =SUM(B11:AF11) -> 141 | AH11: =SEPTEMBRE!AH11+AG11 -> 885
A12: GAROUA | B12: 0 | C12: 0 | D12: 10 | E12: 0 | F12: 0 | G12: 45 | H12: 0 | I12: 0 | J12: 2 | K12: 0 | L12: 9 | M12: 0 | N12: 0 | O12: 0 | P12: 12 | Q12: 0 | R12: 0 | S12: 22 | T12: 0 | U12: 0 | V12: 0 | W12: 10 | X12: 14 | Y12: 0 | Z12: 0 | AA12: 45 | AB12: 0 | AC12: 0 | AD12: 0 | AE12: 0 | AF12: 0 | AG12: =SUM(B12:AF12) -> 169 | AH12: =SEPTEMBRE!AH12+AG12 -> 1041
A13: NGONG | B13: 0 | C13: 0 | D13: 30 | E13: 0 | F13: 44 | G13: 42 | H13: 0 | I13: 0 | J13: 1 | K13: 0 | L13: 6 | M13: 0 | N13: 0 | O13: 0 | P13: 15 | Q13: 0 | R13: 1 | S13: 2 | T13: 0 | U13: 0 | V13: 0 | W13: 1 | X13: 3 | Y13: 0 | Z13: 6 | AA13: 35 | AB13: 0 | AC13: 0 | AD13: 0 | AE13: 0 | AF13: 0 | AG13: =SUM(B13:AF13) -> 186 | AH13: =SEPTEMBRE!AH13+AG13 -> 1188
A14: POLI | B14: 0 | C14: 10 | D14: 60 | E14: 0 | F14: 2 | G14: 0 | H14: 3 | I14: 0 | J14: 9 | K14: 0 | L14: 4 | M14: 0 | N14: 0 | O14: 0 | P14: 0 | Q14: 0 | R14: 18 | S14: 20 | T14: 10 | U14: 19 | V14: 0 | W14: 1 | X14: 23 | Y14: 0 | Z14: 8 | AA14: 27 | AB14: 0 | AC14: 0 | AD14: 0 | AE14: 11 | AF14: 0 | AG14: =SUM(B14:AF14) -> 225 | AH14: =SEPTEMBRE!AH14+AG14 -> 1683
A15: M-GALKE | B15: 3 | C15: 19 | D15: 0 | E15: 0 | F15: 0 | G15: 10 | H15: 8 | I15: 5 | J15: 2 | K15: 0 | L15: 9 | M15: 0 | N15: 0 | O15: 0 | P15: 11 | Q15: 0 | R15: 6 | S15: 15 | T15: 1 | U15: 3 | V15: 0 | W15: 42 | X15: 30 | Y15: 0 | Z15: 23 | AA15: 38 | AB15: 0 | AC15: 0 | AD15: 0 | AE15: 0 | AF15: 8 | AG15: =SUM(B15:AF15) -> 233 | AH15: =SEPTEMBRE!AH15+AG15 -> 1446
A16: TOUBORO | B16: 10 | C16: 10 | D16: 2 | E16: 0 | F16: 3 | G16: 35 | H16: 2 | I16: 0 | J16: 15 | K16: 0 | L16: 6 | M16: 0 | N16: 0 | O16: 0 | P16: 14 | Q16: 0 | R16: 10 | S16: 0 | T16: 10 | U16: 15 | V16: 0 | W16: 10 | X16: 17 | Y16: 0 | Z16: 17 | AA16: 60 | AB16: 5 | AC16: 0 | AD16: 0 | AE16: 0 | AF16: 0 | AG16: =SUM(B16:AF16) -> 241 | AH16: =SEPTEMBRE!AH16+AG16 -> 1532
A17: HOME | B17: 5 | C17: 8 | D17: 0 | E17: 3 | F17: 0 | G17: 8 | H17: 1 | I17: 15 | J17: 29 | K17: 0 | L17: 5 | M17: 0 | N17: 0 | O17: 0 | P17: 72 | Q17: 0 | R17: 1 | S17: 1 | T17: 0 | U17: 41 | V17: 3 | W17: 15 | X17: 11 | Y17: 0 | Z17: 3 | AA17: 0 | AB17: 14 | AC17: 0 | AD17: 0 | AE17: 0 | AF17: 0 | AG17: =SUM(B17:AF17) -> 235 | AH17: =SEPTEMBRE!AH17+AG17 -> 1860

Sheet NOVEMBRE
A1: SODECOTON
A3: PLUVIOMETRIE JOURNALIERE ET MENSUELLE
A5: MOIS DE NOVEMBRE 2019
A7: STATION | B7: 1 | C7: 2 | D7: 3 | E7: 4 | F7: 5 | G7: 6 | H7: 7 | I7: 8 | J7: 9 | K7: 10 | L7: 11 | M7: 12 | N7: 13 | O7: 14 | P7: 15 | Q7: 16 | R7: 17 | S7: 18 | T7: 19 | U7: 20 | V7: 21 | W7: 22 | X7: 23 | Y7: 24 | Z7: 25 | AA7: 26 | AB7: 27 | AC7: 28 | AD7: 29 | AE7: 30 | AF7: 31 | AG7: TOTAUX | AH7: CUMUL
A8: MAROUA | B8: 0 | C8: 0 | AG8: =SUM(B8:AF8) -> 0 | AH8: =OCTOBRE!AH8+AG8 -> 1100
A9: KAELE | B9: 0 | C9: 0 | AG9: =SUM(B9:AF9) -> 0 | AH9: =OCTOBRE!AH9+AG9 -> 1049
A10: TCHATIBALI | B10: 0 | C10: 0 | AG10: =SUM(B10:AF10) -> 0 | AH10: =OCTOBRE!AH10+AG10 -> 1162
A11: GUIDER | B11: 0 | C11: 0 | AG11: =SUM(B11:AF11) -> 0 | AH11: =OCTOBRE!AH11+AG11 -> 885
A12: GAROUA | B12: 0 | C12: 0 | AG12: =SUM(B12:AF12) -> 0 | AH12: =OCTOBRE!AH12+AG12 -> 1041
A13: NGONG | B13: 0 | C13: 0 | AG13: =SUM(B13:AF13) -> 0 | AH13: =OCTOBRE!AH13+AG13 -> 1188
A14: POLI | B14: 0 | C14: 4 | AG14: =SUM(B14:AF14) -> 4 | AH14: =OCTOBRE!AH14+AG14 -> 1687
A15: M-GALKE | B15: 0 | C15: 0 | AG15: =SUM(B15:AF15) -> 0 | AH15: =OCTOBRE!AH15+AG15 -> 1446
A16: TOUBORO | B16: 0 | C16: 0 | AG16: =SUM(B16:AF16) -> 0 | AH16: =OCTOBRE!AH16+AG16 -> 1532
A17: HOME | B17: 0 | C17: 0 | AG17: =SUM(B17:AF17) -> 0 | AH17: =OCTOBRE!AH17+AG17 -> 1860
