Workbook

Sheet IMPRIME
A1: SODECOTON
A3: PLUVIOMETRIE JOURNALIERE ET MENSUELLE
A5: MOIS DE :_________________________________________
A7: STATION | B7: 1 | C7: 2 | D7: 3 | E7: 4 | F7: 5 | G7: 6 | H7: 7 | I7: 8 | J7: 9 | K7: 10 | L7: 11 | M7: 12 | N7: 13 | O7: 14 | P7: 15 | Q7: 16 | R7: 17 | S7: 18 | T7: 19 | U7: 20 | V7: 21 | W7: 22 | X7: 23 | Y7: 24 | Z7: 25 | AA7: 26 | AB7: 27 | AC7: 28 | AD7: 29 | AE7: 30 | AF7: 31 | AG7: TOTAUX
A8: MAROUA
A9: KAELE
A10: TCHATIBALI
A11: GUIDER
A12: GAROUA
A13: NGONG
A14: MAYO-GALKE
A15: TOUBOURO
A16: HOME

Sheet FEVRIER
A1: SODECOTON
A3: PLUVIOMETRIE JOURNALIERE ET MENSUELLE
A5: MOIS DE FEVRIER 2020
A7: STATION | B7: 1 | C7: 2 | D7: 3 | E7: 4 | F7: 5 | G7: 6 | H7: 7 | I7: 8 | J7: 9 | K7: 10 | L7: 11 | M7: 12 | N7: 13 | O7: 14 | P7: 15 | Q7: 16 | R7: 17 | S7: 18 | T7: 19 | U7: 20 | V7: 21 | W7: 22 | X7: 23 | Y7: 24 | Z7: 25 | AA7: 26 | AB7: 27 | AC7: 28 | AD7: 29 | AE7: 30 | AF7: 31 | AG7: TOTAUX | AH7: CUMUL
A8: MAROUA | AG8: =SUM(B8:AF8) -> 0 | AH8: =AG8 -> 0
A9: KAELE | AG9: =SUM(B9:AF9) -> 0 | AH9: =AG9 -> 0
A10: TCHATIBALI | AG10: =SUM(B10:AF10) -> 0 | AH10: =AG10 -> 0
A11: GUIDER | AG11: =SUM(B11:AF11) -> 0 | AH11: =AG11 -> 0
A12: GAROUA | AG12: =SUM(B12:AF12) -> 0 | AH12: =AG12 -> 0
A13: NGONG | AG13: =SUM(B13:AF13) -> 0 | AH13: =AG13 -> 0
A14: POLI | AG14: =SUM(B14:AF14) -> 0 | AH14: =AG14 -> 0
A15: M-GALKE | AG15: =SUM(B15:AF15) -> 0 | AH15: =AG15 -> 0
A16: TOUBORO | AG16: =SUM(B16:AF16) -> 0 | AH16: =AG16 -> 0
A17: HOME | AG17: =SUM(B17:AF17) -> 0 | AH17: =AG17 -> 0

Sheet MARS
A1: SODECOTON
A3: PLUVIOMETRIE JOURNALIERE ET MENSUELLE
A5: MOIS DE MARS 2020
A7: STATION | B7: 1 | C7: 2 | D7: 3 | E7: 4 | F7: 5 | G7: 6 | H7: 7 | I7: 8 | J7: 9 | K7: 10 | L7: 11 | M7: 12 | N7: 13 | O7: 14 | P7: 15 | Q7: 16 | R7: 17 | S7: 18 | T7: 19 | U7: 20 | V7: 21 | W7: 22 | X7: 23 | Y7: 24 | Z7: 25 | AA7: 26 | AB7: 27 | AC7: 28 | AD7: 29 | AE7: 30 | AF7: 31 | AG7: TOTAUX | AH7: CUMUL
A8: MAROUA | Y8: 0 | Z8: 17 | AA8: 0 | AF8: 0 | AG8: =SUM(B8:AF8) -> 17 | AH8: =FEVRIER!AH8+AG8 -> 17
A9: KAELE | Y9: 0 | Z9: 1 | AA9: 0 | AF9: 0 | AG9: =SUM(B9:AF9) -> 1 | AH9: =FEVRIER!AH9+AG9 -> 1
A10: TCHATIBALI | Y10: 0 | Z10: 3 | AA10: 0 | AF10: 0 | AG10: =SUM(B10:AF10) -> 3 | AH10: =FEVRIER!AH10+AG10 -> 3
A11: GUIDER | Y11: 0 | Z11: 0 | AA11: 0 | AF11: 0 | AG11: =SUM(B11:AF11) -> 0 | AH11: =FEVRIER!AH11+AG11 -> 0
A12: GAROUA | Y12: 0 | Z12: 0 | AA12: 0 | AF12: 0 | AG12: =SUM(B12:AF12) -> 0 | AH12: =FEVRIER!AH12+AG12 -> 0
A13: NGONG | Y13: 0 | Z13: 0 | AA13: 0 | AF13: 0 | AG13: =SUM(B13:AF13) -> 0 | AH13: =FEVRIER!AH13+AG13 -> 0
A14: POLI | Y14: 5 | Z14: 0 | AA14: 0 | AF14: 0 | AG14: =SUM(B14:AF14) -> 5 | AH14: =FEVRIER!AH14+AG14 -> 5
A15: M-GALKE | Y15: 2 | Z15: 0 | AA15: 11 | AF15: 0 | AG15: =SUM(B15:AF15) -> 13 | AH15: =FEVRIER!AH15+AG15 -> 13
A16: TOUBORO | Y16: 0 | Z16: 0 | AA16: 1 | AF16: 0 | AG16: =SUM(B16:AF16) -> 1 | AH16: =FEVRIER!AH16+AG16 -> 1
A17: HOME | Y17: 1 | Z17: 2 | AA17: 0 | AF17: 2 | AG17: =SUM(B17:AF17) -> 5 | AH17: =FEVRIER!AH17+AG17 -> 5

Sheet AVRIL
A1: SODECOTON
A3: PLUVIOMETRIE JOURNALIERE ET MENSUELLE
A5: MOIS D'AVRIL 2020
A7: STATION | B7: 1 | C7: 2 | D7: 3 | E7: 4 | F7: 5 | G7: 6 | H7: 7 | I7: 8 | J7: 0 | K7: 10 | L7: 11 | M7: 12 | N7: 13 | O7: 14 | P7: 15 | Q7: 16 | R7: 17 | S7: 18 | T7: 19 | U7: 20 | V7: 21 | W7: 22 | X7: 23 | Y7: 24 | Z7: 25 | AA7: 26 | AB7: 27 | AC7: 28 | AD7: 29 | AE7: 30 | AF7: 31 | AG7: TOTAUX | AH7: CUMUL
A8: MAROUA | B8: 0 | C8: 0 | D8: 0 | E8: 0 | F8: 0 | G8: 1 | H8: 0 | I8: 0 | J8: 0 | K8: 0 | L8: 0 | M8: 0 | N8: 0 | O8: 0 | P8: 0 | Q8: 0 | R8: 0 | S8: 0 | T8: 0 | U8: 0 | V8: 0 | W8: 0 | X8: 0 | Y8: 0 | Z8: 0 | AA8: 0 | AB8: 0 | AC8: 0 | AD8: 0 | AE8: 0 | AG8: =SUM(B8:AF8) -> 1 | AH8: =MARS!AH8+AG8 -> 18
A9: KAELE | B9: 0 | C9: 0 | D9: 0 | E9: 0 | F9: 0 | G9: 0 | H9: 0 | I9: 0 | J9: 0 | K9: 0 | L9: 0 | M9: 0 | N9: 0 | O9: 0 | P9: 0 | Q9: 0 | R9: 0 | S9: 0 | T9: 0 | U9: 0 | V9: 0 | W9: 0 | X9: 0 | Y9: 0 | Z9: 0 | AA9: 0 | AB9: 0 | AC9: 0 | AD9: 0 | AE9: 0 | AG9: =SUM(B9:AF9) -> 0 | AH9: =MARS!AH9+AG9 -> 1
A10: TCHATIBALI | B10: 0 | C10: 0 | D10: 0 | E10: 0 | F10: 0 | G10: 0 | H10: 0 | I10: 0 | J10: 0 | K10: 0 | L10: 0 | M10: 0 | N10: 0 | O10: 0 | P10: 0 | Q10: 0 | R10: 0 | S10: 0 | T10: 0 | U10: 0 | V10: 0 | W10: 0 | X10: 0 | Y10: 4 | Z10: 0 | AA10: 0 | AB10: 0 | AC10: 0 | AD10: 0 | AE10: 0 | AG10: =SUM(B10:AF10) -> 4 | AH10: =MARS!AH10+AG10 -> 7
A11: GUIDER | B11: 0 | C11: 0 | D11: 0 | E11: 0 | F11: 0 | G11: 0 | H11: 0 | I11: 0 | J11: 0 | K11: 0 | L11: 0 | M11: 0 | N11: 0 | O11: 0 | P11: 0 | Q11: 0 | R11: 0 | S11: 0 | T11: 0 | U11: 0 | V11: 0 | W11: 0 | X11: 0 | Y11: 3 | Z11: 0 | AA11: 0 | AB11: 0 | AC11: 0 | AD11: 0 | AE11: 1 | AG11: =SUM(B11:AF11) -> 4 | AH11: =MARS!AH11+AG11 -> 4
A12: GAROUA | B12: 0 | C12: 0 | D12: 0 | E12: 0 | F12: 0 | G12: 0 | H12: 0 | I12: 0 | J12: 0 | K12: 0 | L12: 0 | M12: 0 | N12: 0 | O12: 0 | P12: 0 | Q12: 0 | R12: 0 | S12: 0 | T12: 0 | U12: 0 | V12: 0 | W12: 0 | X12: 0 | Y12: 0 | Z12: 0 | AA12: 0 | AB12: 0 | AC12: 0 | AD12: 0 | AE12: 0 | AG12: =SUM(B12:AF12) -> 0 | AH12: =MARS!AH12+AG12 -> 0
A13: NGONG | B13: 0 | C13: 0 | D13: 0 | E13: 0 | F13: 3 | G13: 0 | H13: 0 | I13: 0 | J13: 0 | K13: 0 | L13: 0 | M13: 0 | N13: 0 | O13: 0 | P13: 0 | Q13: 0 | R13: 0 | S13: 0 | T13: 0 | U13: 0 | V13: 0 | W13: 0 | X13: 0 | Y13: 1 | Z13: 0 | AA13: 0 | AB13: 0 | AC13: 0 | AD13: 0 | AE13: 8 | AG13: =SUM(B13:AF13) -> 12 | AH13: =MARS!AH13+AG13 -> 12
A14: POLI | B14: 0 | C14: 0 | D14: 0 | E14: 0 | F14: 19 | G14: 0 | H14: 0 | I14: 0 | J14: 0 | K14: 0 | L14: 0 | M14: 0 | N14: 0 | O14: 0 | P14: 0 | Q14: 0 | R14: 0 | S14: 0 | T14: 0 | U14: 0 | V14: 0 | W14: 0 | X14: 0 | Y14: 28 | Z14: 3 | AA14: 3 | AB14: 0 | AC14: 0 | AD14: 0 | AE14: 5 | AG14: =SUM(B14:AF14) -> 58 | AH14: =MARS!AH14+AG14 -> 63
A15: M-GALKE | B15: 0 | C15: 0 | D15: 0 | E15: 0 | F15: 1 | G15: 26 | H15: 0 | I15: 7 | J15: 0 | K15: 0 | L15: 0 | M15: 0 | N15: 0 | O15: 0 | P15: 0 | Q15: 0 | R15: 0 | S15: 0 | T15: 0 | U15: 0 | V15: 0 | W15: 0 | X15: 10 | Y15: 0 | Z15: 8 | AA15: 2 | AB15: 0 | AC15: 0 | AD15: 0 | AE15: 3 | AG15: =SUM(B15:AF15) -> 57 | AH15: =MARS!AH15+AG15 -> 70
A16: TOUBORO | B16: 0 | C16: 0 | D16: 1 | E16: 0 | F16: 0 | G16: 20 | H16: 0 | I16: 6 | J16: 0 | K16: 3 | L16: 0 | M16: 0 | N16: 0 | O16: 0 | P16: 0 | Q16: 0 | R16: 0 | S16: 0 | T16: 47 | U16: 7 | V16: 0 | W16: 0 | X16: 14 | Y16: 0 | Z16: 0 | AA16: 0 | AB16: 13 | AC16: 0 | AD16: 0 | AE16: 0 | AG16: =SUM(B16:AF16) -> 111 | AH16: =MARS!AH16+AG16 -> 112
A17: HOME | B17: 0 | C17: 0 | D17: 2 | E17: 0 | F17: 0 | G17: 8 | H17: 0 | I17: 35 | J17: 1 | K17: 3 | L17: 1 | M17: 0 | N17: 0 | O17: 1 | P17: 0 | Q17: 0 | R17: 0 | S17: 0 | T17: 0 | U17: 0 | V17: 1 | W17: 0 | X17: 2 | Y17: 0 | Z17: 2 | AA17: 2 | AB17: 2 | AC17: 0 | AD17: 0 | AE17: 0 | AG17: =SUM(B17:AF17) -> 60 | AH17: =MARS!AH17+AG17 -> 65

Sheet MAI
A1: SODECOTON
A3: PLUVIOMETRIE JOURNALIERE ET MENSUELLE
A5: MOIS DE MAI 2020
A7: STATION | B7: 1 | C7: 2 | D7: 3 | E7: 4 | F7: 5 | G7: 6 | H7: 7 | I7: 8 | J7: 9 | K7: 10 | L7: 11 | M7: 12 | N7: 13 | O7: 14 | P7: 15 | Q7: 16 | R7: 17 | S7: 18 | T7: 19 | U7: 20 | V7: 21 | W7: 22 | X7: 23 | Y7: 24 | Z7: 25 | AA7: 26 | AB7: 27 | AC7: 28 | AD7: 29 | AE7: 30 | AF7: 31 | AG7: TOTAUX | AH7: CUMUL
A8: MAROUA | B8: 5 | C8: 5 | D8: 0 | E8: 0 | F8: 0 | G8: 0 | H8: 0 | I8: 0 | J8: 2 | K8: 0 | L8: 0 | M8: 0 | N8: 0 | O8: 0 | P8: 0 | Q8: 0 | R8: 0 | S8: 0 | T8: 0 | U8: 4 | V8: 0 | W8: 0 | X8: 0 | Y8: 2 | Z8: 0 | AA8: 0 | AB8: 0 | AC8: 0 | AD8: 0 | AE8: 0 | AF8: 0 | AG8: =SUM(B8:AF8) -> 18 | AH8: =AVRIL!AH8+AG8 -> 36
A9: KAELE | B9: 0 | C9: 0 | D9: 0 | E9: 0 | F9: 0 | G9: 0 | H9: 0 | I9: 0 | J9: 5 | K9: 0 | L9: 0 | M9: 0 | N9: 19 | O9: 0 | P9: 0 | Q9: 0 | R9: 0 | S9: 0 | T9: 0 | U9: 42 | V9: 0 | W9: 0 | X9: 0 | Y9: 6 | Z9: 0 | AA9: 0 | AB9: 0 | AC9: 0 | AD9: 9 | AE9: 0 | AF9: 0 | AG9: =SUM(B9:AF9) -> 81 | AH9: =AVRIL!AH9+AG9 -> 82
A10: TCHATIBALI | B10: 3 | C10: 0 | D10: 0 | E10: 0 | F10: 0 | G10: 0 | H10: 1 | I10: 0 | J10: 0 | K10: 0 | L10: 0 | M10: 4 | N10: 5 | O10: 0 | P10: 0 | Q10: 0 | R10: 0 | S10: 0 | T10: 0 | U10: 45 | V10: 4 | W10: 0 | X10: 0 | Y10: 0 | Z10: 0 | AA10: 0 | AB10: 0 | AC10: 0 | AD10: 0 | AE10: 0 | AF10: 0 | AG10: =SUM(B10:AF10) -> 62 | AH10: =AVRIL!AH10+AG10 -> 69
A11: GUIDER | B11: 0 | C11: 4 | D11: 1 | E11: 0 | F11: 0 | G11: 0 | H11: 0 | I11: 0 | J11: 10 | K11: 1 | L11: 0 | M11: 5 | N11: 9 | O11: 0 | P11: 0 | Q11: 0 | R11: 0 | S11: 0 | T11: 0 | U11: 0 | V11: 0 | W11: 0 | X11: 0 | Y11: 20 | Z11: 0 | AA11: 0 | AB11: 17 | AC11: 0 | AD11: 7 | AE11: 0 | AF11: 0 | AG11: =SUM(B11:AF11) -> 74 | AH11: =AVRIL!AH11+AG11 -> 78
A12: GAROUA | B12: 0 | C12: 0 | D12: 0 | E12: 0 | F12: 0 | G12: 0 | H12: 0 | I12: 0 | J12: 0 | K12: 0 | L12: 0 | M12: 0 | N12: 20 | O12: 0 | P12: 0 | Q12: 0 | R12: 0 | S12: 10 | T12: 0 | U12: 0 | V12: 0 | W12: 0 | X12: 0 | Y12: 1 | Z12: 0 | AA12: 0 | AB12: 20 | AC12: 0 | AD12: 0 | AE12: 0 | AF12: 0 | AG12: =SUM(B12:AF12) -> 51 | AH12: =AVRIL!AH12+AG12 -> 51
A13: NGONG | B13: 0 | C13: 0 | D13: 3 | E13: 0 | F13: 0 | G13: 0 | H13: 0 | I13: 0 | J13: 0 | K13: 0 | L13: 0 | M13: 0 | N13: 0 | O13: 0 | P13: 0 | Q13: 0 | R13: 0 | S13: 34 | T13: 0 | U13: 0 | V13: 0 | W13: 0 | X13: 6 | Y13: 0 | Z13: 0 | AA13: 0 | AB13: 0 | AC13: 0 | AD13: 0 | AE13: 0 | AF13: 0 | AG13: =SUM(B13:AF13) -> 43 | AH13: =AVRIL!AH13+AG13 -> 55
A14: POLI | B14: 0 | C14: 0 | D14: 86 | E14: 0 | F14: 0 | G14: 0 | H14: 0 | I14: 0 | J14: 7 | K14: 0 | L14: 0 | M14: 0 | N14: 0 | O14: 0 | P14: 18 | Q14: 0 | R14: 18 | S14: 32 | T14: 0 | U14: 0 | V14: 0 | W14: 0 | X14: 2 | Y14: 4 | Z14: 0 | AA14: 0 | AB14: 0 | AC14: 10 | AD14: 0 | AE14: 0 | AF14: 0 | AG14: =SUM(B14:AF14) -> 177 | AH14: =AVRIL!AH14+AG14 -> 240
A15: M-GALKE | B15: 0 | C15: 0 | D15: 21 | E15: 0 | F15: 0 | G15: 0 | H15: 0 | I15: 0 | J15: 15 | K15: 2 | L15: 0 | M15: 0 | N15: 0 | O15: 0 | P15: 0 | Q15: 0 | R15: 0 | S15: 16 | T15: 0 | U15: 0 | V15: 23 | W15: 0 | X15: 6 | Y15: 10 | Z15: 0 | AA15: 0 | AB15: 0 | AC15: 0 | AD15: 0 | AE15: 0 | AF15: 0 | AG15: =SUM(B15:AF15) -> 93 | AH15: =AVRIL!AH15+AG15 -> 163
A16: TOUBORO | B16: 1 | C16: 0 | D16: 50 | E16: 4 | F16: 0 | G16: 0 | H16: 1 | I16: 0 | J16: 0 | K16: 0 | L16: 0 | M16: 0 | N16: 0 | O16: 20 | P16: 0 | Q16: 0 | R16: 0 | S16: 0 | T16: 0 | U16: 0 | V16: 36 | W16: 0 | X16: 0 | Y16: 29 | Z16: 0 | AA16: 0 | AB16: 0 | AC16: 0 | AD16: 0 | AE16: 0 | AF16: 0 | AG16: =SUM(B16:AF16) -> 141 | AH16: =AVRIL!AH16+AG16 -> 253
A17: HOME | B17: 0 | C17: 0 | D17: 3 | E17: 0 | F17: 0 | G17: 0 | H17: 4 | I17: 0 | J17: 0 | K17: 0 | L17: 0 | M17: 8 | N17: 0 | O17: 3 | P17: 5 | Q17: 0 | R17: 3 | S17: 2 | T17: 3 | U17: 0 | V17: 12 | W17: 0 | X17: 0 | Y17: 18 | Z17: 0 | AA17: 0 | AB17: 0 | AC17: 0 | AD17: 0 | AE17: 0 | AF17: 0 | AG17: =SUM(B17:AF17) -> 61 | AH17: =AVRIL!AH17+AG17 -> 126

Sheet JUIN
A1: SODECOTON
A3: PLUVIOMETRIE JOURNALIERE ET MENSUELLE
A5: MOIS DE JUIN 2020
A7: STATION | B7: 1 | C7: 2 | D7: 3 | E7: 4 | F7: 5 | G7: 6 | H7: 7 | I7: 8 | J7: 9 | K7: 10 | L7: 11 | M7: 12 | N7: 13 | O7: 14 | P7: 15 | Q7: 16 | R7: 17 | S7: 18 | T7: 19 | U7: 20 | V7: 21 | W7: 22 | X7: 23 | Y7: 24 | Z7: 25 | AA7: 26 | AB7: 27 | AC7: 28 | AD7: 29 | AE7: 30 | AF7: 31 | AG7: TOTAUX | AH7: CUMUL
A8: MAROUA | B8: 0 | C8: 0 | D8: 0 | E8: 0 | F8: 3 | G8: 0 | H8: 0 | I8: 32 | J8: 0 | K8: 2 | L8: 0 | M8: 20 | N8: 0 | O8: 4 | P8: 0 | Q8: 0 | R8: 46 | S8: 7 | T8: 0 | U8: 0 | V8: 0 | W8: 0 | X8: 0 | Y8: 2 | Z8: 56 | AA8: 0 | AB8: 0 | AC8: 32 | AD8: 0 | AE8: 1 | AG8: =SUM(B8:AF8) -> 205 | AH8: =MAI!AH8+AG8 -> 241
A9: KAELE | B9: 0 | C9: 1 | D9: 0 | E9: 0 | F9: 7 | G9: 0 | H9: 0 | I9: 0 | J9: 0 | K9: 5 | L9: 0 | M9: 4 | N9: 0 | O9: 0 | P9: 1 | Q9: 0 | R9: 17 | S9: 3 | T9: 8 | U9: 0 | V9: 1 | W9: 0 | X9: 0 | Y9: 0 | Z9: 9 | AA9: 0 | AB9: 0 | AC9: 29 | AD9: 2 | AE9: 3 | AG9: =SUM(B9:AF9) -> 90 | AH9: =MAI!AH9+AG9 -> 172
A10: TCHATIBALI | B10: 6 | C10: 0 | D10: 0 | E10: 0 | F10: 7 | G10: 0 | H10: 0 | I10: 0 | J10: 0 | K10: 3 | L10: 0 | M10: 0 | N10: 0 | O10: 5 | P10: 0 | Q10: 0 | R10: 23 | S10: 0 | T10: 0 | U10: 0 | V10: 0 | W10: 0 | X10: 0 | Y10: 0 | Z10: 35 | AA10: 0 | AB10: 0 | AC10: 26 | AD10: 3 | AE10: 0 | AG10: =SUM(B10:AF10) -> 108 | AH10: =MAI!AH10+AG10 -> 177
A11: GUIDER | B11: 19 | C11: 0 | D11: 0 | E11: 0 | F11: 7 | G11: 0 | H11: 0 | I11: 0 | J11: 0 | K11: 17 | L11: 0 | M11: 13 | N11: 0 | O11: 0 | P11: 0 | Q11: 6 | R11: 48 | S11: 0 | T11: 19 | U11: 0 | V11: 1 | W11: 0 | X11: 0 | Y11: 0 | Z11: 42 | AA11: 0 | AB11: 0 | AC11: 4 | AD11: 0 | AE11: 0 | AG11: =SUM(B11:AF11) -> 176 | AH11: =MAI!AH11+AG11 -> 254
A12: GAROUA | B12: 2 | C12: 0 | D12: 0 | E12: 0 | F12: 20 | G12: 0 | H12: 0 | I12: 0 | J12: 0 | K12: 7 | L12: 0 | M12: 0 | N12: 1 | O12: 0 | P12: 10 | Q12: 0 | R12: 15 | S12: 21 | T12: 0 | U12: 0 | V12: 20 | W12: 0 | X12: 0 | Y12: 0 | Z12: 31 | AA12: 0 | AB12: 0 | AC12: 5 | AD12: 0 | AE12: 0 | AG12: =SUM(B12:AF12) -> 132 | AH12: =MAI!AH12+AG12 -> 183
A13: NGONG | B13: 0 | C13: 0 | D13: 0 | E13: 0 | F13: 26 | G13: 0 | H13: 0 | I13: 0 | J13: 0 | K13: 14 | L13: 0 | M13: 3 | N13: 18 | O13: 0 | P13: 7 | Q13: 0 | R13: 16 | S13: 3 | T13: 0 | U13: 0 | V13: 5 | W13: 0 | X13: 0 | Y13: 0 | Z13: 35 | AA13: 0 | AB13: 0 | AC13: 35 | AD13: 0 | AE13: 0 | AG13: =SUM(B13:AF13) -> 162 | AH13: =MAI!AH13+AG13 -> 217
A14: POLI | B14: 28 | C14: 0 | D14: 0 | E14: 0 | F14: 36 | G14: 0 | H14: 0 | I14: 3 | J14: 0 | K14: 26 | L14: 0 | M14: 0 | N14: 19 | O14: 0 | P14: 1 | Q14: 0 | R14: 0 | S14: 58 | T14: 0 | U14: 0 | V14: 11 | W14: 0 | X14: 0 | Y14: 0 | Z14: 46 | AA14: 0 | AB14: 0 | AC14: 30 | AD14: 2 | AE14: 0 | AG14: =SUM(B14:AF14) -> 260 | AH14: =MAI!AH14+AG14 -> 500
A15: M-GALKE | B15: 0 | C15: 0 | D15: 10 | E15: 0 | F15: 16 | G15: 1 | H15: 6 | I15: 0 | J15: 0 | K15: 1 | L15: 0 | M15: 23 | N15: 0 | O15: 0 | P15: 0 | Q15: 0 | R15: 0 | S15: 40 | T15: 1 | U15: 10 | V15: 3 | W15: 0 | X15: 0 | Y15: 0 | Z15: 2 | AA15: 0 | AB15: 0 | AC15: 20 | AD15: 0 | AE15: 0 | AG15: =SUM(B15:AF15) -> 133 | AH15: =MAI!AH15+AG15 -> 296
A16: TOUBORO | B16: 5 | C16: 2 | D16: 0 | E16: 0 | F16: 35 | G16: 0 | H16: 20 | I16: 0 | J16: 0 | K16: 12 | L16: 0 | M16: 25 | N16: 1 | O16: 0 | P16: 0 | Q16: 0 | R16: 1 | S16: 19 | T16: 36 | U16: 24 | V16: 0 | W16: 0 | X16: 0 | Y16: 0 | Z16: 0 | AA16: 0 | AB16: 0 | AC16: 40 | AD16: 12 | AE16: 0 | AG16: =SUM(B16:AF16) -> 232 | AH16: =MAI!AH16+AG16 -> 485
A17: HOME | B17: 0 | C17: 0 | D17: 0 | E17: 0 | F17: 13 | G17: 0 | H17: 34 | I17: 2 | J17: 0 | K17: 0 | L17: 0 | M17: 17 | N17: 0 | O17: 0 | P17: 1 | Q17: 14 | R17: 0 | S17: 51 | T17: 3 | U17: 3 | V17: 0 | W17: 0 | X17: 0 | Y17: 0 | Z17: 10 | AA17: 0 | AB17: 0 | AC17: 2 | AD17: 12 | AE17: 0 | AG17: =SUM(B17:AF17) -> 162 | AH17: =MAI!AH17+AG17 -> 288

Sheet JUILLET
A1: SODECOTON
A3: PLUVIOMETRIE JOURNALIERE ET MENSUELLE
A5: MOIS DE JUILLET 2020
A7: STATION | B7: 1 | C7: 2 | D7: 3 | E7: 4 | F7: 5 | G7: 6 | H7: 7 | I7: 8 | J7: 9 | K7: 10 | L7: 11 | M7: 12 | N7: 13 | O7: 14 | P7: 15 | Q7: 16 | R7: 17 | S7: 18 | T7: 19 | U7: 20 | V7: 21 | W7: 22 | X7: 23 | Y7: 24 | Z7: 25 | AA7: 26 | AB7: 27 | AC7: 28 | AD7: 29 | AE7: 30 | AF7: 31 | AG7: TOTAUX | AH7: CUMUL
A8: MAROUA | B8: 0 | C8: 0 | D8: 0 | E8: 0 | F8: 4 | G8: 0 | H8: 0 | I8: 0 | J8: 9 | K8: 0 | L8: 0 | M8: 10 | N8: 0 | O8: 42 | P8: 0 | Q8: 2 | R8: 0 | S8: 0 | T8: 8 | U8: 0 | V8: 0 | W8: 0 | X8: 20 | Y8: 0 | Z8: 2 | AA8: 16 | AB8: 0 | AC8: 5 | AD8: 33 | AE8: 0 | AF8: 0 | AG8: =SUM(B8:AF8) -> 151 | AH8: =JUIN!AH8+AG8 -> 392 | AI8: =COUNT(B8,C8,D8,E8,F8,G8,H8,I8,J8,K8,L8,N8,P8,Q8,R8,S8,T8,U8,V8,W8,Y8,Z8,AB8,AE8,AF8) -> 25 | AK8: =COUNT(B8,C8,D8,E8,F8,G8,H8,I8,K8,L8,N8,P8,Q8,R8,S8,U8,V8,W8,Y8,Z8,AB8,AE8,AF8) -> 23
A9: KAELE | B9: 0 | C9: 0 | D9: 1 | E9: 0 | F9: 0 | G9: 0 | H9: 1 | I9: 0 | J9: 0 | K9: 0 | L9: 3 | M9: 2 | N9: 0 | O9: 52 | P9: 0 | Q9: 0 | R9: 0 | S9: 0 | T9: 12 | U9: 0 | V9: 0 | W9: 38 | X9: 42 | Y9: 0 | Z9: 36 | AA9: 20 | AB9: 0 | AC9: 0 | AD9: 48 | AE9: 0 | AF9: 0 | AG9: =SUM(B9:AF9) -> 255 | AH9: =JUIN!AH9+AG9 -> 427 | AI9: =COUNT(B9,C9,D9,E9,F9,G9,H9,I9,J9,K9,L9,M9,N9,P9,Q9,R9,S9,U9,V9,Y9,AB9,AC9,AE9,AF9) -> 24 | AK9: =COUNT(B9,C9,D9,E9,F9,G9,H9,I9,J9,K9,L9,M9,N9,P9,Q9,R9,S9,U9,V9,Y9,AB9,AC9,AE9,AF9) -> 24
A10: TCHATIBALI | B10: 0 | C10: 0 | D10: 11 | E10: 0 | F10: 0 | G10: 0 | H10: 5 | I10: 0 | J10: 0 | K10: 0 | L10: 3 | M10: 0 | N10: 10 | O10: 25 | P10: 0 | Q10: 0 | R10: 1 | S10: 0 | T10: 0 | U10: 0 | V10: 0 | W10: 3 | X10: 21 | Y10: 0 | Z10: 0 | AA10: 50 | AB10: 0 | AC10: 0 | AD10: 55 | AE10: 0 | AF10: 0 | AG10: =SUM(B10:AF10) -> 184 | AH10: =JUIN!AH10+AG10 -> 361 | AI10: =COUNT(B10,C10,E10,F10,G10,H10,I10,J10,K10,L10,M10,P10,Q10,R10,S10,T10,U10,V10,W10,Y10,Z10,AB10,AC10,AE10,AF10) -> 25 | AK10: =COUNT(B10,C10,E10,F10,G10,I10,J10,K10,L10,M10,P10,Q10,R10,S10,T10,U10,V10,W10,Y10,Z10,AB10,AC10,AE10,AF10) -> 24
A11: GUIDER | B11: 0 | C11: 0 | D11: 0 | E11: 0 | F11: 0 | G11: 0 | H11: 0 | I11: 0 | J11: 0 | K11: 0 | L11: 0 | M11: 0 | N11: 0 | O11: 40 | P11: 0 | Q11: 0 | R11: 0 | S11: 0 | T11: 3 | U11: 0 | V11: 0 | W11: 0 | X11: 12 | Y11: 0 | Z11: 0 | AA11: 33 | AB11: 0 | AC11: 0 | AD11: 45 | AE11: 0 | AF11: 0 | AG11: =SUM(B11:AF11) -> 133 | AH11: =JUIN!AH11+AG11 -> 387 | AI11: =COUNT(B11,C11,D11,E11,F11,G11,H11,I11,J11,K11,L11,M11,N11,P11,Q11,R11,S11,T11,U11,V11,W11,Y11,Z11,AB11,AC11,AE11,AF11) -> 27 | AK11: =COUNT(B11,C11,D11,E11,F11,G11,H11,I11,J11,K11,L11,M11,N11,P11,Q11,R11,S11,T11,U11,V11,W11,Y11,Z11,AB11,AC11,AE11,AF11) -> 27
A12: GAROUA | B12: 0 | C12: 0 | D12: 5 | E12: 0 | F12: 0 | G12: 0 | H12: 35 | I12: 0 | J12: 0 | K12: 10 | L12: 0 | M12: 6 | N12: 0 | O12: 11 | P12: 0 | Q12: 0 | R12: 0 | S12: 0 | T12: 17 | U12: 0 | V12: 0 | W12: 4 | X12: 20 | Y12: 0 | Z12: 0 | AA12: 4 | AB12: 0 | AC12: 2 | AD12: 55 | AE12: 0 | AF12: 0 | AG12: =SUM(B12:AF12) -> 169 | AH12: =JUIN!AH12+AG12 -> 352 | AI12: =COUNT(B12,C12,D12,E12,F12,G12,I12,J12,L12,M12,N12,P12,Q12,R12,S12,U12,V12,W12,Y12,Z12,AA12,AB12,AC12,AE12,AF12) -> 25 | AK12: =COUNT(B12,C12,E12,F12,G12,I12,J12,L12,N12,P12,Q12,R12,S12,U12,V12,W12,Y12,Z12,AA12,AB12,AC12,AE12,AF12) -> 23
A13: NGONG | B13: 0 | C13: 0 | D13: 0 | E13: 9 | F13: 0 | G13: 0 | H13: 0 | I13: 0 | J13: 11 | K13: 10 | L13: 0 | M13: 0 | N13: 0 | O13: 13 | P13: 0 | Q13: 0 | R13: 0 | S13: 0 | T13: 38 | U13: 0 | V13: 0 | W13: 0 | X13: 3 | Y13: 0 | Z13: 0 | AA13: 0 | AB13: 0 | AC13: 0 | AD13: 83 | AE13: 0 | AF13: 11 | AG13: =SUM(B13:AF13) -> 178 | AH13: =JUIN!AH13+AG13 -> 395 | AI13: =COUNT(B13,C13,D13,E13,F13,G13,H13,I13,L13,M13,N13,P13,Q13,R13,S13,U13,V13,W13,X13,Y13,Z13,AA13,AB13,AC13,AE13) -> 25 | AK13: =COUNT(B13,C13,D13,F13,G13,H13,I13,L13,M13,N13,P13,Q13,R13,S13,U13,V13,W13,X13,Y13,Z13,AA13,AB13,AC13,AE13) -> 24
A14: POLI | B14: 0 | C14: 7 | D14: 0 | E14: 6 | F14: 0 | G14: 0 | H14: 49 | I14: 0 | J14: 5 | K14: 15 | L14: 0 | M14: 0 | N14: 0 | O14: 10 | P14: 0 | Q14: 26 | R14: 2 | S14: 0 | T14: 62 | U14: 0 | V14: 0 | W14: 1 | X14: 10 | Y14: 0 | Z14: 3 | AA14: 0 | AB14: 0 | AC14: 70 | AD14: 54 | AE14: 0 | AF14: 24 | AG14: =SUM(B14:AF14) -> 344 | AH14: =JUIN!AH14+AG14 -> 844 | AI14: =COUNT(B14,C14,D14,E14,F14,G14,I14,J14,L14,M14,N14,P14,R14,S14,U14,V14,W14,Y14,Z14,AA14,AB14,AE14) -> 22 | AK14: =COUNT(B14,D14,F14,G14,I14,L14,M14,N14,P14,R14,S14,U14,V14,W14,Y14,Z14,AA14,AB14,AE14) -> 19
A15: M-GALKE | B15: 0 | C15: 0 | D15: 5 | E15: 0 | F15: 0 | G15: 0 | H15: 0 | I15: 0 | J15: 8 | K15: 2 | L15: 17 | M15: 21 | N15: 6 | O15: 6 | P15: 14 | Q15: 25 | R15: 14 | S15: 0 | T15: 26 | U15: 0 | V15: 0 | W15: 0 | X15: 21 | Y15: 0 | Z15: 0 | AA15: 0 | AB15: 0 | AC15: 17 | AD15: 38 | AE15: 0 | AF15: 0 | AG15: =SUM(B15:AF15) -> 220 | AH15: =JUIN!AH15+AG15 -> 516 | AI15: =COUNT(B15,C15,D15,E15,F15,G15,H15,I15,J15,K15,N15,O15,S15,U15,V15,W15,Y15,Z15,AA15,AB15,AE15,AF15) -> 22 | AK15: =COUNT(B15,C15,E15,F15,G15,H15,I15,K15,S15,U15,V15,W15,Y15,Z15,AA15,AB15,AE15,AF15) -> 18
A16: TOUBORO | B16: 0 | C16: 0 | D16: 24 | E16: 2 | F16: 0 | G16: 0 | H16: 9 | I16: 0 | J16: 22 | K16: 0 | L16: 3 | M16: 0 | N16: 28 | O16: 13 | P16: 1 | Q16: 12 | R16: 12 | S16: 0 | T16: 21 | U16: 4 | V16: 1 | W16: 0 | X16: 3 | Y16: 15 | Z16: 1 | AA16: 40 | AB16: 0 | AC16: 18 | AD16: 25 | AE16: 0 | AF16: 8 | AG16: =SUM(B16:AF16) -> 262 | AH16: =JUIN!AH16+AG16 -> 747 | AI16: =COUNT(B16,C16,E16,F16,G16,H16,K16,L16,M16,P16,S16,U16,V16,W16,X16,Z16,AB16,AE16,AF16) -> 19 | AK16: =COUNT(B16,C16,E16,F16,G16,I16,K16,L16,M16,P16,S16,U16,V16,W16,X16,Z16,AB16,AE16) -> 18
A17: HOME | B17: 0 | C17: 5 | D17: 35 | E17: 0 | F17: 2 | G17: 0 | H17: 28 | I17: 0 | J17: 4 | K17: 1 | L17: 15 | M17: 3 | N17: 0 | O17: 5 | P17: 3 | Q17: 2 | R17: 9 | S17: 1 | T17: 16 | U17: 2 | V17: 35 | W17: 31 | X17: 5 | Y17: 1 | Z17: 0 | AA17: 4 | AB17: 0 | AC17: 2 | AD17: 30 | AE17: 0 | AF17: 3 | AG17: =SUM(B17:AF17) -> 242 | AH17: =JUIN!AH17+AG17 -> 530 | AI17: =COUNT(B17,C17,E17,F17,G17,I17,J17,K17,M17,N17,O17,P17,Q17,R17,S17,U17,X17,Y17,Z17,AA17,AB17,AC17,AE17,AF17) -> 24 | AK17: =COUNT(B17,E17,F17,G17,I17,J17,K17,M17,N17,P17,Q17,S17,U17,Y17,AA17,Z17,AB17,AC17,AE17,AF17) -> 20

Sheet AOÛT
A3: PLUVIOMETRIE JOURNALIERE ET MENSUELLE
A5: MOIS D'AOÛT 2020
A7: STATION | B7: 1 | C7: 2 | D7: 3 | E7: 4 | F7: 5 | G7: 6 | H7: 7 | I7: 8 | J7: 9 | K7: 10 | L7: 11 | M7: 12 | N7: 13 | O7: 14 | P7: 15 | Q7: 16 | R7: 17 | S7: 18 | T7: 19 | U7: 20 | V7: 21 | W7: 22 | X7: 23 | Y7: 24 | Z7: 25 | AA7: 26 | AB7: 27 | AC7: 28 | AD7: 29 | AE7: 30 | AF7: 31 | AG7: TOTAUX | AH7: CUMUL
A8: MAROUA | B8: 0 | C8: 39 | D8: 0 | E8: 0 | F8: 0 | G8: 0 | H8: 0 | I8: 0 | J8: 0 | K8: 0 | L8: 0 | M8: 3 | N8: 43 | O8: 0 | P8: 0 | Q8: 3 | R8: 2 | S8: 0 | T8: 11 | U8: 2 | V8: 0 | W8: 37 | X8: 0 | Y8: 0 | Z8: 0 | AA8: 1 | AB8: 12 | AC8: 15 | AD8: 1 | AE8: 156 | AF8: 0 | AG8: =SUM(B8:AF8) -> 325 | AH8: =JUILLET!AH8+AG8 -> 717 | AI8: =MIN(B8:AF8) -> 0
A9: KAELE | B9: 46 | C9: 3 | D9: 0 | E9: 0 | F9: 0 | G9: 0 | H9: 0 | I9: 0 | J9: 0 | K9: 0 | L9: 0 | M9: 7 | N9: 25 | O9: 0 | P9: 0 | Q9: 21 | R9: 0 | S9: 2 | T9: 32 | U9: 0 | V9: 0 | W9: 35 | X9: 5 | Y9: 0 | Z9: 0 | AA9: 0 | AB9: 18 | AC9: 15 | AD9: 0 | AE9: 30 | AF9: 13 | AG9: =SUM(B9:AF9) -> 252 | AH9: =JUILLET!AH9+AG9 -> 679
A10: TCHATIBALI | B10: 53 | C10: 22 | D10: 0 | E10: 0 | F10: 0 | G10: 0 | H10: 0 | I10: 0 | J10: 0 | K10: 0 | L10: 0 | M10: 40 | N10: 0 | O10: 0 | P10: 5 | Q10: 3 | R10: 0 | S10: 0 | T10: 40 | U10: 0 | V10: 0 | W10: 5 | X10: 0 | Y10: 0 | Z10: 0 | AA10: 0 | AB10: 0 | AC10: 85 | AD10: 0 | AE10: 10 | AF10: 0 | AG10: =SUM(B10:AF10) -> 263 | AH10: =JUILLET!AH10+AG10 -> 624
A11: GUIDER | B11: 0 | C11: 19 | D11: 0 | E11: 2 | F11: 0 | G11: 0 | H11: 0 | I11: 0 | J11: 0 | K11: 0 | L11: 0 | M11: 0 | N11: 16 | O11: 0 | P11: 0 | Q11: 3 | R11: 0 | S11: 2 | T11: 11 | U11: 4 | V11: 0 | W11: 13 | X11: 0 | Y11: 0 | Z11: 31 | AA11: 0 | AB11: 0 | AC11: 8 | AD11: 0 | AE11: 16 | AF11: 4 | AG11: =SUM(B11:AF11) -> 129 | AH11: =JUILLET!AH11+AG11 -> 516
A12: GAROUA | B12: 6 | C12: 30 | D12: 0 | E12: 0 | F12: 0 | G12: 0 | H12: 0 | I12: 0 | J12: 0 | K12: 0 | L12: 0 | M12: 0 | N12: 0 | O12: 0 | P12: 0 | Q12: 0 | R12: 0 | S12: 0 | T12: 8 | U12: 0 | V12: 0 | W12: 5 | X12: 25 | Y12: 0 | Z12: 0 | AA12: 0 | AB12: 0 | AC12: 0 | AD12: 0 | AE12: 0 | AF12: 0 | AG12: =SUM(B12:AF12) -> 74 | AH12: =JUILLET!AH12+AG12 -> 426
A13: NGONG | B13: 15 | C13: 62 | D13: 4 | E13: 0 | F13: 0 | G13: 0 | H13: 0 | I13: 0 | J13: 0 | K13: 0 | L13: 0 | M13: 0 | N13: 0 | O13: 9 | P13: 0 | Q13: 0 | R13: 0 | S13: 0 | T13: 0 | U13: 20 | V13: 0 | W13: 11 | X13: 13 | Y13: 0 | Z13: 0 | AA13: 0 | AB13: 13 | AC13: 0 | AD13: 0 | AE13: 0 | AF13: 0 | AG13: =SUM(B13:AF13) -> 147 | AH13: =JUILLET!AH13+AG13 -> 542
A14: POLI | B14: 2 | C14: 10 | D14: 0 | E14: 0 | F14: 0 | G14: 0 | H14: 0 | I14: 0 | J14: 0 | K14: 0 | L14: 0 | M14: 0 | N14: 0 | O14: 0 | P14: 0 | Q14: 0 | R14: 9 | S14: 0 | T14: 0 | U14: 13 | V14: 0 | W14: 63 | X14: 3 | Y14: 7 | Z14: 0 | AA14: 0 | AB14: 0 | AC14: 5 | AD14: 0 | AE14: 0 | AF14: 9 | AG14: =SUM(B14:AF14) -> 121 | AH14: =JUILLET!AH14+AG14 -> 965
A15: M-GALKE | B15: 0 | C15: 6 | D15: 0 | E15: 0 | F15: 0 | G15: 45 | H15: 0 | I15: 0 | J15: 0 | K15: 2 | L15: 0 | M15: 0 | N15: 1 | O15: 4 | P15: 0 | Q15: 0 | R15: 0 | S15: 2 | T15: 18 | U15: 7 | V15: 3 | W15: 0 | X15: 27 | Y15: 1 | Z15: 0 | AA15: 0 | AB15: 41 | AC15: 40 | AD15: 0 | AE15: 0 | AF15: 1 | AG15: =SUM(B15:AF15) -> 198 | AH15: =JUILLET!AH15+AG15 -> 714
A16: TOUBORO | B16: 36 | C16: 6 | D16: 7 | E16: 0 | F16: 0 | G16: 0 | H16: 0 | I16: 8 | J16: 9 | K16: 1 | L16: 37 | M16: 0 | N16: 22 | O16: 0 | P16: 0 | Q16: 0 | R16: 2 | S16: 10 | T16: 10 | U16: 10 | V16: 0 | W16: 39 | X16: 9 | Y16: 0 | Z16: 0 | AA16: 0 | AB16: 24 | AC16: 8 | AD16: 6 | AE16: 0 | AF16: 0 | AG16: =SUM(B16:AF16) -> 244 | AH16: =JUILLET!AH16+AG16 -> 991
A17: HOME | B17: 0 | C17: 7 | D17: 12 | E17: 0 | F17: 0 | G17: 0 | H17: 0 | I17: 0 | J17: 0 | K17: 0 | L17: 26 | M17: 0 | N17: 1 | O17: 1 | P17: 0 | Q17: 2 | R17: 0 | S17: 0 | T17: 7 | U17: 0 | V17: 2 | W17: 13 | X17: 7 | Y17: 5 | Z17: 15 | AA17: 0 | AB17: 30 | AC17: 2 | AD17: 6 | AE17: 0 | AF17: 2 | AG17: =SUM(B17:AF17) -> 138 | AH17: =JUILLET!AH17+AG17 -> 668

Sheet SEPTEMBRE
A1: SODECOTON
A3: PLUVIOMETRIE JOURNALIERE ET MENSUELLE
A5: MOIS DE SEPTEMBRE 2020
A7: STATION | B7: 1 | C7: 2 | D7: 3 | E7: 4 | F7: 5 | G7: 6 | H7: 7 | I7: 8 | J7: 9 | K7: 10 | L7: 11 | M7: 12 | N7: 13 | O7: 14 | P7: 15 | Q7: 16 | R7: 17 | S7: 18 | T7: 19 | U7: 20 | V7: 21 | W7: 22 | X7: 23 | Y7: 24 | Z7: 25 | AA7: 26 | AB7: 27 | AC7: 28 | AD7: 29 | AE7: 30 | AF7: 31 | AG7: TOTAUX | AH7: CUMUL
A8: MAROUA | B8: 15 | C8: 83 | D8: 9 | E8: 0 | F8: 0 | G8: 10 | H8: 0 | I8: 0 | J8: 35 | K8: 20 | L8: 0 | M8: 9 | N8: 9 | O8: 24 | P8: 18 | Q8: 10 | R8: 0 | S8: 0 | T8: 9 | U8: 1 | V8: 0 | W8: 0 | X8: 0 | Y8: 0 | Z8: 25 | AA8: 0 | AB8: 0 | AC8: 20 | AD8: 0 | AE8: 0 | AF8: 0 | AG8: =SUM(B8:AF8) -> 297 | AH8: =SEPTEMBRE!AK14 -> 0
A9: KAELE | B9: 0 | C9: 2 | D9: 1 | E9: 0 | F9: 35 | G9: 9 | H9: 0 | I9: 2 | J9: 6 | K9: 10 | L9: 0 | M9: 0 | N9: 3 | O9: 16 | P9: 18 | Q9: 24 | R9: 1 | S9: 0 | T9: 11 | U9: 23 | V9: 0 | W9: 0 | X9: 0 | Y9: 0 | Z9: 10 | AA9: 1 | AB9: 0 | AC9: 25 | AD9: 0 | AE9: 0 | AF9: 0 | AG9: =SUM(B9:AF9) -> 197 | AH9: =AOÛT!AH9+AG9 -> 876
A10: TCHATIBALI | B10: 0 | C10: 8 | D10: 0 | E10: 0 | F10: 0 | G10: 35 | H10: 0 | I10: 0 | J10: 0 | K10: 4 | L10: 0 | M10: 0 | N10: 23 | O10: 25 | P10: 0 | Q10: 11 | R10: 1 | S10: 0 | T10: 0 | U10: 4 | V10: 0 | W10: 0 | X10: 0 | Y10: 0 | Z10: 31 | AA10: 0 | AB10: 0 | AC10: 16 | AD10: 0 | AE10: 0 | AF10: 0 | AG10: =SUM(B10:AF10) -> 158 | AH10: =AOÛT!AH10+AG10 -> 782
A11: GUIDER | B11: 0 | C11: 4 | D11: 0 | E11: 0 | F11: 25 | G11: 0 | H11: 0 | I11: 0 | J11: 0 | K11: 17 | L11: 0 | M11: 0 | N11: 5 | O11: 9 | P11: 0 | Q11: 44 | R11: 0 | S11: 0 | T11: 5 | U11: 46 | V11: 0 | W11: 0 | X11: 0 | Y11: 0 | Z11: 26 | AA11: 0 | AB11: 0 | AC11: 33 | AD11: 0 | AE11: 0 | AF11: 0 | AG11: =SUM(B11:AF11) -> 214 | AH11: =AOÛT!AH11+AG11 -> 730
A12: GAROUA | B12: 0 | C12: 0 | D12: 0 | E12: 55 | F12: 0 | G12: 0 | H12: 0 | I12: 0 | J12: 0 | K12: 13 | L12: 0 | M12: 3 | N12: 3 | O12: 22 | P12: 44 | Q12: 1 | R12: 1 | S12: 0 | T12: 18 | U12: 0 | V12: 0 | W12: 0 | X12: 10 | Y12: 0 | Z12: 14 | AA12: 52 | AB12: 0 | AC12: 21 | AD12: 0 | AE12: 0 | AF12: 0 | AG12: =SUM(B12:AF12) -> 257 | AH12: =AOÛT!AH12+AG12 -> 683
A13: NGONG | B13: 10 | C13: 0 | D13: 34 | E13: 0 | F13: 0 | G13: 0 | H13: 0 | I13: 0 | J13: 0 | K13: 7 | L13: 0 | M13: 0 | N13: 11 | O13: 0 | P13: 52 | Q13: 0 | R13: 0 | S13: 0 | T13: 0 | U13: 5 | V13: 0 | W13: 0 | X13: 0 | Y13: 0 | Z13: 8 | AA13: 21 | AB13: 0 | AC13: 7 | AD13: 0 | AE13: 0 | AF13: 0 | AG13: =SUM(B13:AF13) -> 155 | AH13: =AOÛT!AH13+AG13 -> 697
A14: POLI | B14: 5 | C14: 0 | D14: 8 | E14: 10 | F14: 0 | G14: 4 | H14: 8 | I14: 5 | J14: 25 | K14: 0 | L14: 0 | M14: 30 | N14: 26 | O14: 7 | P14: 25 | Q14: 5 | R14: 3 | S14: 0 | T14: 31 | U14: 0 | V14: 0 | W14: 0 | X14: 5 | Y14: 0 | Z14: 14 | AA14: 9 | AB14: 0 | AC14: 24 | AD14: 4 | AE14: 0 | AF14: 0 | AG14: =SUM(B14:AF14) -> 248 | AH14: =AOÛT!AH14+AG14 -> 1213
A15: M-GALKE | B15: 34 | C15: 16 | D15: 0 | E15: 0 | F15: 0 | G15: 2 | H15: 0 | I15: 0 | J15: 9 | K15: 0 | L15: 0 | M15: 0 | N15: 47 | O15: 0 | P15: 19 | Q15: 2 | R15: 0 | S15: 0 | T15: 16 | U15: 0 | V15: 0 | W15: 0 | X15: 10 | Y15: 0 | Z15: 7 | AA15: 25 | AB15: 0 | AC15: 8 | AD15: 0 | AE15: 0 | AF15: 0 | AG15: =SUM(B15:AF15) -> 195 | AH15: =AOÛT!AH15+AG15 -> 909
A16: TOUBORO | B16: 0 | C16: 8 | D16: 0 | E16: 0 | F16: 21 | G16: 0 | H16: 17 | I16: 2 | J16: 0 | K16: 76 | L16: 25 | M16: 0 | N16: 4 | O16: 0 | P16: 20 | Q16: 10 | R16: 8 | S16: 0 | T16: 0 | U16: 0 | V16: 2 | W16: 35 | X16: 5 | Y16: 0 | Z16: 0 | AA16: 18 | AB16: 6 | AC16: 20 | AD16: 0 | AE16: 8 | AF16: 0 | AG16: =SUM(B16:AF16) -> 285 | AH16: =AOÛT!AH16+AG16 -> 1276
A17: HOME | B17: 17 | C17: 10 | D17: 0 | E17: 0 | F17: 1 | G17: 8 | H17: 0 | I17: 0 | J17: 31 | K17: 4 | L17: 0 | M17: 18 | N17: 8 | O17: 0 | P17: 0 | Q17: 4 | R17: 2 | S17: 0 | T17: 0 | U17: 2 | V17: 0 | W17: 3 | X17: 0 | Y17: 44 | Z17: 0 | AA17: 8 | AB17: 6 | AC17: 82 | AD17: 1 | AE17: 0 | AF17: 0 | AG17: =SUM(B17:AF17) -> 249 | AH17: =AOÛT!AH17+AG17 -> 917

Sheet OCTOBRE
A1: SODECOTON
A3: PLUVIOMETRIE JOURNALIERE ET MENSUELLE
A5: MOIS D'OCTOBRE 2020
A7: STATION | B7: 1 | C7: 2 | D7: 3 | E7: 4 | F7: 5 | G7: 6 | H7: 7 | I7: 8 | J7: 9 | K7: 10 | L7: 11 | M7: 12 | N7: 13 | O7: 14 | P7: 15 | Q7: 16 | R7: 17 | S7: 18 | T7: 19 | U7: 20 | V7: 21 | W7: 22 | X7: 23 | Y7: 24 | Z7: 25 | AA7: 26 | AB7: 27 | AC7: 28 | AD7: 29 | AE7: 30 | AF7: 31 | AG7: TOTAUX | AH7: CUMUL
A8: MAROUA | AG8: =SUM(B8:AF8) -> 0 | AH8: =SEPTEMBRE!AH8+AG8 -> 0
A9: KAELE | AG9: =SUM(B9:AF9) -> 0 | AH9: =SEPTEMBRE!AH9+AG9 -> 876
A10: TCHATIBALI | AG10: =SUM(B10:AF10) -> 0 | AH10: =SEPTEMBRE!AH10+AG10 -> 782
A11: GUIDER | AG11: =SUM(B11:AF11) -> 0 | AH11: =SEPTEMBRE!AH11+AG11 -> 730
A12: GAROUA | AG12: =SUM(B12:AF12) -> 0 | AH12: =SEPTEMBRE!AH12+AG12 -> 683
A13: NGONG | AG13: =SUM(B13:AF13) -> 0 | AH13: =SEPTEMBRE!AH13+AG13 -> 697
A14: POLI | AG14: =SUM(B14:AF14) -> 0 | AH14: =SEPTEMBRE!AH14+AG14 -> 1213
A15: M-GALKE | AG15: =SUM(B15:AF15) -> 0 | AH15: =SEPTEMBRE!AH15+AG15 -> 909
A16: TOUBORO | AG16: =SUM(B16:AF16) -> 0 | AH16: =SEPTEMBRE!AH16+AG16 -> 1276
A17: HOME | AG17: =SUM(B17:AF17) -> 0 | AH17: =SEPTEMBRE!AH17+AG17 -> 917

Sheet NOVEMBRE
A1: SODECOTON
A3: PLUVIOMETRIE JOURNALIERE ET MENSUELLE
A5: MOIS DE NOVEMBRE 2020
A7: STATION | B7: 1 | C7: 2 | D7: 3 | E7: 4 | F7: 5 | G7: 6 | H7: 7 | I7: 8 | J7: 9 | K7: 10 | L7: 11 | M7: 12 | N7: 13 | O7: 14 | P7: 15 | Q7: 16 | R7: 17 | S7: 18 | T7: 19 | U7: 20 | V7: 21 | W7: 22 | X7: 23 | Y7: 24 | Z7: 25 | AA7: 26 | AB7: 27 | AC7: 28 | AD7: 29 | AE7: 30 | AF7: 31 | AG7: TOTAUX | AH7: CUMUL
A8: MAROUA | AG8: =SUM(B8:AF8) -> 0 | AH8: =OCTOBRE!AH8+AG8 -> 0
A9: KAELE | AG9: =SUM(B9:AF9) -> 0 | AH9: =OCTOBRE!AH9+AG9 -> 876
A10: TCHATIBALI | AG10: =SUM(B10:AF10) -> 0 | AH10: =OCTOBRE!AH10+AG10 -> 782
A11: GUIDER | AG11: =SUM(B11:AF11) -> 0 | AH11: =OCTOBRE!AH11+AG11 -> 730
A12: GAROUA | AG12: =SUM(B12:AF12) -> 0 | AH12: =OCTOBRE!AH12+AG12 -> 683
A13: NGONG | AG13: =SUM(B13:AF13) -> 0 | AH13: =OCTOBRE!AH13+AG13 -> 697
A14: POLI | AG14: =SUM(B14:AF14) -> 0 | AH14: =OCTOBRE!AH14+AG14 -> 1213
A15: M-GALKE | AG15: =SUM(B15:AF15) -> 0 | AH15: =OCTOBRE!AH15+AG15 -> 909
A16: TOUBORO | AG16: =SUM(B16:AF16) -> 0 | AH16: =OCTOBRE!AH16+AG16 -> 1276
A17: HOME | AG17: =SUM(B17:AF17) -> 0 | AH17: =OCTOBRE!AH17+AG17 -> 917

Sheet Feuil3
A1: Variables/Station | B1: Maroua | C1: Kaélé | D1: Tchatibali | E1: Guider | F1: Garoua | G1: Ngong | H1: Poli | I1: Mayo-Galké | J1: Touboro | K1: Homé
A2: P1 | B2: 25 | C2: 23 | D2: 21 | E2: 20 | F2: 16 | G2: 15 | H2: 26 | I2: 32 | J2: 33 | K2: 54
A3: P2 | B3: 7 | C3: 11 | D3: 6 | E3: 12 | F3: 11 | G3: 12 | H3: 13 | I3: 19 | J3: 23 | K3: 15
A4: P3 | B4: 6 | C4: 8 | D4: 5 | E4: 6 | F4: 2 | G4: 3 | H4: 4 | I4: 5 | J4: 10 | K4: 5
A5: P4 | B5: 2 | C5: 1 | D5: 3 | E5: 0 | F5: 1 | G5: 2 | H5: 6 | I5: 0 | J5: 0 | K5: 1
A6: p | B6: =SUM(B2:B5) -> 40 | C6: =SUM(C2:C5) -> 43 | D6: =SUM(D2:D5) -> 35 | E6: =SUM(E2:E5) -> 38 | F6: =SUM(F2:F5) -> 30 | G6: =SUM(G2:G5) -> 32 | H6: =SUM(H2:H5) -> 49 | I6: =SUM(I2:I5) -> 56 | ... K6: =SUM(K2:K5) -> 75
A7: P1: entre 1 et 10 mm
A8: P2: entre 10 et 30 mm
A9: P2: entre 30 et 50 mm
A10: P2: > 50 mm
A13: Mois/Station | B13: Maroua | C13: Kaélé | D13: Tchatibali | E13: Guider | F13: Garoua | G13: Ngong | H13: Poli | I13: Mayo-Galké | J13: Touboro | K13: Homé
A14: Février | B14: =STDEV(B14:B22) -> 0 | C14: 0 | D14: 2 | E14: 3 | F14: 0 | G14: 0 | H14: 25 | I14: 30 | J14: 7 | K14: 41
A15: Mars | B15: 0 | C15: 0 | D15: 0 | E15: 0 | F15: 0 | G15: 0 | H15: 0 | I15: 0 | J15: 0 | K15: 0
A16: Avril | B16: 5 | C16: 0 | D16: 3 | E16: 3 | F16: 23 | G16: 48 | H16: 81 | I16: 21 | J16: 30 | K16: 90
A17: Mai | B17: 116 | C17: 92 | D17: 73 | E17: 99 | F17: 74 | G17: 95 | H17: 218 | I17: 202 | J17: 169 | K17: 320
A18: Juin | B18: 65 | C18: 120 | D18: 224 | E18: 148 | F18: 234 | G18: 195 | H18: 245 | I18: 142 | J18: 262 | K18: 268
A19: Juillet | B19: 172 | C19: 159 | D19: 209 | E19: 160 | F19: 183 | G19: 143 | H19: 342 | I19: 248 | J19: 233 | K19: 321
A20: Août | B20: 420 | C20: 365 | D20: 422 | E20: 212 | F20: 174 | G20: 288 | H20: 242 | I20: 281 | J20: 215 | K20: 262
A21: Septembre | B21: 0 | C21: 0 | D21: 0 | E21: 0 | F21: 0 | G21: 0 | H21: 0 | I21: 0 | J21: 0 | K21: 0
A22: Octobre | B22: 0 | C22: 0 | D22: 0 | E22: 0 | F22: 0 | G22: 0 | H22: 0 | I22: 0 | J22: 0 | K22: 0
A23: Novembre | B23: 0 | C23: 0 | D23: 0 | E23: 0 | F23: 0 | G23: 0 | H23: 4 | I23: 0 | J23: 0 | K23: 0
A24: TOTAL 2019 | B24: =SUM(B14:B23) -> 736 | C24: =SUM(C14:C23) -> 736 | D24: =SUM(D14:D23) -> 933 | E24: =SUM(E14:E23) -> 625 | F24: =SUM(F14:F23) -> 688 | G24: =SUM(G14:G23) -> 769 | H24: =SUM(H14:H23) -> 1157 | I24: =SUM(I14:I23) -> 924 | ... K24: =SUM(K14:K23) -> 1302
A25: Moyenne | B25: =AVERAGE(B14:B23) -> 0 | C25: =AVERAGE(C14:C23) -> 73.6 | D25: =AVERAGE(D14:D23) -> 93.3 | E25: =AVERAGE(E14:E23) -> 62.5 | F25: =AVERAGE(F14:F23) -> 68.8 | G25: =AVERAGE(G14:G23) -> 76.9 | H25: =AVERAGE(H14:H23) -> 115.7 | I25: =AVERAGE(I14:I23) -> 92.4 | ... K25: =AVERAGE(K14:K23) -> 130.2
A26: Ecart-type | B26: 139.13 | C26: =STDEV(C14:C23) -> 118.88388 | D26: =STDEV(D14:D23) -> 145.38611 | E26: =STDEV(E14:E23) -> 83.801684 | F26: =STDEV(F14:F23) -> 92.611254 | G26: =STDEV(G14:G23) -> 101.98633 | H26: =STDEV(H14:H23) -> 131.83074 | I26: =STDEV(I14:I23) -> 114.21053 | J26: =STDEV(J14:J23) -> 112.922 | K26: =STDEV(K14:K23) -> 143.82458
A30: Mois/Station | B30: Maroua | C30: Kaélé | D30: Tchatibali | E30: Guider | F30: Garoua | G30: Ngong | H30: Poli | I30: Mayo-Galké | J30: Touboro | K30: Homé
A31: Février | B31: =STDEV(B31:B37) -> 0 | C31: 0 | D31: 0 | E31: 0 | F31: 0 | G31: 0 | H31: 0 | I31: 0 | J31: 0 | K31: 0
A32: Mars | B32: 17 | C32: 1 | D32: 3 | E32: 0 | F32: 0 | G32: 0 | H32: 5 | I32: 13 | J32: 1 | K32: 5
A33: Avril | B33: 1 | C33: 0 | D33: 4 | E33: 4 | F33: 0 | G33: 12 | H33: 58 | I33: 57 | J33: 111 | K33: 60
A34: Mai | B34: 18 | C34: 81 | D34: 62 | E34: 74 | F34: 51 | G34: 43 | H34: 177 | I34: 93 | J34: 141 | K34: 61
A35: Juin | B35: 205 | C35: 90 | D35: 108 | E35: 176 | F35: 132 | G35: 162 | H35: 260 | I35: 133 | J35: 232 | K35: 162
A36: Juillet | B36: 151 | C36: 255 | D36: 184 | E36: 133 | F36: 169 | G36: 178 | H36: 344 | I36: 220 | J36: 262 | K36: 242
A37: Août | B37: 325 | C37: 252 | D37: 263 | E37: 129 | F37: 74 | G37: 147 | H37: 121 | I37: 198 | J37: 244 | K37: 138
A38: TOTAL 2020 | B38: 717 | C38: =SUM(C31:C37) -> 679 | D38: =SUM(D31:D37) -> 624 | E38: =SUM(E31:E37) -> 516 | F38: =SUM(F31:F37) -> 426 | G38: =SUM(G31:G37) -> 542 | H38: =SUM(H31:H37) -> 965 | I38: =SUM(I31:I37) -> 714 | J38: =SUM(J31:J37) -> 991 | K38: =SUM(K31:K37) -> 668
A39: TOTAL 2019 | B39: 778 | C39: 736 | D39: 933 | E39: 625 | F39: 688 | G39: 769 | H39: 1157 | I39: 924 | J39: 916 | K39: 1302
A40: Différence | B40: =B38-B39 -> -61 | C40: =C38-C39 -> -57 | D40: =D38-D39 -> -309 | E40: =E38-E39 -> -109 | F40: =F38-F39 -> -262 | G40: =G38-G39 -> -227 | H40: =H38-H39 -> -192 | I40: =I38-I39 -> -210 | ... K40: =K38-K39 -> -634

Sheet Feuil1
D2: 44013 | Z2: Juin | AL2: Mai | AX2: Avril | BH2: Mars
O3: Août
A4: STATION | B4: D1 | D4: D2 | F4: D3 | H4: D | L4: STATION | M4: D1 | O4: D2 | Q4: D3 | S4: D | W4: STATION | X4: D1 | Z4: D2 | AB4: D3 | AD4: D | AH4: STATION | AI4: D1 | AK4: D2 | AM4: D3 | AO4: D | AT4: STATION | AU4: D1 | AW4: D2 | AY4: D3 | BA4: D | BE4: STATION | BF4: D1 | BH4: D2 | BJ4: D3 | BL4: D
B5: Cumul (mm) | C5: Jours secs | D5: Cumul (mm) | E5: Jours secs | F5: Cumul (mm) | G5: Jours secs | H5: Cumul (mm) | I5: Jours secs | M5: Cumul (mm) | N5: Jours secs | O5: Cumul (mm) | P5: Jours secs | Q5: Cumul (mm) | R5: Jours secs | S5: Cumul (mm) | T5: Jours secs | X5: Cumul (mm) | Y5: Jours secs | Z5: Cumul (mm) | AA5: Jours secs | AB5: Cumul (mm) | AC5: Jours secs | AD5: Cumul (mm) | AE5: Jours secs | AI5: Cumul (mm) | AJ5: Jours secs | AK5: Cumul (mm) | AL5: Jours secs | AM5: Cumul (mm) | AN5: Jours secs | AO5: Cumul (mm) | AP5: Jours secs | AU5: Cumul (mm) | AV5: Jours secs | AW5: Cumul (mm) | AX5: Jours secs | AY5: Cumul (mm) | AZ5: Jours secs | BA5: Cumul (mm) | BB5: Jours secs | BF5: Cumul (mm) | BG5: Jours secs | BH5: Cumul (mm) | BI5: Jours secs | BJ5: Cumul (mm) | BK5: Jours secs | BL5: Cumul (mm) | BM5: Jours secs
A6: MAROUA | B6: =SUM(JUILLET!B8:K8) -> 13 | C6: 8 | D6: =SUM(JUILLET!L8:U8) -> 62 | E6: 6 | F6: =SUM(JUILLET!V8:AF8) -> 76 | G6: 6 | H6: =B6+D6+F6 -> 151 | I6: =C6+E6+G6 -> 20 | L6: MAROUA | M6: =SUM(AOÛT!B8:K8) -> 39 | N6: 8 | O6: =SUM(AOÛT!L8:U8) -> 64 | P6: 6 | Q6: =SUM(AOÛT!V8:AF8) -> 222 | R6: 5 | S6: =M6+O6+Q6 -> 325 | T6: =N6+P6+R6 -> 19 | W6: MAROUA | X6: =SUM(JUIN!B8:K8) -> 37 | Y6: 7 | Z6: =SUM(JUIN!L8:U8) -> 77 | AA6: 6 | AB6: =SUM(JUIN!V8:AF8) -> 91 | AC6: 6 | AD6: =X6+Z6+AB6 -> 205 | AE6: =Y6+AA6+AC6 -> 19 | AH6: MAROUA | AI6: =SUM(MAI!B8:K8) -> 12 | AJ6: 7 | AK6: =SUM(MAI!L8:U8) -> 4 | AL6: 9 | AM6: =SUM(MAI!V8:AF8) -> 2 | AN6: 9 | AO6: =AI6+AK6+AM6 -> 18 | AP6: =AJ6+AL6+AN6 -> 25 | AT6: MAROUA | AU6: =SUM(AVRIL!B8:K8) -> 1 | AV6: 9 | AW6: =SUM(AVRIL!L8:U8) -> 0 | AX6: 10 | AY6: =SUM(AVRIL!V8:AE8) -> 0 | AZ6: 10 | BA6: =AU6+AW6+AY6 -> 1 | BB6: =AV6+AX6+AZ6 -> 29 | BE6: MAROUA | BF6: =SUM(MARS!B8:K8) -> 0 | BG6: 10 | BH6: =SUM(MARS!L8:U8) -> 0 | BI6: 10 | BJ6: =SUM(MARS!V8:AF8) -> 17 | BK6: 10 | BL6: =BF6+BH6+BJ6 -> 17 | BM6: =BG6+BI6+BK6 -> 30
A7: KAELE | B7: =SUM(JUILLET!B9:K9) -> 2 | C7: 8 | D7: =SUM(JUILLET!L9:U9) -> 69 | E7: 6 | F7: =SUM(JUILLET!V9:AF9) -> 184 | G7: 6 | H7: =B7+D7+F7 -> 255 | I7: =C7+E7+G7 -> 20 | L7: KAELE | M7: =SUM(AOÛT!B9:K9) -> 49 | N7: 8 | O7: =SUM(AOÛT!L9:U9) -> 87 | P7: 6 | Q7: =SUM(AOÛT!V9:AF9) -> 116 | R7: 5 | S7: =M7+O7+Q7 -> 252 | T7: =N7+P7+R7 -> 19 | W7: KAELE | X7: =SUM(JUIN!B9:K9) -> 13 | Y7: 7 | Z7: =SUM(JUIN!L9:U9) -> 33 | AA7: 5 | AB7: =SUM(JUIN!V9:AF9) -> 44 | AC7: 5 | AD7: =X7+Z7+AB7 -> 90 | AE7: =Y7+AA7+AC7 -> 17 | AH7: KAELE | AI7: =SUM(MAI!B9:K9) -> 5 | AJ7: 9 | AK7: =SUM(MAI!L9:U9) -> 61 | AL7: 8 | AM7: =SUM(MAI!V9:AF9) -> 15 | AN7: 8 | AO7: =AI7+AK7+AM7 -> 81 | AP7: =AJ7+AL7+AN7 -> 25 | AT7: KAELE | AU7: =SUM(AVRIL!B9:K9) -> 0 | AV7: 10 | AW7: =SUM(AVRIL!L9:U9) -> 0 | AX7: 10 | AY7: =SUM(AVRIL!V9:AE9) -> 0 | AZ7: 10 | BA7: =AU7+AW7+AY7 -> 0 | BB7: =AV7+AX7+AZ7 -> 30 | BE7: KAELE | BF7: =SUM(MARS!B9:K9) -> 0 | BG7: 10 | BH7: =SUM(MARS!L9:U9) -> 0 | BI7: 10 | BJ7: =SUM(MARS!V9:AF9) -> 1 | BK7: 10 | BL7: =BF7+BH7+BJ7 -> 1 | BM7: =BG7+BI7+BK7 -> 30
A8: TCHATIBALI | B8: =SUM(JUILLET!B10:K10) -> 16 | C8: 8 | D8: =SUM(JUILLET!L10:U10) -> 39 | E8: 6 | F8: =SUM(JUILLET!V10:AF10) -> 129 | G8: 7 | H8: =B8+D8+F8 -> 184 | I8: =C8+E8+G8 -> 21 | L8: TCHATIBALI | M8: =SUM(AOÛT!B10:K10) -> 75 | N8: 8 | O8: =SUM(AOÛT!L10:U10) -> 88 | P8: 6 | Q8: =SUM(AOÛT!V10:AF10) -> 100 | R8: 8 | S8: =M8+O8+Q8 -> 263 | T8: =N8+P8+R8 -> 22 | W8: TCHATIBALI | X8: =SUM(JUIN!B10:K10) -> 16 | Y8: 7 | Z8: =SUM(JUIN!L10:U10) -> 28 | AA8: 8 | AB8: =SUM(JUIN!V10:AF10) -> 64 | AC8: 7 | AD8: =X8+Z8+AB8 -> 108 | AE8: =Y8+AA8+AC8 -> 22 | AH8: TCHATIBALI | AI8: =SUM(MAI!B10:K10) -> 4 | AJ8: 8 | AK8: =SUM(MAI!L10:U10) -> 54 | AL8: 7 | AM8: =SUM(MAI!V10:AF10) -> 4 | AN8: 9 | AO8: =AI8+AK8+AM8 -> 62 | AP8: =AJ8+AL8+AN8 -> 24 | AT8: TCHATIBALI | AU8: =SUM(AVRIL!B10:K10) -> 0 | AV8: 10 | AW8: =SUM(AVRIL!L10:U10) -> 0 | AX8: 10 | AY8: =SUM(AVRIL!V10:AE10) -> 4 | AZ8: 9 | BA8: =AU8+AW8+AY8 -> 4 | BB8: =AV8+AX8+AZ8 -> 29 | BE8: TCHATIBALI | BF8: =SUM(MARS!B10:K10) -> 0 | BG8: 10 | BH8: =SUM(MARS!L10:U10) -> 0 | BI8: 10 | BJ8: =SUM(MARS!V10:AF10) -> 3 | BK8: 10 | BL8: =BF8+BH8+BJ8 -> 3 | BM8: =BG8+BI8+BK8 -> 30
A9: GUIDER | B9: =SUM(JUILLET!B11:K11) -> 0 | C9: 10 | D9: =SUM(JUILLET!L11:U11) -> 43 | E9: 8 | F9: =SUM(JUILLET!V11:AF11) -> 90 | G9: 8 | H9: =B9+D9+F9 -> 133 | I9: =C9+E9+G9 -> 26 | L9: GUIDER | M9: =SUM(AOÛT!B11:K11) -> 21 | N9: 10 | O9: =SUM(AOÛT!L11:U11) -> 36 | P9: 8 | Q9: =SUM(AOÛT!V11:AF11) -> 72 | R9: 6 | S9: =M9+O9+Q9 -> 129 | T9: =N9+P9+R9 -> 24 | W9: GUIDER | X9: =SUM(JUIN!B11:K11) -> 43 | Y9: 7 | Z9: =SUM(JUIN!L11:U11) -> 86 | AA9: 6 | AB9: =SUM(JUIN!V11:AF11) -> 47 | AC9: 7 | AD9: =X9+Z9+AB9 -> 176 | AE9: =Y9+AA9+AC9 -> 20 | AH9: GUIDER | AI9: =SUM(MAI!B11:K11) -> 16 | AJ9: 6 | AK9: =SUM(MAI!L11:U11) -> 14 | AL9: 8 | AM9: =SUM(MAI!V11:AF11) -> 44 | AN9: 7 | AO9: =AI9+AK9+AM9 -> 74 | AP9: =AJ9+AL9+AN9 -> 21 | AT9: GUIDER | AU9: =SUM(AVRIL!B11:K11) -> 0 | AV9: 10 | AW9: =SUM(AVRIL!L11:U11) -> 0 | AX9: 10 | AY9: =SUM(AVRIL!V11:AE11) -> 4 | AZ9: 8 | BA9: =AU9+AW9+AY9 -> 4 | BB9: =AV9+AX9+AZ9 -> 28 | BE9: GUIDER | BF9: =SUM(MARS!B11:K11) -> 0 | BG9: 10 | BH9: =SUM(MARS!L11:U11) -> 0 | BI9: 10 | BJ9: =SUM(MARS!V11:AF11) -> 0 | BK9: 11 | BL9: =BF9+BH9+BJ9 -> 0 | BM9: =BG9+BI9+BK9 -> 31
A10: GAROUA | B10: =SUM(JUILLET!B12:K12) -> 50 | C10: 7 | D10: =SUM(JUILLET!L12:U12) -> 34 | E10: 7 | F10: =SUM(JUILLET!V12:AF12) -> 85 | G10: 6 | H10: =B10+D10+F10 -> 169 | I10: =C10+E10+G10 -> 20 | L10: GAROUA | M10: =SUM(AOÛT!B12:K12) -> 36 | N10: 7 | O10: =SUM(AOÛT!L12:U12) -> 8 | P10: 7 | Q10: =SUM(AOÛT!V12:AF12) -> 30 | R10: 9 | S10: =M10+O10+Q10 -> 74 | T10: =N10+P10+R10 -> 23 | W10: GAROUA | X10: =SUM(JUIN!B12:K12) -> 29 | Y10: 7 | Z10: =SUM(JUIN!L12:U12) -> 47 | AA10: 6 | AB10: =SUM(JUIN!V12:AF12) -> 56 | AC10: 7 | AD10: =X10+Z10+AB10 -> 132 | AE10: =Y10+AA10+AC10 -> 20 | AH10: GAROUA | AI10: =SUM(MAI!B12:K12) -> 0 | AJ10: 10 | AK10: =SUM(MAI!L12:U12) -> 30 | AL10: 8 | AM10: =SUM(MAI!V12:AF12) -> 21 | AN10: 8 | AO10: =AI10+AK10+AM10 -> 51 | AP10: =AJ10+AL10+AN10 -> 26 | AT10: GAROUA | AU10: =SUM(AVRIL!B12:K12) -> 0 | AV10: 10 | AW10: =SUM(AVRIL!L12:U12) -> 0 | AX10: 10 | AY10: =SUM(AVRIL!V12:AE12) -> 0 | AZ10: 10 | BA10: =AU10+AW10+AY10 -> 0 | BB10: =AV10+AX10+AZ10 -> 30 | BE10: GAROUA | BF10: =SUM(MARS!B12:K12) -> 0 | BG10: 10 | BH10: =SUM(MARS!L12:U12) -> 0 | BI10: 10 | BJ10: =SUM(MARS!V12:AF12) -> 0 | BK10: 11 | BL10: =BF10+BH10+BJ10 -> 0 | BM10: =BG10+BI10+BK10 -> 31
A11: NGONG | B11: =SUM(JUILLET!B13:K13) -> 30 | C11: 7 | D11: =SUM(JUILLET!L13:U13) -> 51 | E11: 8 | F11: =SUM(JUILLET!V13:AF13) -> 97 | G11: 8 | H11: =B11+D11+F11 -> 178 | I11: =C11+E11+G11 -> 23 | L11: NGONG | M11: =SUM(AOÛT!B13:K13) -> 81 | N11: 7 | O11: =SUM(AOÛT!L13:U13) -> 29 | P11: 8 | Q11: =SUM(AOÛT!V13:AF13) -> 37 | R11: 8 | S11: =M11+O11+Q11 -> 147 | T11: =N11+P11+R11 -> 23 | W11: NGONG | X11: =SUM(JUIN!B13:K13) -> 40 | Y11: 8 | Z11: =SUM(JUIN!L13:U13) -> 47 | AA11: 5 | AB11: =SUM(JUIN!V13:AF13) -> 75 | AC11: 7 | AD11: =X11+Z11+AB11 -> 162 | AE11: =Y11+AA11+AC11 -> 20 | AH11: NGONG | AI11: =SUM(MAI!B13:K13) -> 3 | AJ11: 9 | AK11: =SUM(MAI!L13:U13) -> 34 | AL11: 9 | AM11: =SUM(MAI!V13:AF13) -> 6 | AN11: 9 | AO11: =AI11+AK11+AM11 -> 43 | AP11: =AJ11+AL11+AN11 -> 27 | AT11: NGONG | AU11: =SUM(AVRIL!B13:K13) -> 3 | AV11: 9 | AW11: =SUM(AVRIL!L13:U13) -> 0 | AX11: 10 | AY11: =SUM(AVRIL!V13:AE13) -> 9 | AZ11: 8 | BA11: =AU11+AW11+AY11 -> 12 | BB11: =AV11+AX11+AZ11 -> 27 | BE11: NGONG | BF11: =SUM(MARS!B13:K13) -> 0 | BG11: 10 | BH11: =SUM(MARS!L13:U13) -> 0 | BI11: 10 | BJ11: =SUM(MARS!V13:AF13) -> 0 | BK11: 11 | BL11: =BF11+BH11+BJ11 -> 0 | BM11: =BG11+BI11+BK11 -> 31
A12: POLI | B12: =SUM(JUILLET!B14:K14) -> 82 | C12: 5 | D12: =SUM(JUILLET!L14:U14) -> 100 | E12: 7 | F12: =SUM(JUILLET!V14:AF14) -> 162 | G12: 5 | H12: =B12+D12+F12 -> 344 | I12: =C12+E12+G12 -> 17 | L12: POLI | M12: =SUM(AOÛT!B14:K14) -> 12 | N12: 5 | O12: =SUM(AOÛT!L14:U14) -> 22 | P12: 7 | Q12: =SUM(AOÛT!V14:AF14) -> 87 | R12: 6 | S12: =M12+O12+Q12 -> 121 | T12: =N12+P12+R12 -> 18 | W12: POLI | X12: =SUM(JUIN!B14:K14) -> 93 | Y12: 6 | Z12: =SUM(JUIN!L14:U14) -> 78 | AA12: 7 | AB12: =SUM(JUIN!V14:AF14) -> 89 | AC12: 6 | AD12: =X12+Z12+AB12 -> 260 | AE12: =Y12+AA12+AC12 -> 19 | AH12: POLI | AI12: =SUM(MAI!B14:K14) -> 93 | AJ12: 8 | AK12: =SUM(MAI!L14:U14) -> 68 | AL12: 7 | AM12: =SUM(MAI!V14:AF14) -> 16 | AN12: 7 | AO12: =AI12+AK12+AM12 -> 177 | AP12: =AJ12+AL12+AN12 -> 22 | AT12: POLI | AU12: =SUM(AVRIL!B14:K14) -> 19 | AV12: 9 | AW12: =SUM(AVRIL!L14:U14) -> 0 | AX12: 10 | AY12: =SUM(AVRIL!V14:AE14) -> 39 | AZ12: 6 | BA12: =AU12+AW12+AY12 -> 58 | BB12: =AV12+AX12+AZ12 -> 25 | BE12: POLI | BF12: =SUM(MARS!B14:K14) -> 0 | BG12: 10 | BH12: =SUM(MARS!L14:U14) -> 0 | BI12: 10 | BJ12: =SUM(MARS!V14:AF14) -> 5 | BK12: 10 | BL12: =BF12+BH12+BJ12 -> 5 | BM12: =BG12+BI12+BK12 -> 30
A13: M-GALKE | B13: =SUM(JUILLET!B15:K15) -> 15 | C13: 7 | D13: =SUM(JUILLET!L15:U15) -> 129 | E13: 2 | F13: =SUM(JUILLET!V15:AF15) -> 76 | G13: 8 | H13: =B13+D13+F13 -> 220 | I13: =C13+E13+G13 -> 17 | L13: M-GALKE | M13: =SUM(AOÛT!B15:K15) -> 53 | N13: 7 | O13: =SUM(AOÛT!L15:U15) -> 32 | P13: 2 | Q13: =SUM(AOÛT!V15:AF15) -> 113 | R13: 5 | S13: =M13+O13+Q13 -> 198 | T13: =N13+P13+R13 -> 14 | W13: M-GALKE | X13: =SUM(JUIN!B15:K15) -> 34 | Y13: 5 | Z13: =SUM(JUIN!L15:U15) -> 74 | AA13: 6 | AB13: =SUM(JUIN!V15:AF15) -> 25 | AC13: 7 | AD13: =X13+Z13+AB13 -> 133 | AE13: =Y13+AA13+AC13 -> 18 | AH13: M-GALKE | AI13: =SUM(MAI!B15:K15) -> 38 | AJ13: 7 | AK13: =SUM(MAI!L15:U15) -> 16 | AL13: 9 | AM13: =SUM(MAI!V15:AF15) -> 39 | AN13: 7 | AO13: =AI13+AK13+AM13 -> 93 | AP13: =AJ13+AL13+AN13 -> 23 | AT13: M-GALKE | AU13: =SUM(AVRIL!B15:K15) -> 34 | AV13: 7 | AW13: =SUM(AVRIL!L15:U15) -> 0 | AX13: 10 | AY13: =SUM(AVRIL!V15:AE15) -> 23 | AZ13: 6 | BA13: =AU13+AW13+AY13 -> 57 | BB13: =AV13+AX13+AZ13 -> 23 | BE13: M-GALKE | BF13: =SUM(MARS!B15:K15) -> 0 | BG13: 10 | BH13: =SUM(MARS!L15:U15) -> 0 | BI13: 10 | BJ13: =SUM(MARS!V15:AF15) -> 13 | BK13: 9 | BL13: =BF13+BH13+BJ13 -> 13 | BM13: =BG13+BI13+BK13 -> 29
A14: TOUBORO | B14: =SUM(JUILLET!B16:K16) -> 57 | C14: 6 | D14: =SUM(JUILLET!L16:U16) -> 94 | E14: 2 | F14: =SUM(JUILLET!V16:AF16) -> 111 | G14: 3 | H14: =B14+D14+F14 -> 262 | I14: =C14+E14+G14 -> 11 | L14: TOUBORO | M14: =SUM(AOÛT!B16:K16) -> 67 | N14: 6 | O14: =SUM(AOÛT!L16:U16) -> 91 | P14: 2 | Q14: =SUM(AOÛT!V16:AF16) -> 86 | R14: 6 | S14: =M14+O14+Q14 -> 244 | T14: =N14+P14+R14 -> 14 | W14: TOUBORO | X14: =SUM(JUIN!B16:K16) -> 74 | Y14: 5 | Z14: =SUM(JUIN!L16:U16) -> 106 | AA14: 4 | AB14: =SUM(JUIN!V16:AF16) -> 52 | AC14: 8 | AD14: =X14+Z14+AB14 -> 232 | AE14: =Y14+AA14+AC14 -> 17 | AH14: TOUBORO | AI14: =SUM(MAI!B16:K16) -> 56 | AJ14: 6 | AK14: =SUM(MAI!L16:U16) -> 20 | AL14: 9 | AM14: =SUM(MAI!V16:AF16) -> 65 | AN14: 8 | AO14: =AI14+AK14+AM14 -> 141 | AP14: =AJ14+AL14+AN14 -> 23 | AT14: TOUBORO | AU14: =SUM(AVRIL!B16:K16) -> 30 | AV14: 6 | AW14: =SUM(AVRIL!L16:U16) -> 54 | AX14: 8 | AY14: =SUM(AVRIL!V16:AE16) -> 27 | AZ14: 8 | BA14: =AU14+AW14+AY14 -> 111 | BB14: =AV14+AX14+AZ14 -> 22 | BE14: TOUBORO | BF14: =SUM(MARS!B16:K16) -> 0 | BG14: 10 | BH14: =SUM(MARS!L16:U16) -> 0 | BI14: 10 | BJ14: =SUM(MARS!V16:AF16) -> 1 | BK14: 10 | BL14: =BF14+BH14+BJ14 -> 1 | BM14: =BG14+BI14+BK14 -> 30
A15: HOME | B15: =SUM(JUILLET!B17:K17) -> 75 | C15: 4 | D15: =SUM(JUILLET!L17:U17) -> 56 | E15: 1 | F15: =SUM(JUILLET!V17:AF17) -> 111 | G15: 3 | H15: =B15+D15+F15 -> 242 | I15: =C15+E15+G15 -> 8 | L15: HOME | M15: =SUM(AOÛT!B17:K17) -> 19 | N15: 4 | O15: =SUM(AOÛT!L17:U17) -> 37 | P15: 1 | Q15: =SUM(AOÛT!V17:AF17) -> 82 | R15: 2 | S15: =M15+O15+Q15 -> 138 | T15: =N15+P15+R15 -> 7 | W15: HOME | X15: =SUM(JUIN!B17:K17) -> 49 | Y15: 7 | Z15: =SUM(JUIN!L17:U17) -> 89 | AA15: 4 | AB15: =SUM(JUIN!V17:AF17) -> 24 | AC15: 7 | AD15: =X15+Z15+AB15 -> 162 | AE15: =Y15+AA15+AC15 -> 18 | AH15: HOME | AI15: =SUM(MAI!B17:K17) -> 7 | AJ15: 8 | AK15: =SUM(MAI!L17:U17) -> 24 | AL15: 4 | AM15: =SUM(MAI!V17:AF17) -> 30 | AN15: 8 | AO15: =AI15+AK15+AM15 -> 61 | AP15: =AJ15+AL15+AN15 -> 20 | AT15: HOME | AU15: =SUM(AVRIL!B17:K17) -> 49 | AV15: 5 | AW15: =SUM(AVRIL!L17:U17) -> 2 | AX15: 8 | AY15: =SUM(AVRIL!V17:AE17) -> 9 | AZ15: 5 | BA15: =AU15+AW15+AY15 -> 60 | BB15: =AV15+AX15+AZ15 -> 18 | BE15: HOME | BF15: =SUM(MARS!B17:K17) -> 0 | BG15: 10 | BH15: =SUM(MARS!L17:U17) -> 0 | BI15: 10 | BJ15: =SUM(MARS!V17:AF17) -> 5 | BK15: 8 | BL15: =BF15+BH15+BJ15 -> 5 | BM15: =BG15+BI15+BK15 -> 28
