Workbook

Sheet PLUV_1
A1: SODECOTON
H2: JOURNEE | I2: 43914
A3: PLUVIOMETRIE JOURNALIERE ET PAR PENTADE
H4: TABLEAU DE SAISI
B5: JOURNEE DU : | D5: =I2 -> 43914 | H5: STATION | I5: RELEVES
H6: MAROUA | I6: 0
A7: STATION | B7: RELEVES | D7: STATION | E7: RELEVES | H7: KAELE | I7: 0
B8: JOURNALIER | C8: CUMUL | E8: JOURNALIER | F8: CUMUL | H8: TCHATIBALI | I8: 0
A9: MAROUA | B9: =I6 -> 0 | C9: =B9 -> 0 | D9: NGONG | E9: =I11 -> 0 | F9: =E9 -> 0 | H9: GUIDER | I9: 0
A10: KAELE | B10: =I7 -> 0 | C10: =B10 -> 0 | D10: POLI | E10: =I12 -> 5 | F10: =E10 -> 5 | H10: GAROUA | I10: 0
A11: TCHATIBALI | B11: =I8 -> 0 | C11: =B11 -> 0 | D11: MAYO-GALKE | E11: =I13 -> 2 | F11: =E11 -> 2 | H11: NGONG | I11: 0
A12: GUIDER | B12: =I9 -> 0 | C12: =B12 -> 0 | D12: TOUBORO | E12: =I16 -> 0 | F12: =E12 -> 0 | H12: POLI | I12: 5
A13: GAROUA | B13: =I10 -> 0 | C13: =B13 -> 0 | D13: HOME | E13: =I17 -> 1 | F13: =E13 -> 1 | H13: MAYO-GALKE | I13: 2
A15: TOTAL JOURNALIER = | C15: =SUM(B9:B13)+SUM(E9:E13) -> 8 | D15: CUMUL GENERAL = | F15: =SUM(C9:C13)+SUM(F9:F13) -> 8
H16: TOUBORO | I16: 0
H17: HOME | I17: 1
A18: Transmis le : | B18: =IFERROR(+I2+1,0) -> 43915

Sheet PLUV_2
A1: SODECOTON
H2: JOURNEE | I2: 43915
A3: PLUVIOMETRIE JOURNALIERE ET PAR PENTADE
H4: TABLEAU DE SAISI
B5: JOURNEE DU : | D5: =I2 -> 43915 | H5: STATION | I5: RELEVES
H6: MAROUA | I6: 17
A7: STATION | B7: RELEVES | D7: STATION | E7: RELEVES | H7: KAELE | I7: 1
B8: JOURNALIER | C8: CUMUL | E8: JOURNALIER | F8: CUMUL | H8: TCHATIBALI | I8: 3
A9: MAROUA | B9: =I6 -> 17 | C9: =PLUV_1!C9+B9 -> 17 | D9: NGONG | E9: =I11 -> 0 | F9: =PLUV_1!F9+E9 -> 0 | H9: GUIDER | I9: 0
A10: KAELE | B10: =I7 -> 1 | C10: =PLUV_1!C10+B10 -> 1 | D10: POLI | E10: =I12 -> 0 | F10: =PLUV_1!F10+E10 -> 5 | H10: GAROUA | I10: 0
A11: TCHATIBALI | B11: =I8 -> 3 | C11: =PLUV_1!C11+B11 -> 3 | D11: MAYO-GALKE | E11: =I13 -> 0 | F11: =PLUV_1!F11+E11 -> 2 | H11: NGONG | I11: 0
A12: GUIDER | B12: =I9 -> 0 | C12: =PLUV_1!C12+B12 -> 0 | D12: TOUBORO | E12: =I16 -> 0 | F12: =PLUV_1!F12+E12 -> 0 | H12: POLI | I12: 0
A13: GAROUA | B13: =I10 -> 0 | C13: =PLUV_1!C13+B13 -> 0 | D13: HOME | E13: =I17 -> 2 | F13: =PLUV_1!F13+E13 -> 3 | H13: MAYO-GALKE | I13: 0
A15: TOTAL JOURNALIER = | C15: =SUM(B9:B13)+SUM(E9:E13) -> 23 | D15: CUMUL GENERAL = | F15: =SUM(C9:C13)+SUM(F9:F13) -> 31
H16: TOUBORO | I16: 0
H17: HOME | I17: 2
A18: Transmis le : | B18: =IFERROR(+I2+1,0) -> 43916

Sheet PLUV_3
A1: SODECOTON
H2: JOURNEE | I2: 43916
A3: PLUVIOMETRIE JOURNALIERE ET PAR PENTADE
H4: TABLEAU DE SAISI
B5: JOURNEE DU : | D5: =I2 -> 43916 | H5: STATION | I5: RELEVES
H6: MAROUA | I6: 0
A7: STATION | B7: RELEVES | D7: STATION | E7: RELEVES | H7: KAELE | I7: 0
B8: JOURNALIER | C8: CUMUL | E8: JOURNALIER | F8: CUMUL | H8: TCHATIBALI | I8: 0
A9: MAROUA | B9: =I6 -> 0 | C9: =PLUV_2!C9+B9 -> 17 | D9: NGONG | E9: =I11 -> 0 | F9: =PLUV_2!F9+E9 -> 0 | H9: GUIDER | I9: 0
A10: KAELE | B10: =I7 -> 0 | C10: =PLUV_2!C10+B10 -> 1 | D10: POLI | E10: =I12 -> 0 | F10: =PLUV_2!F10+E10 -> 5 | H10: GAROUA | I10: 0
A11: TCHATIBALI | B11: =I8 -> 0 | C11: =PLUV_2!C11+B11 -> 3 | D11: MAYO-GALKE | E11: =I13 -> 11 | F11: =PLUV_2!F11+E11 -> 13 | H11: NGONG | I11: 0
A12: GUIDER | B12: =I9 -> 0 | C12: =PLUV_2!C12+B12 -> 0 | D12: TOUBORO | E12: =I16 -> 1 | F12: =PLUV_2!F12+E12 -> 1 | H12: POLI | I12: 0
A13: GAROUA | B13: =I10 -> 0 | C13: =PLUV_2!C13+B13 -> 0 | D13: HOME | E13: =I17 -> 0 | F13: =PLUV_2!F13+E13 -> 3 | H13: MAYO-GALKE | I13: 11
A15: TOTAL JOURNALIER = | C15: =SUM(B9:B13)+SUM(E9:E13) -> 12 | D15: CUMUL GENERAL = | F15: =SUM(C9:C13)+SUM(F9:F13) -> 43
H16: TOUBORO | I16: 1
H17: HOME | I17: 0
A18: Transmis le : | B18: =IFERROR(+I2+1,0) -> 43917

Sheet PLUV_4
A1: SODECOTON
H2: JOURNEE | I2: 43921
A3: PLUVIOMETRIE JOURNALIERE ET PAR PENTADE
H4: TABLEAU DE SAISI
B5: JOURNEE DU : | D5: =I2 -> 43921 | H5: STATION | I5: RELEVES
H6: MAROUA | I6: 0
A7: STATION | B7: RELEVES | D7: STATION | E7: RELEVES | H7: KAELE | I7: 0
B8: JOURNALIER | C8: CUMUL | E8: JOURNALIER | F8: CUMUL | H8: TCHATIBALI | I8: 0
A9: MAROUA | B9: =I6 -> 0 | C9: =PLUV_3!C9+B9 -> 17 | D9: NGONG | E9: =I11 -> 0 | F9: =PLUV_3!F9+E9 -> 0 | H9: GUIDER | I9: 0
A10: KAELE | B10: =I7 -> 0 | C10: =PLUV_3!C10+B10 -> 1 | D10: POLI | E10: =I12 -> 0 | F10: =PLUV_3!F10+E10 -> 5 | H10: GAROUA | I10: 0
A11: TCHATIBALI | B11: =I8 -> 0 | C11: =PLUV_3!C11+B11 -> 3 | D11: MAYO-GALKE | E11: =I13 -> 0 | F11: =PLUV_3!F11+E11 -> 13 | H11: NGONG | I11: 0
A12: GUIDER | B12: =I9 -> 0 | C12: =PLUV_3!C12+B12 -> 0 | D12: TOUBORO | E12: =I16 -> 0 | F12: =PLUV_3!F12+E12 -> 1 | H12: POLI | I12: 0
A13: GAROUA | B13: =I10 -> 0 | C13: =PLUV_3!C13+B13 -> 0 | D13: HOME | E13: =I17 -> 2 | F13: =PLUV_3!F13+E13 -> 5 | H13: MAYO-GALKE | I13: 0
A15: TOTAL JOURNALIER = | C15: =SUM(B9:B13)+SUM(E9:E13) -> 2 | D15: CUMUL GENERAL = | F15: =SUM(C9:C13)+SUM(F9:F13) -> 45
H16: TOUBORO | I16: 0
H17: HOME | I17: 2
A18: Transmis le : | B18: =IFERROR(+I2+1,0) -> 43922

Sheet PLUV_5
A1: SODECOTON
H2: JOURNEE | I2: 43924
A3: PLUVIOMETRIE JOURNALIERE ET PAR PENTADE
H4: TABLEAU DE SAISI
B5: JOURNEE DU : | D5: =I2 -> 43924 | H5: STATION | I5: RELEVES
H6: MAROUA | I6: 0
A7: STATION | B7: RELEVES | D7: STATION | E7: RELEVES | H7: KAELE | I7: 0
B8: JOURNALIER | C8: CUMUL | E8: JOURNALIER | F8: CUMUL | H8: TCHATIBALI | I8: 0
A9: MAROUA | B9: =I6 -> 0 | C9: =PLUV_4!C9+B9 -> 17 | D9: NGONG | E9: =I11 -> 0 | F9: =PLUV_4!F9+E9 -> 0 | H9: GUIDER | I9: 0
A10: KAELE | B10: =I7 -> 0 | C10: =PLUV_4!C10+B10 -> 1 | D10: POLI | E10: =I12 -> 0 | F10: =PLUV_4!F10+E10 -> 5 | H10: GAROUA | I10: 0
A11: TCHATIBALI | B11: =I8 -> 0 | C11: =PLUV_4!C11+B11 -> 3 | D11: MAYO-GALKE | E11: =I13 -> 0 | F11: =PLUV_4!F11+E11 -> 13 | H11: NGONG | I11: 0
A12: GUIDER | B12: =I9 -> 0 | C12: =PLUV_4!C12+B12 -> 0 | D12: TOUBORO | E12: =I16 -> 1 | F12: =PLUV_4!F12+E12 -> 2 | H12: POLI | I12: 0
A13: GAROUA | B13: =I10 -> 0 | C13: =PLUV_4!C13+B13 -> 0 | D13: HOME | E13: =I17 -> 2 | F13: =PLUV_4!F13+E13 -> 7 | H13: MAYO-GALKE | I13: 0
A15: TOTAL JOURNALIER = | C15: =SUM(B9:B13)+SUM(E9:E13) -> 3 | D15: CUMUL GENERAL = | F15: =SUM(C9:C13)+SUM(F9:F13) -> 48
H16: TOUBORO | I16: 1
H17: HOME | I17: 2
A18: Transmis le : | B18: =IFERROR(+I2+1,0) -> 43925

Sheet PLUV_6
A1: SODECOTON
H2: JOURNEE | I2: 43926
A3: PLUVIOMETRIE JOURNALIERE ET PAR PENTADE
H4: TABLEAU DE SAISI
B5: JOURNEE DU : | D5: =I2 -> 43926 | H5: STATION | I5: RELEVES
H6: MAROUA | I6: 0
A7: STATION | B7: RELEVES | D7: STATION | E7: RELEVES | H7: KAELE | I7: 0
B8: JOURNALIER | C8: CUMUL | E8: JOURNALIER | F8: CUMUL | H8: TCHATIBALI | I8: 0
A9: MAROUA | B9: =I6 -> 0 | C9: =PLUV_5!C9+B9 -> 17 | D9: NGONG | E9: =I11 -> 3 | F9: =PLUV_5!F9+E9 -> 3 | H9: GUIDER | I9: 0
A10: KAELE | B10: =I7 -> 0 | C10: =PLUV_5!C10+B10 -> 1 | D10: POLI | E10: =I12 -> 19 | F10: =PLUV_5!F10+E10 -> 24 | H10: GAROUA | I10: 0
A11: TCHATIBALI | B11: =I8 -> 0 | C11: =PLUV_5!C11+B11 -> 3 | D11: MAYO-GALKE | E11: =I13 -> 1 | F11: =PLUV_5!F11+E11 -> 14 | H11: NGONG | I11: 3
A12: GUIDER | B12: =I9 -> 0 | C12: =PLUV_5!C12+B12 -> 0 | D12: TOUBORO | E12: =I16 -> 0 | F12: =PLUV_5!F12+E12 -> 2 | H12: POLI | I12: 19
A13: GAROUA | B13: =I10 -> 0 | C13: =PLUV_5!C13+B13 -> 0 | D13: HOME | E13: =I17 -> 0 | F13: =PLUV_5!F13+E13 -> 7 | H13: MAYO-GALKE | I13: 1
A15: TOTAL JOURNALIER = | C15: =SUM(B9:B13)+SUM(E9:E13) -> 23 | D15: CUMUL GENERAL = | F15: =SUM(C9:C13)+SUM(F9:F13) -> 71
H16: TOUBORO | I16: 0
H17: HOME | I17: 0
A18: Transmis le : | B18: =IFERROR(+I2+1,0) -> 43927

Sheet PLUV_7
A1: SODECOTON
H2: JOURNEE | I2: 43927
A3: PLUVIOMETRIE JOURNALIERE ET PAR PENTADE
H4: TABLEAU DE SAISI
B5: JOURNEE DU : | D5: =I2 -> 43927 | H5: STATION | I5: RELEVES
H6: MAROUA | I6: 1
A7: STATION | B7: RELEVES | D7: STATION | E7: RELEVES | H7: KAELE | I7: 0
B8: JOURNALIER | C8: CUMUL | E8: JOURNALIER | F8: CUMUL | H8: TCHATIBALI | I8: 0
A9: MAROUA | B9: =I6 -> 1 | C9: =PLUV_6!C9+B9 -> 18 | D9: NGONG | E9: =I11 -> 0 | F9: =PLUV_6!F9+E9 -> 3 | H9: GUIDER | I9: 0
A10: KAELE | B10: =I7 -> 0 | C10: =PLUV_6!C10+B10 -> 1 | D10: POLI | E10: =I12 -> 0 | F10: =PLUV_6!F10+E10 -> 24 | H10: GAROUA | I10: 0
A11: TCHATIBALI | B11: =I8 -> 0 | C11: =PLUV_6!C11+B11 -> 3 | D11: MAYO-GALKE | E11: =I13 -> 26 | F11: =PLUV_6!F11+E11 -> 40 | H11: NGONG | I11: 0
A12: GUIDER | B12: =I9 -> 0 | C12: =PLUV_6!C12+B12 -> 0 | D12: TOUBORO | E12: =I16 -> 20 | F12: =PLUV_6!F12+E12 -> 22 | H12: POLI | I12: 0
A13: GAROUA | B13: =I10 -> 0 | C13: =PLUV_6!C13+B13 -> 0 | D13: HOME | E13: =I17 -> 8 | F13: =PLUV_6!F13+E13 -> 15 | H13: MAYO-GALKE | I13: 26
A15: TOTAL JOURNALIER = | C15: =SUM(B9:B13)+SUM(E9:E13) -> 55 | D15: CUMUL GENERAL = | F15: =SUM(C9:C13)+SUM(F9:F13) -> 126
H16: TOUBORO | I16: 20
H17: HOME | I17: 8
A18: Transmis le : | B18: =IFERROR(+I2+1,0) -> 43928

Sheet PLUV_8
A1: SODECOTON
H2: JOURNEE | I2: 43929
A3: PLUVIOMETRIE JOURNALIERE ET PAR PENTADE
H4: TABLEAU DE SAISI
B5: JOURNEE DU : | D5: =I2 -> 43929 | H5: STATION | I5: RELEVES
H6: MAROUA | I6: 0
A7: STATION | B7: RELEVES | D7: STATION | E7: RELEVES | H7: KAELE | I7: 0
B8: JOURNALIER | C8: CUMUL | E8: JOURNALIER | F8: CUMUL | H8: TCHATIBALI | I8: 0
A9: MAROUA | B9: =I6 -> 0 | C9: =PLUV_7!C9+B9 -> 18 | D9: NGONG | E9: =I11 -> 0 | F9: =PLUV_7!F9+E9 -> 3 | H9: GUIDER | I9: 0
A10: KAELE | B10: =I7 -> 0 | C10: =PLUV_7!C10+B10 -> 1 | D10: POLI | E10: =I12 -> 0 | F10: =PLUV_7!F10+E10 -> 24 | H10: GAROUA | I10: 0
A11: TCHATIBALI | B11: =I8 -> 0 | C11: =PLUV_7!C11+B11 -> 3 | D11: MAYO-GALKE | E11: =I13 -> 7 | F11: =PLUV_7!F11+E11 -> 47 | H11: NGONG | I11: 0
A12: GUIDER | B12: =I9 -> 0 | C12: =PLUV_7!C12+B12 -> 0 | D12: TOUBORO | E12: =I16 -> 6 | F12: =PLUV_7!F12+E12 -> 28 | H12: POLI | I12: 0
A13: GAROUA | B13: =I10 -> 0 | C13: =PLUV_7!C13+B13 -> 0 | D13: HOME | E13: =I17 -> 35 | F13: =PLUV_7!F13+E13 -> 50 | H13: MAYO-GALKE | I13: 7
A15: TOTAL JOURNALIER = | C15: =SUM(B9:B13)+SUM(E9:E13) -> 48 | D15: CUMUL GENERAL = | F15: =SUM(C9:C13)+SUM(F9:F13) -> 174
H16: TOUBORO | I16: 6
H17: HOME | I17: 35
A18: Transmis le : | B18: =IFERROR(+I2+1,0) -> 43930

Sheet PLUV_9
A1: SODECOTON
H2: JOURNEE | I2: 43930
A3: PLUVIOMETRIE JOURNALIERE ET PAR PENTADE
H4: TABLEAU DE SAISI
B5: JOURNEE DU : | D5: =I2 -> 43930 | H5: STATION | I5: RELEVES
H6: MAROUA | I6: 0
A7: STATION | B7: RELEVES | D7: STATION | E7: RELEVES | H7: KAELE | I7: 0
B8: JOURNALIER | C8: CUMUL | E8: JOURNALIER | F8: CUMUL | H8: TCHATIBALI | I8: 0
A9: MAROUA | B9: =I6 -> 0 | C9: =PLUV_8!C9+B9 -> 18 | D9: NGONG | E9: =I11 -> 0 | F9: =PLUV_8!F9+E9 -> 3 | H9: GUIDER | I9: 0
A10: KAELE | B10: =I7 -> 0 | C10: =PLUV_8!C10+B10 -> 1 | D10: POLI | E10: =I12 -> 0 | F10: =PLUV_8!F10+E10 -> 24 | H10: GAROUA | I10: 0
A11: TCHATIBALI | B11: =I8 -> 0 | C11: =PLUV_8!C11+B11 -> 3 | D11: MAYO-GALKE | E11: =I13 -> 0 | F11: =PLUV_8!F11+E11 -> 47 | H11: NGONG | I11: 0
A12: GUIDER | B12: =I9 -> 0 | C12: =PLUV_8!C12+B12 -> 0 | D12: TOUBORO | E12: =I16 -> 0 | F12: =PLUV_8!F12+E12 -> 28 | H12: POLI | I12: 0
A13: GAROUA | B13: =I10 -> 0 | C13: =PLUV_8!C13+B13 -> 0 | D13: HOME | E13: =I17 -> 1 | F13: =PLUV_8!F13+E13 -> 51 | H13: MAYO-GALKE | I13: 0
A15: TOTAL JOURNALIER = | C15: =SUM(B9:B13)+SUM(E9:E13) -> 1 | D15: CUMUL GENERAL = | F15: =SUM(C9:C13)+SUM(F9:F13) -> 175
H16: TOUBORO | I16: 0
H17: HOME | I17: 1
A18: Transmis le : | B18: =IFERROR(+I2+1,0) -> 43931

Sheet PLUV_10
A1: SODECOTON
H2: JOURNEE | I2: 43931
A3: PLUVIOMETRIE JOURNALIERE ET PAR PENTADE
H4: TABLEAU DE SAISI
B5: JOURNEE DU : | D5: =I2 -> 43931 | H5: STATION | I5: RELEVES
H6: MAROUA | I6: 0
A7: STATION | B7: RELEVES | D7: STATION | E7: RELEVES | H7: KAELE | I7: 0
B8: JOURNALIER | C8: CUMUL | E8: JOURNALIER | F8: CUMUL | H8: TCHATIBALI | I8: 0
A9: MAROUA | B9: =I6 -> 0 | C9: =PLUV_9!C9+B9 -> 18 | D9: NGONG | E9: =I11 -> 0 | F9: =PLUV_9!F9+E9 -> 3 | H9: GUIDER | I9: 0
A10: KAELE | B10: =I7 -> 0 | C10: =PLUV_9!C10+B10 -> 1 | D10: POLI | E10: =I12 -> 0 | F10: =PLUV_9!F10+E10 -> 24 | H10: GAROUA | I10: 0
A11: TCHATIBALI | B11: =I8 -> 0 | C11: =PLUV_9!C11+B11 -> 3 | D11: MAYO-GALKE | E11: =I13 -> 0 | F11: =PLUV_9!F11+E11 -> 47 | H11: NGONG | I11: 0
A12: GUIDER | B12: =I9 -> 0 | C12: =PLUV_9!C12+B12 -> 0 | D12: TOUBORO | E12: =I16 -> 3 | F12: =PLUV_9!F12+E12 -> 31 | H12: POLI | I12: 0
A13: GAROUA | B13: =I10 -> 0 | C13: =PLUV_9!C13+B13 -> 0 | D13: HOME | E13: =I17 -> 3 | F13: =PLUV_9!F13+E13 -> 54 | H13: MAYO-GALKE | I13: 0
A15: TOTAL JOURNALIER = | C15: =SUM(B9:B13)+SUM(E9:E13) -> 6 | D15: CUMUL GENERAL = | F15: =SUM(C9:C13)+SUM(F9:F13) -> 181
H16: TOUBORO | I16: 3
H17: HOME | I17: 3
A18: Transmis le : | B18: =IFERROR(+I2+1,0) -> 43932

Sheet PLUV_11
A1: SODECOTON
H2: JOURNEE | I2: 43932
A3: PLUVIOMETRIE JOURNALIERE ET PAR PENTADE
H4: TABLEAU DE SAISI
B5: JOURNEE DU : | D5: =I2 -> 43932 | H5: STATION | I5: RELEVES
H6: MAROUA | I6: 0
A7: STATION | B7: RELEVES | D7: STATION | E7: RELEVES | H7: KAELE | I7: 0
B8: JOURNALIER | C8: CUMUL | E8: JOURNALIER | F8: CUMUL | H8: TCHATIBALI | I8: 0
A9: MAROUA | B9: =I6 -> 0 | C9: =PLUV_10!C9+B9 -> 18 | D9: NGONG | E9: =I11 -> 0 | F9: =PLUV_10!F9+E9 -> 3 | H9: GUIDER | I9: 0
A10: KAELE | B10: =I7 -> 0 | C10: =PLUV_10!C10+B10 -> 1 | D10: POLI | E10: =I12 -> 0 | F10: =PLUV_10!F10+E10 -> 24 | H10: GAROUA | I10: 0
A11: TCHATIBALI | B11: =I8 -> 0 | C11: =PLUV_10!C11+B11 -> 3 | D11: MAYO-GALKE | E11: =I13 -> 0 | F11: =PLUV_10!F11+E11 -> 47 | H11: NGONG | I11: 0
A12: GUIDER | B12: =I9 -> 0 | C12: =PLUV_10!C12+B12 -> 0 | D12: TOUBORO | E12: =I16 -> 0 | F12: =PLUV_10!F12+E12 -> 31 | H12: POLI | I12: 0
A13: GAROUA | B13: =I10 -> 0 | C13: =PLUV_10!C13+B13 -> 0 | D13: HOME | E13: =I17 -> 1 | F13: =PLUV_10!F13+E13 -> 55 | H13: MAYO-GALKE | I13: 0
A15: TOTAL JOURNALIER = | C15: =SUM(B9:B13)+SUM(E9:E13) -> 1 | D15: CUMUL GENERAL = | F15: =SUM(C9:C13)+SUM(F9:F13) -> 182
H16: TOUBORO | I16: 0
H17: HOME | I17: 1
A18: Transmis le : | B18: =IFERROR(+I2+1,0) -> 43933

Sheet PLUV_12
A1: SODECOTON
H2: JOURNEE | I2: 43935
A3: PLUVIOMETRIE JOURNALIERE ET PAR PENTADE
H4: TABLEAU DE SAISI
B5: JOURNEE DU : | D5: =I2 -> 43935 | H5: STATION | I5: RELEVES
H6: MAROUA | I6: 0
A7: STATION | B7: RELEVES | D7: STATION | E7: RELEVES | H7: KAELE | I7: 0
B8: JOURNALIER | C8: CUMUL | E8: JOURNALIER | F8: CUMUL | H8: TCHATIBALI | I8: 0
A9: MAROUA | B9: =I6 -> 0 | C9: =PLUV_11!C9+B9 -> 18 | D9: NGONG | E9: =I11 -> 0 | F9: =PLUV_11!F9+E9 -> 3 | H9: GUIDER | I9: 0
A10: KAELE | B10: =I7 -> 0 | C10: =PLUV_11!C10+B10 -> 1 | D10: POLI | E10: =I12 -> 0 | F10: =PLUV_11!F10+E10 -> 24 | H10: GAROUA | I10: 0
A11: TCHATIBALI | B11: =I8 -> 0 | C11: =PLUV_11!C11+B11 -> 3 | D11: MAYO-GALKE | E11: =I13 -> 0 | F11: =PLUV_11!F11+E11 -> 47 | H11: NGONG | I11: 0
A12: GUIDER | B12: =I9 -> 0 | C12: =PLUV_11!C12+B12 -> 0 | D12: TOUBORO | E12: =I16 -> 0 | F12: =PLUV_11!F12+E12 -> 31 | H12: POLI | I12: 0
A13: GAROUA | B13: =I10 -> 0 | C13: =PLUV_11!C13+B13 -> 0 | D13: HOME | E13: =I17 -> 1 | F13: =PLUV_11!F13+E13 -> 56 | H13: MAYO-GALKE | I13: 0
A15: TOTAL JOURNALIER = | C15: =SUM(B9:B13)+SUM(E9:E13) -> 1 | D15: CUMUL GENERAL = | F15: =SUM(C9:C13)+SUM(F9:F13) -> 183
H16: TOUBORO | I16: 0
H17: HOME | I17: 1
A18: Transmis le : | B18: =IFERROR(+I2+1,0) -> 43936

Sheet PLUV_13
A1: SODECOTON
H2: JOURNEE | I2: 43940
A3: PLUVIOMETRIE JOURNALIERE ET PAR PENTADE
H4: TABLEAU DE SAISI
B5: JOURNEE DU : | D5: =I2 -> 43940 | H5: STATION | I5: RELEVES
H6: MAROUA | I6: 0
A7: STATION | B7: RELEVES | D7: STATION | E7: RELEVES | H7: KAELE | I7: 0
B8: JOURNALIER | C8: CUMUL | E8: JOURNALIER | F8: CUMUL | H8: TCHATIBALI | I8: 0
A9: MAROUA | B9: =I6 -> 0 | C9: =PLUV_12!C9+B9 -> 18 | D9: NGONG | E9: =I11 -> 0 | F9: =PLUV_12!F9+E9 -> 3 | H9: GUIDER | I9: 0
A10: KAELE | B10: =I7 -> 0 | C10: =PLUV_12!C10+B10 -> 1 | D10: POLI | E10: =I12 -> 0 | F10: =PLUV_12!F10+E10 -> 24 | H10: GAROUA | I10: 0
A11: TCHATIBALI | B11: =I8 -> 0 | C11: =PLUV_12!C11+B11 -> 3 | D11: MAYO-GALKE | E11: =I13 -> 0 | F11: =PLUV_12!F11+E11 -> 47 | H11: NGONG | I11: 0
A12: GUIDER | B12: =I9 -> 0 | C12: =PLUV_12!C12+B12 -> 0 | D12: TOUBORO | E12: =I16 -> 47 | F12: =PLUV_12!F12+E12 -> 78 | H12: POLI | I12: 0
A13: GAROUA | B13: =I10 -> 0 | C13: =PLUV_12!C13+B13 -> 0 | D13: HOME | E13: =I17 -> 0 | F13: =PLUV_12!F13+E13 -> 56 | H13: MAYO-GALKE | I13: 0
A15: TOTAL JOURNALIER = | C15: =SUM(B9:B13)+SUM(E9:E13) -> 47 | D15: CUMUL GENERAL = | F15: =SUM(C9:C13)+SUM(F9:F13) -> 230
H16: TOUBORO | I16: 47
H17: HOME | I17: 0
A18: Transmis le : | B18: =IFERROR(+I2+1,0) -> 43941

Sheet PLUV_14
A1: SODECOTON
H2: JOURNEE | I2: 43941
A3: PLUVIOMETRIE JOURNALIERE ET PAR PENTADE
H4: TABLEAU DE SAISI
B5: JOURNEE DU : | D5: =I2 -> 43941 | H5: STATION | I5: RELEVES
H6: MAROUA | I6: 0
A7: STATION | B7: RELEVES | D7: STATION | E7: RELEVES | H7: KAELE | I7: 0
B8: JOURNALIER | C8: CUMUL | E8: JOURNALIER | F8: CUMUL | H8: TCHATIBALI | I8: 0
A9: MAROUA | B9: =I6 -> 0 | C9: =PLUV_13!C9+B9 -> 18 | D9: NGONG | E9: =I11 -> 0 | F9: =PLUV_13!F9+E9 -> 3 | H9: GUIDER | I9: 0
A10: KAELE | B10: =I7 -> 0 | C10: =PLUV_13!C10+B10 -> 1 | D10: POLI | E10: =I12 -> 0 | F10: =PLUV_13!F10+E10 -> 24 | H10: GAROUA | I10: 0
A11: TCHATIBALI | B11: =I8 -> 0 | C11: =PLUV_13!C11+B11 -> 3 | D11: MAYO-GALKE | E11: =I13 -> 0 | F11: =PLUV_13!F11+E11 -> 47 | H11: NGONG | I11: 0
A12: GUIDER | B12: =I9 -> 0 | C12: =PLUV_13!C12+B12 -> 0 | D12: TOUBORO | E12: =I16 -> 7 | F12: =PLUV_13!F12+E12 -> 85 | H12: POLI | I12: 0
A13: GAROUA | B13: =I10 -> 0 | C13: =PLUV_13!C13+B13 -> 0 | D13: HOME | E13: =I17 -> 0 | F13: =PLUV_13!F13+E13 -> 56 | H13: MAYO-GALKE | I13: 0
A15: TOTAL JOURNALIER = | C15: =SUM(B9:B13)+SUM(E9:E13) -> 7 | D15: CUMUL GENERAL = | F15: =SUM(C9:C13)+SUM(F9:F13) -> 237
H16: TOUBORO | I16: 7
H17: HOME | I17: 0
A18: Transmis le : | B18: =IFERROR(+I2+1,0) -> 43942

Sheet PLUV_15
A1: SODECOTON
H2: JOURNEE | I2: 43942
A3: PLUVIOMETRIE JOURNALIERE ET PAR PENTADE
H4: TABLEAU DE SAISI
B5: JOURNEE DU : | D5: =I2 -> 43942 | H5: STATION | I5: RELEVES
H6: MAROUA | I6: 0
A7: STATION | B7: RELEVES | D7: STATION | E7: RELEVES | H7: KAELE | I7: 0
B8: JOURNALIER | C8: CUMUL | E8: JOURNALIER | F8: CUMUL | H8: TCHATIBALI | I8: 0
A9: MAROUA | B9: =I6 -> 0 | C9: =PLUV_14!C9+B9 -> 18 | D9: NGONG | E9: =I11 -> 0 | F9: =PLUV_14!F9+E9 -> 3 | H9: GUIDER | I9: 0
A10: KAELE | B10: =I7 -> 0 | C10: =PLUV_14!C10+B10 -> 1 | D10: POLI | E10: =I12 -> 0 | F10: =PLUV_14!F10+E10 -> 24 | H10: GAROUA | I10: 0
A11: TCHATIBALI | B11: =I8 -> 0 | C11: =PLUV_14!C11+B11 -> 3 | D11: MAYO-GALKE | E11: =I13 -> 0 | F11: =PLUV_14!F11+E11 -> 47 | H11: NGONG | I11: 0
A12: GUIDER | B12: =I9 -> 0 | C12: =PLUV_14!C12+B12 -> 0 | D12: TOUBORO | E12: =I16 -> 0 | F12: =PLUV_14!F12+E12 -> 85 | H12: POLI | I12: 0
A13: GAROUA | B13: =I10 -> 0 | C13: =PLUV_14!C13+B13 -> 0 | D13: HOME | E13: =I17 -> 1 | F13: =PLUV_14!F13+E13 -> 57 | H13: MAYO-GALKE | I13: 0
A15: TOTAL JOURNALIER = | C15: =SUM(B9:B13)+SUM(E9:E13) -> 1 | D15: CUMUL GENERAL = | F15: =SUM(C9:C13)+SUM(F9:F13) -> 238
H16: TOUBORO | I16: 0
H17: HOME | I17: 1
A18: Transmis le : | B18: =IFERROR(+I2+1,0) -> 43943

Sheet PLUV_16
A1: SODECOTON
H2: JOURNEE | I2: 43944
A3: PLUVIOMETRIE JOURNALIERE ET PAR PENTADE
H4: TABLEAU DE SAISI
B5: JOURNEE DU : | D5: =I2 -> 43944 | H5: STATION | I5: RELEVES
H6: MAROUA | I6: 0
A7: STATION | B7: RELEVES | D7: STATION | E7: RELEVES | H7: KAELE | I7: 0
B8: JOURNALIER | C8: CUMUL | E8: JOURNALIER | F8: CUMUL | H8: TCHATIBALI | I8: 0
A9: MAROUA | B9: =I6 -> 0 | C9: =PLUV_15!C9+B9 -> 18 | D9: NGONG | E9: =I11 -> 0 | F9: =PLUV_15!F9+E9 -> 3 | H9: GUIDER | I9: 0
A10: KAELE | B10: =I7 -> 0 | C10: =PLUV_15!C10+B10 -> 1 | D10: POLI | E10: =I12 -> 0 | F10: =PLUV_15!F10+E10 -> 24 | H10: GAROUA | I10: 0
A11: TCHATIBALI | B11: =I8 -> 0 | C11: =PLUV_15!C11+B11 -> 3 | D11: MAYO-GALKE | E11: =I13 -> 10 | F11: =PLUV_15!F11+E11 -> 57 | H11: NGONG | I11: 0
A12: GUIDER | B12: =I9 -> 0 | C12: =PLUV_15!C12+B12 -> 0 | D12: TOUBORO | E12: =I16 -> 14 | F12: =PLUV_15!F12+E12 -> 99 | H12: POLI | I12: 0
A13: GAROUA | B13: =I10 -> 0 | C13: =PLUV_15!C13+B13 -> 0 | D13: HOME | E13: =I17 -> 2 | F13: =PLUV_15!F13+E13 -> 59 | H13: MAYO-GALKE | I13: 10
A15: TOTAL JOURNALIER = | C15: =SUM(B9:B13)+SUM(E9:E13) -> 26 | D15: CUMUL GENERAL = | F15: =SUM(C9:C13)+SUM(F9:F13) -> 264
H16: TOUBORO | I16: 14
H17: HOME | I17: 2
A18: Transmis le : | B18: =IFERROR(+I2+1,0) -> 43945

Sheet PLUV_17
A1: SODECOTON
H2: JOURNEE | I2: 43945
A3: PLUVIOMETRIE JOURNALIERE ET PAR PENTADE
H4: TABLEAU DE SAISI
B5: JOURNEE DU : | D5: =I2 -> 43945 | H5: STATION | I5: RELEVES
H6: MAROUA | I6: 0
A7: STATION | B7: RELEVES | D7: STATION | E7: RELEVES | H7: KAELE | I7: 0
B8: JOURNALIER | C8: CUMUL | E8: JOURNALIER | F8: CUMUL | H8: TCHATIBALI | I8: 4
A9: MAROUA | B9: =I6 -> 0 | C9: =PLUV_16!C9+B9 -> 18 | D9: NGONG | E9: =I11 -> 1 | F9: =PLUV_16!F9+E9 -> 4 | H9: GUIDER | I9: 3
A10: KAELE | B10: =I7 -> 0 | C10: =PLUV_16!C10+B10 -> 1 | D10: POLI | E10: =I12 -> 28 | F10: =PLUV_16!F10+E10 -> 52 | H10: GAROUA | I10: 0
A11: TCHATIBALI | B11: =I8 -> 4 | C11: =PLUV_16!C11+B11 -> 7 | D11: MAYO-GALKE | E11: =I13 -> 0 | F11: =PLUV_16!F11+E11 -> 57 | H11: NGONG | I11: 1
A12: GUIDER | B12: =I9 -> 3 | C12: =PLUV_16!C12+B12 -> 3 | D12: TOUBORO | E12: =I16 -> 0 | F12: =PLUV_16!F12+E12 -> 99 | H12: POLI | I12: 28
A13: GAROUA | B13: =I10 -> 0 | C13: =PLUV_16!C13+B13 -> 0 | D13: HOME | E13: =I17 -> 0 | F13: =PLUV_16!F13+E13 -> 59 | H13: MAYO-GALKE | I13: 0
A15: TOTAL JOURNALIER = | C15: =SUM(B9:B13)+SUM(E9:E13) -> 36 | D15: CUMUL GENERAL = | F15: =SUM(C9:C13)+SUM(F9:F13) -> 300
H16: TOUBORO | I16: 0
H17: HOME | I17: 0
A18: Transmis le : | B18: =IFERROR(+I2+1,0) -> 43946

Sheet PLUV_18
A1: SODECOTON
H2: JOURNEE | I2: 43946
A3: PLUVIOMETRIE JOURNALIERE ET PAR PENTADE
H4: TABLEAU DE SAISI
B5: JOURNEE DU : | D5: =I2 -> 43946 | H5: STATION | I5: RELEVES
H6: MAROUA | I6: 0
A7: STATION | B7: RELEVES | D7: STATION | E7: RELEVES | H7: KAELE | I7: 0
B8: JOURNALIER | C8: CUMUL | E8: JOURNALIER | F8: CUMUL | H8: TCHATIBALI | I8: 0
A9: MAROUA | B9: =I6 -> 0 | C9: =PLUV_17!C9+B9 -> 18 | D9: NGONG | E9: =I11 -> 0 | F9: =PLUV_17!F9+E9 -> 4 | H9: GUIDER | I9: 0
A10: KAELE | B10: =I7 -> 0 | C10: =PLUV_17!C10+B10 -> 1 | D10: POLI | E10: =I12 -> 3 | F10: =PLUV_17!F10+E10 -> 55 | H10: GAROUA | I10: 0
A11: TCHATIBALI | B11: =I8 -> 0 | C11: =PLUV_17!C11+B11 -> 7 | D11: MAYO-GALKE | E11: =I13 -> 8 | F11: =PLUV_17!F11+E11 -> 65 | H11: NGONG | I11: 0
A12: GUIDER | B12: =I9 -> 0 | C12: =PLUV_17!C12+B12 -> 3 | D12: TOUBORO | E12: =I16 -> 0 | F12: =PLUV_17!F12+E12 -> 99 | H12: POLI | I12: 3
A13: GAROUA | B13: =I10 -> 0 | C13: =PLUV_17!C13+B13 -> 0 | D13: HOME | E13: =I17 -> 2 | F13: =PLUV_17!F13+E13 -> 61 | H13: MAYO-GALKE | I13: 8
A15: TOTAL JOURNALIER = | C15: =SUM(B9:B13)+SUM(E9:E13) -> 13 | D15: CUMUL GENERAL = | F15: =SUM(C9:C13)+SUM(F9:F13) -> 313
H16: TOUBORO | I16: 0
H17: HOME | I17: 2
A18: Transmis le : | B18: =IFERROR(+I2+1,0) -> 43947

Sheet PLUV_19
A1: SODECOTON
H2: JOURNEE | I2: 43947
A3: PLUVIOMETRIE JOURNALIERE ET PAR PENTADE
H4: TABLEAU DE SAISI
B5: JOURNEE DU : | D5: =I2 -> 43947 | H5: STATION | I5: RELEVES
H6: MAROUA | I6: 0
A7: STATION | B7: RELEVES | D7: STATION | E7: RELEVES | H7: KAELE | I7: 0
B8: JOURNALIER | C8: CUMUL | E8: JOURNALIER | F8: CUMUL | H8: TCHATIBALI | I8: 0
A9: MAROUA | B9: =I6 -> 0 | C9: =PLUV_18!C9+B9 -> 18 | D9: NGONG | E9: =I11 -> 0 | F9: =PLUV_18!F9+E9 -> 4 | H9: GUIDER | I9: 0
A10: KAELE | B10: =I7 -> 0 | C10: =PLUV_18!C10+B10 -> 1 | D10: POLI | E10: =I12 -> 3 | F10: =PLUV_18!F10+E10 -> 58 | H10: GAROUA | I10: 0
A11: TCHATIBALI | B11: =I8 -> 0 | C11: =PLUV_18!C11+B11 -> 7 | D11: MAYO-GALKE | E11: =I13 -> 2 | F11: =PLUV_18!F11+E11 -> 67 | H11: NGONG | I11: 0
A12: GUIDER | B12: =I9 -> 0 | C12: =PLUV_18!C12+B12 -> 3 | D12: TOUBORO | E12: =I16 -> 0 | F12: =PLUV_18!F12+E12 -> 99 | H12: POLI | I12: 3
A13: GAROUA | B13: =I10 -> 0 | C13: =PLUV_18!C13+B13 -> 0 | D13: HOME | E13: =I17 -> 2 | F13: =PLUV_18!F13+E13 -> 63 | H13: MAYO-GALKE | I13: 2
A15: TOTAL JOURNALIER = | C15: =SUM(B9:B13)+SUM(E9:E13) -> 7 | D15: CUMUL GENERAL = | F15: =SUM(C9:C13)+SUM(F9:F13) -> 320
H16: TOUBORO | I16: 0
H17: HOME | I17: 2
A18: Transmis le : | B18: =IFERROR(+I2+1,0) -> 43948

Sheet PLUV_20
A1: SODECOTON
H2: JOURNEE | I2: 43948
A3: PLUVIOMETRIE JOURNALIERE ET PAR PENTADE
H4: TABLEAU DE SAISI
B5: JOURNEE DU : | D5: =I2 -> 43948 | H5: STATION | I5: RELEVES
H6: MAROUA | I6: 0
A7: STATION | B7: RELEVES | D7: STATION | E7: RELEVES | H7: KAELE | I7: 0
B8: JOURNALIER | C8: CUMUL | E8: JOURNALIER | F8: CUMUL | H8: TCHATIBALI | I8: 0
A9: MAROUA | B9: =I6 -> 0 | C9: =PLUV_19!C9+B9 -> 18 | D9: NGONG | E9: =I11 -> 0 | F9: =PLUV_19!F9+E9 -> 4 | H9: GUIDER | I9: 0
A10: KAELE | B10: =I7 -> 0 | C10: =PLUV_19!C10+B10 -> 1 | D10: POLI | E10: =I12 -> 0 | F10: =PLUV_19!F10+E10 -> 58 | H10: GAROUA | I10: 0
A11: TCHATIBALI | B11: =I8 -> 0 | C11: =PLUV_19!C11+B11 -> 7 | D11: MAYO-GALKE | E11: =I13 -> 0 | F11: =PLUV_19!F11+E11 -> 67 | H11: NGONG | I11: 0
A12: GUIDER | B12: =I9 -> 0 | C12: =PLUV_19!C12+B12 -> 3 | D12: TOUBORO | E12: =I16 -> 13 | F12: =PLUV_19!F12+E12 -> 112 | H12: POLI | I12: 0
A13: GAROUA | B13: =I10 -> 0 | C13: =PLUV_19!C13+B13 -> 0 | D13: HOME | E13: =I17 -> 2 | F13: =PLUV_19!F13+E13 -> 65 | H13: MAYO-GALKE | I13: 0
A15: TOTAL JOURNALIER = | C15: =SUM(B9:B13)+SUM(E9:E13) -> 15 | D15: CUMUL GENERAL = | F15: =SUM(C9:C13)+SUM(F9:F13) -> 335
H16: TOUBORO | I16: 13
H17: HOME | I17: 2
A18: Transmis le : | B18: =IFERROR(+I2+1,0) -> 43949

Sheet PLUV_21
A1: SODECOTON
H2: JOURNEE | I2: 43951
A3: PLUVIOMETRIE JOURNALIERE ET PAR PENTADE
H4: TABLEAU DE SAISI
B5: JOURNEE DU : | D5: =I2 -> 43951 | H5: STATION | I5: RELEVES
H6: MAROUA | I6: 0
A7: STATION | B7: RELEVES | D7: STATION | E7: RELEVES | H7: KAELE | I7: 0
B8: JOURNALIER | C8: CUMUL | E8: JOURNALIER | F8: CUMUL | H8: TCHATIBALI | I8: 0
A9: MAROUA | B9: =I6 -> 0 | C9: =PLUV_20!C9+B9 -> 18 | D9: NGONG | E9: =I11 -> 8 | F9: =PLUV_20!F9+E9 -> 12 | H9: GUIDER | I9: 1
A10: KAELE | B10: =I7 -> 0 | C10: =PLUV_20!C10+B10 -> 1 | D10: POLI | E10: =I12 -> 5 | F10: =PLUV_20!F10+E10 -> 63 | H10: GAROUA | I10: 0
A11: TCHATIBALI | B11: =I8 -> 0 | C11: =PLUV_20!C11+B11 -> 7 | D11: MAYO-GALKE | E11: =I13 -> 3 | F11: =PLUV_20!F11+E11 -> 70 | H11: NGONG | I11: 8
A12: GUIDER | B12: =I9 -> 1 | C12: =PLUV_20!C12+B12 -> 4 | D12: TOUBORO | E12: =I16 -> 0 | F12: =PLUV_20!F12+E12 -> 112 | H12: POLI | I12: 5
A13: GAROUA | B13: =I10 -> 0 | C13: =PLUV_20!C13+B13 -> 0 | D13: HOME | E13: =I17 -> 0 | F13: =PLUV_20!F13+E13 -> 65 | H13: MAYO-GALKE | I13: 3
A15: TOTAL JOURNALIER = | C15: =SUM(B9:B13)+SUM(E9:E13) -> 17 | D15: CUMUL GENERAL = | F15: =SUM(C9:C13)+SUM(F9:F13) -> 352
H16: TOUBORO | I16: 0
H17: HOME | I17: 0
A18: Transmis le : | B18: =IFERROR(+I2+1,0) -> 43952

Sheet PLUV_22
A1: SODECOTON
H2: JOURNEE | I2: 43952
A3: PLUVIOMETRIE JOURNALIERE ET PAR PENTADE
H4: TABLEAU DE SAISI
B5: JOURNEE DU : | D5: =I2 -> 43952 | H5: STATION | I5: RELEVES
H6: MAROUA | I6: 5
A7: STATION | B7: RELEVES | D7: STATION | E7: RELEVES | H7: KAELE | I7: 0
B8: JOURNALIER | C8: CUMUL | E8: JOURNALIER | F8: CUMUL | H8: TCHATIBALI | I8: 3
A9: MAROUA | B9: =I6 -> 5 | C9: =PLUV_21!C9+B9 -> 23 | D9: NGONG | E9: =I11 -> 0 | F9: =PLUV_21!F9+E9 -> 12 | H9: GUIDER | I9: 0
A10: KAELE | B10: =I7 -> 0 | C10: =PLUV_21!C10+B10 -> 1 | D10: POLI | E10: =I12 -> 0 | F10: =PLUV_21!F10+E10 -> 63 | H10: GAROUA | I10: 0
A11: TCHATIBALI | B11: =I8 -> 3 | C11: =PLUV_21!C11+B11 -> 10 | D11: MAYO-GALKE | E11: =I13 -> 0 | F11: =PLUV_21!F11+E11 -> 70 | H11: NGONG | I11: 0
A12: GUIDER | B12: =I9 -> 0 | C12: =PLUV_21!C12+B12 -> 4 | D12: TOUBORO | E12: =I16 -> 1 | F12: =PLUV_21!F12+E12 -> 113 | H12: POLI | I12: 0
A13: GAROUA | B13: =I10 -> 0 | C13: =PLUV_21!C13+B13 -> 0 | D13: HOME | E13: =I17 -> 0 | F13: =PLUV_21!F13+E13 -> 65 | H13: MAYO-GALKE | I13: 0
A15: TOTAL JOURNALIER = | C15: =SUM(B9:B13)+SUM(E9:E13) -> 9 | D15: CUMUL GENERAL = | F15: =SUM(C9:C13)+SUM(F9:F13) -> 361
H16: TOUBORO | I16: 1
H17: HOME | I17: 0
A18: Transmis le : | B18: =IFERROR(+I2+1,0) -> 43953

Sheet PLUV_23
A1: SODECOTON
H2: JOURNEE | I2: 43953
A3: PLUVIOMETRIE JOURNALIERE ET PAR PENTADE
H4: TABLEAU DE SAISI
B5: JOURNEE DU : | D5: =I2 -> 43953 | H5: STATION | I5: RELEVES
H6: MAROUA | I6: 5
A7: STATION | B7: RELEVES | D7: STATION | E7: RELEVES | H7: KAELE | I7: 0
B8: JOURNALIER | C8: CUMUL | E8: JOURNALIER | F8: CUMUL | H8: TCHATIBALI | I8: 0
A9: MAROUA | B9: =I6 -> 5 | C9: =PLUV_22!C9+B9 -> 28 | D9: NGONG | E9: =I11 -> 0 | F9: =PLUV_22!F9+E9 -> 12 | H9: GUIDER | I9: 4
A10: KAELE | B10: =I7 -> 0 | C10: =PLUV_22!C10+B10 -> 1 | D10: POLI | E10: =I12 -> 0 | F10: =PLUV_22!F10+E10 -> 63 | H10: GAROUA | I10: 0
A11: TCHATIBALI | B11: =I8 -> 0 | C11: =PLUV_22!C11+B11 -> 10 | D11: MAYO-GALKE | E11: =I13 -> 0 | F11: =PLUV_22!F11+E11 -> 70 | H11: NGONG | I11: 0
A12: GUIDER | B12: =I9 -> 4 | C12: =PLUV_22!C12+B12 -> 8 | D12: TOUBORO | E12: =I16 -> 0 | F12: =PLUV_22!F12+E12 -> 113 | H12: POLI | I12: 0
A13: GAROUA | B13: =I10 -> 0 | C13: =PLUV_22!C13+B13 -> 0 | D13: HOME | E13: =I17 -> 0 | F13: =PLUV_22!F13+E13 -> 65 | H13: MAYO-GALKE | I13: 0
A15: TOTAL JOURNALIER = | C15: =SUM(B9:B13)+SUM(E9:E13) -> 9 | D15: CUMUL GENERAL = | F15: =SUM(C9:C13)+SUM(F9:F13) -> 370
H16: TOUBORO | I16: 0
H17: HOME | I17: 0
A18: Transmis le : | B18: =IFERROR(+I2+1,0) -> 43954

Sheet PLUV_24
A1: SODECOTON
H2: JOURNEE | I2: 43954
A3: PLUVIOMETRIE JOURNALIERE ET PAR PENTADE
H4: TABLEAU DE SAISI
B5: JOURNEE DU : | D5: =I2 -> 43954 | H5: STATION | I5: RELEVES
H6: MAROUA | I6: 0
A7: STATION | B7: RELEVES | D7: STATION | E7: RELEVES | H7: KAELE | I7: 0
B8: JOURNALIER | C8: CUMUL | E8: JOURNALIER | F8: CUMUL | H8: TCHATIBALI | I8: 0
A9: MAROUA | B9: =I6 -> 0 | C9: =PLUV_23!C9+B9 -> 28 | D9: NGONG | E9: =I11 -> 3 | F9: =PLUV_23!F9+E9 -> 15 | H9: GUIDER | I9: 1
A10: KAELE | B10: =I7 -> 0 | C10: =PLUV_23!C10+B10 -> 1 | D10: POLI | E10: =I12 -> 86 | F10: =PLUV_23!F10+E10 -> 149 | H10: GAROUA | I10: 0
A11: TCHATIBALI | B11: =I8 -> 0 | C11: =PLUV_23!C11+B11 -> 10 | D11: MAYO-GALKE | E11: =I13 -> 21 | F11: =PLUV_23!F11+E11 -> 91 | H11: NGONG | I11: 3
A12: GUIDER | B12: =I9 -> 1 | C12: =PLUV_23!C12+B12 -> 9 | D12: TOUBORO | E12: =I16 -> 50 | F12: =PLUV_23!F12+E12 -> 163 | H12: POLI | I12: 86
A13: GAROUA | B13: =I10 -> 0 | C13: =PLUV_23!C13+B13 -> 0 | D13: HOME | E13: =I17 -> 3 | F13: =PLUV_23!F13+E13 -> 68 | H13: MAYO-GALKE | I13: 21
A15: TOTAL JOURNALIER = | C15: =SUM(B9:B13)+SUM(E9:E13) -> 164 | D15: CUMUL GENERAL = | F15: =SUM(C9:C13)+SUM(F9:F13) -> 534
H16: TOUBORO | I16: 50
H17: HOME | I17: 3
A18: Transmis le : | B18: =IFERROR(+I2+1,0) -> 43955

Sheet PLUV_25
A1: SODECOTON
H2: JOURNEE | I2: 43955
A3: PLUVIOMETRIE JOURNALIERE ET PAR PENTADE
H4: TABLEAU DE SAISI
B5: JOURNEE DU : | D5: =I2 -> 43955 | H5: STATION | I5: RELEVES
H6: MAROUA | I6: 0
A7: STATION | B7: RELEVES | D7: STATION | E7: RELEVES | H7: KAELE | I7: 0
B8: JOURNALIER | C8: CUMUL | E8: JOURNALIER | F8: CUMUL | H8: TCHATIBALI | I8: 0
A9: MAROUA | B9: =I6 -> 0 | C9: =PLUV_24!C9+B9 -> 28 | D9: NGONG | E9: =I11 -> 0 | F9: =PLUV_24!F9+E9 -> 15 | H9: GUIDER | I9: 0
A10: KAELE | B10: =I7 -> 0 | C10: =PLUV_24!C10+B10 -> 1 | D10: POLI | E10: =I12 -> 0 | F10: =PLUV_24!F10+E10 -> 149 | H10: GAROUA | I10: 0
A11: TCHATIBALI | B11: =I8 -> 0 | C11: =PLUV_24!C11+B11 -> 10 | D11: MAYO-GALKE | E11: =I13 -> 0 | F11: =PLUV_24!F11+E11 -> 91 | H11: NGONG | I11: 0
A12: GUIDER | B12: =I9 -> 0 | C12: =PLUV_24!C12+B12 -> 9 | D12: TOUBORO | E12: =I16 -> 4 | F12: =PLUV_24!F12+E12 -> 167 | H12: POLI | I12: 0
A13: GAROUA | B13: =I10 -> 0 | C13: =PLUV_24!C13+B13 -> 0 | D13: HOME | E13: =I17 -> 0 | F13: =PLUV_24!F13+E13 -> 68 | H13: MAYO-GALKE | I13: 0
A15: TOTAL JOURNALIER = | C15: =SUM(B9:B13)+SUM(E9:E13) -> 4 | D15: CUMUL GENERAL = | F15: =SUM(C9:C13)+SUM(F9:F13) -> 538
H16: TOUBORO | I16: 4
H17: HOME | I17: 0
A18: Transmis le : | B18: =IFERROR(+I2+1,0) -> 43956

Sheet PLUV_26
A1: SODECOTON
H2: JOURNEE | I2: 43958
A3: PLUVIOMETRIE JOURNALIERE ET PAR PENTADE
H4: TABLEAU DE SAISI
B5: JOURNEE DU : | D5: =I2 -> 43958 | H5: STATION | I5: RELEVES
H6: MAROUA | I6: 0
A7: STATION | B7: RELEVES | D7: STATION | E7: RELEVES | H7: KAELE | I7: 0
B8: JOURNALIER | C8: CUMUL | E8: JOURNALIER | F8: CUMUL | H8: TCHATIBALI | I8: 1
A9: MAROUA | B9: =I6 -> 0 | C9: =PLUV_25!C9+B9 -> 28 | D9: NGONG | E9: =I11 -> 0 | F9: =PLUV_25!F9+E9 -> 15 | H9: GUIDER | I9: 0
A10: KAELE | B10: =I7 -> 0 | C10: =PLUV_25!C10+B10 -> 1 | D10: POLI | E10: =I12 -> 0 | F10: =PLUV_25!F10+E10 -> 149 | H10: GAROUA | I10: 0
A11: TCHATIBALI | B11: =I8 -> 1 | C11: =PLUV_25!C11+B11 -> 11 | D11: MAYO-GALKE | E11: =I13 -> 0 | F11: =PLUV_25!F11+E11 -> 91 | H11: NGONG | I11: 0
A12: GUIDER | B12: =I9 -> 0 | C12: =PLUV_25!C12+B12 -> 9 | D12: TOUBORO | E12: =I16 -> 1 | F12: =PLUV_25!F12+E12 -> 168 | H12: POLI | I12: 0
A13: GAROUA | B13: =I10 -> 0 | C13: =PLUV_25!C13+B13 -> 0 | D13: HOME | E13: =I17 -> 4 | F13: =PLUV_25!F13+E13 -> 72 | H13: MAYO-GALKE | I13: 0
A15: TOTAL JOURNALIER = | C15: =SUM(B9:B13)+SUM(E9:E13) -> 6 | D15: CUMUL GENERAL = | F15: =SUM(C9:C13)+SUM(F9:F13) -> 544
H16: TOUBORO | I16: 1
H17: HOME | I17: 4
A18: Transmis le : | B18: =IFERROR(+I2+1,0) -> 43959

Sheet PLUV_27
A1: SODECOTON
H2: JOURNEE | I2: 43960
A3: PLUVIOMETRIE JOURNALIERE ET PAR PENTADE
H4: TABLEAU DE SAISI
B5: JOURNEE DU : | D5: =I2 -> 43960 | H5: STATION | I5: RELEVES
H6: MAROUA | I6: 2
A7: STATION | B7: RELEVES | D7: STATION | E7: RELEVES | H7: KAELE | I7: 5
B8: JOURNALIER | C8: CUMUL | E8: JOURNALIER | F8: CUMUL | H8: TCHATIBALI | I8: 0
A9: MAROUA | B9: =I6 -> 2 | C9: =PLUV_26!C9+B9 -> 30 | D9: NGONG | E9: =I11 -> 0 | F9: =PLUV_26!F9+E9 -> 15 | H9: GUIDER | I9: 10
A10: KAELE | B10: =I7 -> 5 | C10: =PLUV_26!C10+B10 -> 6 | D10: POLI | E10: =I12 -> 7 | F10: =PLUV_26!F10+E10 -> 156 | H10: GAROUA | I10: 0
A11: TCHATIBALI | B11: =I8 -> 0 | C11: =PLUV_26!C11+B11 -> 11 | D11: MAYO-GALKE | E11: =I13 -> 15 | F11: =PLUV_26!F11+E11 -> 106 | H11: NGONG | I11: 0
A12: GUIDER | B12: =I9 -> 10 | C12: =PLUV_26!C12+B12 -> 19 | D12: TOUBORO | E12: =I16 -> 0 | F12: =PLUV_26!F12+E12 -> 168 | H12: POLI | I12: 7
A13: GAROUA | B13: =I10 -> 0 | C13: =PLUV_26!C13+B13 -> 0 | D13: HOME | E13: =I17 -> 0 | F13: =PLUV_26!F13+E13 -> 72 | H13: MAYO-GALKE | I13: 15
A15: TOTAL JOURNALIER = | C15: =SUM(B9:B13)+SUM(E9:E13) -> 39 | D15: CUMUL GENERAL = | F15: =SUM(C9:C13)+SUM(F9:F13) -> 583
H16: TOUBORO | I16: 0
H17: HOME | I17: 0
A18: Transmis le : | B18: =IFERROR(+I2+1,0) -> 43961

Sheet PLUV_28
A1: SODECOTON
H2: JOURNEE | I2: 43961
A3: PLUVIOMETRIE JOURNALIERE ET PAR PENTADE
H4: TABLEAU DE SAISI
B5: JOURNEE DU : | D5: =I2 -> 43961 | H5: STATION | I5: RELEVES
H6: MAROUA | I6: 0
A7: STATION | B7: RELEVES | D7: STATION | E7: RELEVES | H7: KAELE | I7: 0
B8: JOURNALIER | C8: CUMUL | E8: JOURNALIER | F8: CUMUL | H8: TCHATIBALI | I8: 0
A9: MAROUA | B9: =I6 -> 0 | C9: =PLUV_27!C9+B9 -> 30 | D9: NGONG | E9: =I11 -> 0 | F9: =PLUV_27!F9+E9 -> 15 | H9: GUIDER | I9: 1
A10: KAELE | B10: =I7 -> 0 | C10: =PLUV_27!C10+B10 -> 6 | D10: POLI | E10: =I12 -> 0 | F10: =PLUV_27!F10+E10 -> 156 | H10: GAROUA | I10: 0
A11: TCHATIBALI | B11: =I8 -> 0 | C11: =PLUV_27!C11+B11 -> 11 | D11: MAYO-GALKE | E11: =I13 -> 2 | F11: =PLUV_27!F11+E11 -> 108 | H11: NGONG | I11: 0
A12: GUIDER | B12: =I9 -> 1 | C12: =PLUV_27!C12+B12 -> 20 | D12: TOUBORO | E12: =I16 -> 0 | F12: =PLUV_27!F12+E12 -> 168 | H12: POLI | I12: 0
A13: GAROUA | B13: =I10 -> 0 | C13: =PLUV_27!C13+B13 -> 0 | D13: HOME | E13: =I17 -> 0 | F13: =PLUV_27!F13+E13 -> 72 | H13: MAYO-GALKE | I13: 2
A15: TOTAL JOURNALIER = | C15: =SUM(B9:B13)+SUM(E9:E13) -> 3 | D15: CUMUL GENERAL = | F15: =SUM(C9:C13)+SUM(F9:F13) -> 586
H16: TOUBORO | I16: 0
H17: HOME | I17: 0
A18: Transmis le : | B18: =IFERROR(+I2+1,0) -> 43962

Sheet PLUV_29
A1: SODECOTON
H2: JOURNEE | I2: 43963
A3: PLUVIOMETRIE JOURNALIERE ET PAR PENTADE
H4: TABLEAU DE SAISI
B5: JOURNEE DU : | D5: =I2 -> 43963 | H5: STATION | I5: RELEVES
H6: MAROUA | I6: 0
A7: STATION | B7: RELEVES | D7: STATION | E7: RELEVES | H7: KAELE | I7: 0
B8: JOURNALIER | C8: CUMUL | E8: JOURNALIER | F8: CUMUL | H8: TCHATIBALI | I8: 4
A9: MAROUA | B9: =I6 -> 0 | C9: =PLUV_28!C9+B9 -> 30 | D9: NGONG | E9: =I11 -> 0 | F9: =PLUV_28!F9+E9 -> 15 | H9: GUIDER | I9: 5
A10: KAELE | B10: =I7 -> 0 | C10: =PLUV_28!C10+B10 -> 6 | D10: POLI | E10: =I12 -> 0 | F10: =PLUV_28!F10+E10 -> 156 | H10: GAROUA | I10: 0
A11: TCHATIBALI | B11: =I8 -> 4 | C11: =PLUV_28!C11+B11 -> 15 | D11: MAYO-GALKE | E11: =I13 -> 0 | F11: =PLUV_28!F11+E11 -> 108 | H11: NGONG | I11: 0
A12: GUIDER | B12: =I9 -> 5 | C12: =PLUV_28!C12+B12 -> 25 | D12: TOUBORO | E12: =I16 -> 0 | F12: =PLUV_28!F12+E12 -> 168 | H12: POLI | I12: 0
A13: GAROUA | B13: =I10 -> 0 | C13: =PLUV_28!C13+B13 -> 0 | D13: HOME | E13: =I17 -> 8 | F13: =PLUV_28!F13+E13 -> 80 | H13: MAYO-GALKE | I13: 0
A15: TOTAL JOURNALIER = | C15: =SUM(B9:B13)+SUM(E9:E13) -> 17 | D15: CUMUL GENERAL = | F15: =SUM(C9:C13)+SUM(F9:F13) -> 603
H16: TOUBORO | I16: 0
H17: HOME | I17: 8
A18: Transmis le : | B18: =IFERROR(+I2+1,0) -> 43964

Sheet PLUV_30
A1: SODECOTON
H2: JOURNEE | I2: 43964
A3: PLUVIOMETRIE JOURNALIERE ET PAR PENTADE
H4: TABLEAU DE SAISI
B5: JOURNEE DU : | D5: =I2 -> 43964 | H5: STATION | I5: RELEVES
H6: MAROUA | I6: 0
A7: STATION | B7: RELEVES | D7: STATION | E7: RELEVES | H7: KAELE | I7: 19
B8: JOURNALIER | C8: CUMUL | E8: JOURNALIER | F8: CUMUL | H8: TCHATIBALI | I8: 5
A9: MAROUA | B9: =I6 -> 0 | C9: =PLUV_29!C9+B9 -> 30 | D9: NGONG | E9: =I11 -> 0 | F9: =PLUV_29!F9+E9 -> 15 | H9: GUIDER | I9: 9
A10: KAELE | B10: =I7 -> 19 | C10: =PLUV_29!C10+B10 -> 25 | D10: POLI | E10: =I12 -> 0 | F10: =PLUV_29!F10+E10 -> 156 | H10: GAROUA | I10: 20
A11: TCHATIBALI | B11: =I8 -> 5 | C11: =PLUV_29!C11+B11 -> 20 | D11: MAYO-GALKE | E11: =I13 -> 0 | F11: =PLUV_29!F11+E11 -> 108 | H11: NGONG | I11: 0
A12: GUIDER | B12: =I9 -> 9 | C12: =PLUV_29!C12+B12 -> 34 | D12: TOUBORO | E12: =I16 -> 0 | F12: =PLUV_29!F12+E12 -> 168 | H12: POLI | I12: 0
A13: GAROUA | B13: =I10 -> 20 | C13: =PLUV_29!C13+B13 -> 20 | D13: HOME | E13: =I17 -> 0 | F13: =PLUV_29!F13+E13 -> 80 | H13: MAYO-GALKE | I13: 0
A15: TOTAL JOURNALIER = | C15: =SUM(B9:B13)+SUM(E9:E13) -> 53 | D15: CUMUL GENERAL = | F15: =SUM(C9:C13)+SUM(F9:F13) -> 656
H16: TOUBORO | I16: 0
H17: HOME | I17: 0
A18: Transmis le : | B18: =IFERROR(+I2+1,0) -> 43965

Sheet PLUV_31
A1: SODECOTON
H2: JOURNEE | I2: 43965
A3: PLUVIOMETRIE JOURNALIERE ET PAR PENTADE
H4: TABLEAU DE SAISI
B5: JOURNEE DU : | D5: =I2 -> 43965 | H5: STATION | I5: RELEVES
H6: MAROUA | I6: 0
A7: STATION | B7: RELEVES | D7: STATION | E7: RELEVES | H7: KAELE | I7: 0
B8: JOURNALIER | C8: CUMUL | E8: JOURNALIER | F8: CUMUL | H8: TCHATIBALI | I8: 0
A9: MAROUA | B9: =I6 -> 0 | C9: =PLUV_30!C9+B9 -> 30 | D9: NGONG | E9: =I11 -> 0 | F9: =PLUV_30!F9+E9 -> 15 | H9: GUIDER | I9: 0
A10: KAELE | B10: =I7 -> 0 | C10: =PLUV_30!C10+B10 -> 25 | D10: POLI | E10: =I12 -> 0 | F10: =PLUV_30!F10+E10 -> 156 | H10: GAROUA | I10: 0
A11: TCHATIBALI | B11: =I8 -> 0 | C11: =PLUV_30!C11+B11 -> 20 | D11: MAYO-GALKE | E11: =I13 -> 0 | F11: =PLUV_30!F11+E11 -> 108 | H11: NGONG | I11: 0
A12: GUIDER | B12: =I9 -> 0 | C12: =PLUV_30!C12+B12 -> 34 | D12: TOUBORO | E12: =I16 -> 20 | F12: =PLUV_30!F12+E12 -> 188 | H12: POLI | I12: 0
A13: GAROUA | B13: =I10 -> 0 | C13: =PLUV_30!C13+B13 -> 20 | D13: HOME | E13: =I17 -> 3 | F13: =PLUV_30!F13+E13 -> 83 | H13: MAYO-GALKE | I13: 0
A15: TOTAL JOURNALIER = | C15: =SUM(B9:B13)+SUM(E9:E13) -> 23 | D15: CUMUL GENERAL = | F15: =SUM(C9:C13)+SUM(F9:F13) -> 679
H16: TOUBORO | I16: 20
H17: HOME | I17: 3
A18: Transmis le : | B18: =IFERROR(+I2+1,0) -> 43966

Sheet PLUV_32
A1: SODECOTON
H2: JOURNEE | I2: 43966
A3: PLUVIOMETRIE JOURNALIERE ET PAR PENTADE
H4: TABLEAU DE SAISI
B5: JOURNEE DU : | D5: =I2 -> 43966 | H5: STATION | I5: RELEVES
H6: MAROUA | I6: 0
A7: STATION | B7: RELEVES | D7: STATION | E7: RELEVES | H7: KAELE | I7: 0
B8: JOURNALIER | C8: CUMUL | E8: JOURNALIER | F8: CUMUL | H8: TCHATIBALI | I8: 0
A9: MAROUA | B9: =I6 -> 0 | C9: =PLUV_31!C9+B9 -> 30 | D9: NGONG | E9: =I11 -> 0 | F9: =PLUV_31!F9+E9 -> 15 | H9: GUIDER | I9: 0
A10: KAELE | B10: =I7 -> 0 | C10: =PLUV_31!C10+B10 -> 25 | D10: POLI | E10: =I12 -> 18 | F10: =PLUV_31!F10+E10 -> 174 | H10: GAROUA | I10: 0
A11: TCHATIBALI | B11: =I8 -> 0 | C11: =PLUV_31!C11+B11 -> 20 | D11: MAYO-GALKE | E11: =I13 -> 0 | F11: =PLUV_31!F11+E11 -> 108 | H11: NGONG | I11: 0
A12: GUIDER | B12: =I9 -> 0 | C12: =PLUV_31!C12+B12 -> 34 | D12: TOUBORO | E12: =I16 -> 0 | F12: =PLUV_31!F12+E12 -> 188 | H12: POLI | I12: 18
A13: GAROUA | B13: =I10 -> 0 | C13: =PLUV_31!C13+B13 -> 20 | D13: HOME | E13: =I17 -> 5 | F13: =PLUV_31!F13+E13 -> 88 | H13: MAYO-GALKE | I13: 0
A15: TOTAL JOURNALIER = | C15: =SUM(B9:B13)+SUM(E9:E13) -> 23 | D15: CUMUL GENERAL = | F15: =SUM(C9:C13)+SUM(F9:F13) -> 702
H16: TOUBORO | I16: 0
H17: HOME | I17: 5
A18: Transmis le : | B18: =IFERROR(+I2+1,0) -> 43967

Sheet PLUV_33
A1: SODECOTON
H2: JOURNEE | I2: 43968
A3: PLUVIOMETRIE JOURNALIERE ET PAR PENTADE
H4: TABLEAU DE SAISI
B5: JOURNEE DU : | D5: =I2 -> 43968 | H5: STATION | I5: RELEVES
H6: MAROUA | I6: 0
A7: STATION | B7: RELEVES | D7: STATION | E7: RELEVES | H7: KAELE | I7: 0
B8: JOURNALIER | C8: CUMUL | E8: JOURNALIER | F8: CUMUL | H8: TCHATIBALI | I8: 0
A9: MAROUA | B9: =I6 -> 0 | C9: =PLUV_32!C9+B9 -> 30 | D9: NGONG | E9: =I11 -> 0 | F9: =PLUV_32!F9+E9 -> 15 | H9: GUIDER | I9: 0
A10: KAELE | B10: =I7 -> 0 | C10: =PLUV_32!C10+B10 -> 25 | D10: POLI | E10: =I12 -> 18 | F10: =PLUV_32!F10+E10 -> 192 | H10: GAROUA | I10: 0
A11: TCHATIBALI | B11: =I8 -> 0 | C11: =PLUV_32!C11+B11 -> 20 | D11: MAYO-GALKE | E11: =I13 -> 0 | F11: =PLUV_32!F11+E11 -> 108 | H11: NGONG | I11: 0
A12: GUIDER | B12: =I9 -> 0 | C12: =PLUV_32!C12+B12 -> 34 | D12: TOUBORO | E12: =I16 -> 0 | F12: =PLUV_32!F12+E12 -> 188 | H12: POLI | I12: 18
A13: GAROUA | B13: =I10 -> 0 | C13: =PLUV_32!C13+B13 -> 20 | D13: HOME | E13: =I17 -> 3 | F13: =PLUV_32!F13+E13 -> 91 | H13: MAYO-GALKE | I13: 0
A15: TOTAL JOURNALIER = | C15: =SUM(B9:B13)+SUM(E9:E13) -> 21 | D15: CUMUL GENERAL = | F15: =SUM(C9:C13)+SUM(F9:F13) -> 723
H16: TOUBORO | I16: 0
H17: HOME | I17: 3
A18: Transmis le : | B18: =IFERROR(+I2+1,0) -> 43969

Sheet PLUV_34
A1: SODECOTON
H2: JOURNEE | I2: 43969
A3: PLUVIOMETRIE JOURNALIERE ET PAR PENTADE
H4: TABLEAU DE SAISI
B5: JOURNEE DU : | D5: =I2 -> 43969 | H5: STATION | I5: RELEVES
H6: MAROUA | I6: 0
A7: STATION | B7: RELEVES | D7: STATION | E7: RELEVES | H7: KAELE | I7: 0
B8: JOURNALIER | C8: CUMUL | E8: JOURNALIER | F8: CUMUL | H8: TCHATIBALI | I8: 0
A9: MAROUA | B9: =I6 -> 0 | C9: =PLUV_33!C9+B9 -> 30 | D9: NGONG | E9: =I11 -> 34 | F9: =PLUV_33!F9+E9 -> 49 | H9: GUIDER | I9: 0
A10: KAELE | B10: =I7 -> 0 | C10: =PLUV_33!C10+B10 -> 25 | D10: POLI | E10: =I12 -> 32 | F10: =PLUV_33!F10+E10 -> 224 | H10: GAROUA | I10: 10
A11: TCHATIBALI | B11: =I8 -> 0 | C11: =PLUV_33!C11+B11 -> 20 | D11: MAYO-GALKE | E11: =I13 -> 16 | F11: =PLUV_33!F11+E11 -> 124 | H11: NGONG | I11: 34
A12: GUIDER | B12: =I9 -> 0 | C12: =PLUV_33!C12+B12 -> 34 | D12: TOUBORO | E12: =I16 -> 0 | F12: =PLUV_33!F12+E12 -> 188 | H12: POLI | I12: 32
A13: GAROUA | B13: =I10 -> 10 | C13: =PLUV_33!C13+B13 -> 30 | D13: HOME | E13: =I17 -> 2 | F13: =PLUV_33!F13+E13 -> 93 | H13: MAYO-GALKE | I13: 16
A15: TOTAL JOURNALIER = | C15: =SUM(B9:B13)+SUM(E9:E13) -> 94 | D15: CUMUL GENERAL = | F15: =SUM(C9:C13)+SUM(F9:F13) -> 817
H16: TOUBORO | I16: 0
H17: HOME | I17: 2
A18: Transmis le : | B18: =IFERROR(+I2+1,0) -> 43970

Sheet PLUV_35
A1: SODECOTON
H2: JOURNEE | I2: 43970
A3: PLUVIOMETRIE JOURNALIERE ET PAR PENTADE
H4: TABLEAU DE SAISI
B5: JOURNEE DU : | D5: =I2 -> 43970 | H5: STATION | I5: RELEVES
H6: MAROUA | I6: 0
A7: STATION | B7: RELEVES | D7: STATION | E7: RELEVES | H7: KAELE | I7: 0
B8: JOURNALIER | C8: CUMUL | E8: JOURNALIER | F8: CUMUL | H8: TCHATIBALI | I8: 0
A9: MAROUA | B9: =I6 -> 0 | C9: =PLUV_34!C9+B9 -> 30 | D9: NGONG | E9: =I11 -> 0 | F9: =PLUV_34!F9+E9 -> 49 | H9: GUIDER | I9: 0
A10: KAELE | B10: =I7 -> 0 | C10: =PLUV_34!C10+B10 -> 25 | D10: POLI | E10: =I12 -> 0 | F10: =PLUV_34!F10+E10 -> 224 | H10: GAROUA | I10: 0
A11: TCHATIBALI | B11: =I8 -> 0 | C11: =PLUV_34!C11+B11 -> 20 | D11: MAYO-GALKE | E11: =I13 -> 0 | F11: =PLUV_34!F11+E11 -> 124 | H11: NGONG | I11: 0
A12: GUIDER | B12: =I9 -> 0 | C12: =PLUV_34!C12+B12 -> 34 | D12: TOUBORO | E12: =I16 -> 0 | F12: =PLUV_34!F12+E12 -> 188 | H12: POLI | I12: 0
A13: GAROUA | B13: =I10 -> 0 | C13: =PLUV_34!C13+B13 -> 30 | D13: HOME | E13: =I17 -> 3 | F13: =PLUV_34!F13+E13 -> 96 | H13: MAYO-GALKE | I13: 0
A15: TOTAL JOURNALIER = | C15: =SUM(B9:B13)+SUM(E9:E13) -> 3 | D15: CUMUL GENERAL = | F15: =SUM(C9:C13)+SUM(F9:F13) -> 820
H16: TOUBORO | I16: 0
H17: HOME | I17: 3
A18: Transmis le : | B18: =IFERROR(+I2+1,0) -> 43971

Sheet PLUV_36
A1: SODECOTON
H2: JOURNEE | I2: 43971
A3: PLUVIOMETRIE JOURNALIERE ET PAR PENTADE
H4: TABLEAU DE SAISI
B5: JOURNEE DU : | D5: =I2 -> 43971 | H5: STATION | I5: RELEVES
H6: MAROUA | I6: 4
A7: STATION | B7: RELEVES | D7: STATION | E7: RELEVES | H7: KAELE | I7: 42
B8: JOURNALIER | C8: CUMUL | E8: JOURNALIER | F8: CUMUL | H8: TCHATIBALI | I8: 45
A9: MAROUA | B9: =I6 -> 4 | C9: =PLUV_35!C9+B9 -> 34 | D9: NGONG | E9: =I11 -> 0 | F9: =PLUV_35!F9+E9 -> 49 | H9: GUIDER | I9: 0
A10: KAELE | B10: =I7 -> 42 | C10: =PLUV_35!C10+B10 -> 67 | D10: POLI | E10: =I12 -> 0 | F10: =PLUV_35!F10+E10 -> 224 | H10: GAROUA | I10: 0
A11: TCHATIBALI | B11: =I8 -> 45 | C11: =PLUV_35!C11+B11 -> 65 | D11: MAYO-GALKE | E11: =I13 -> 0 | F11: =PLUV_35!F11+E11 -> 124 | H11: NGONG | I11: 0
A12: GUIDER | B12: =I9 -> 0 | C12: =PLUV_35!C12+B12 -> 34 | D12: TOUBORO | E12: =I16 -> 0 | F12: =PLUV_35!F12+E12 -> 188 | H12: POLI | I12: 0
A13: GAROUA | B13: =I10 -> 0 | C13: =PLUV_35!C13+B13 -> 30 | D13: HOME | E13: =I17 -> 0 | F13: =PLUV_35!F13+E13 -> 96 | H13: MAYO-GALKE | I13: 0
A15: TOTAL JOURNALIER = | C15: =SUM(B9:B13)+SUM(E9:E13) -> 91 | D15: CUMUL GENERAL = | F15: =SUM(C9:C13)+SUM(F9:F13) -> 911
H16: TOUBORO | I16: 0
H17: HOME | I17: 0
A18: Transmis le : | B18: =IFERROR(+I2+1,0) -> 43972

Sheet PLUV_37
A1: SODECOTON
H2: JOURNEE | I2: 43972
A3: PLUVIOMETRIE JOURNALIERE ET PAR PENTADE
H4: TABLEAU DE SAISI
B5: JOURNEE DU : | D5: =I2 -> 43972 | H5: STATION | I5: RELEVES
H6: MAROUA | I6: 0
A7: STATION | B7: RELEVES | D7: STATION | E7: RELEVES | H7: KAELE | I7: 0
B8: JOURNALIER | C8: CUMUL | E8: JOURNALIER | F8: CUMUL | H8: TCHATIBALI | I8: 4
A9: MAROUA | B9: =I6 -> 0 | C9: =PLUV_36!C9+B9 -> 34 | D9: NGONG | E9: =I11 -> 0 | F9: =PLUV_36!F9+E9 -> 49 | H9: GUIDER | I9: 0
A10: KAELE | B10: =I7 -> 0 | C10: =PLUV_36!C10+B10 -> 67 | D10: POLI | E10: =I12 -> 0 | F10: =PLUV_36!F10+E10 -> 224 | H10: GAROUA | I10: 0
A11: TCHATIBALI | B11: =I8 -> 4 | C11: =PLUV_36!C11+B11 -> 69 | D11: MAYO-GALKE | E11: =I13 -> 23 | F11: =PLUV_36!F11+E11 -> 147 | H11: NGONG | I11: 0
A12: GUIDER | B12: =I9 -> 0 | C12: =PLUV_36!C12+B12 -> 34 | D12: TOUBORO | E12: =I16 -> 36 | F12: =PLUV_36!F12+E12 -> 224 | H12: POLI | I12: 0
A13: GAROUA | B13: =I10 -> 0 | C13: =PLUV_36!C13+B13 -> 30 | D13: HOME | E13: =I17 -> 12 | F13: =PLUV_36!F13+E13 -> 108 | H13: MAYO-GALKE | I13: 23
A15: TOTAL JOURNALIER = | C15: =SUM(B9:B13)+SUM(E9:E13) -> 75 | D15: CUMUL GENERAL = | F15: =SUM(C9:C13)+SUM(F9:F13) -> 986
H16: TOUBORO | I16: 36
H17: HOME | I17: 12
A18: Transmis le : | B18: =IFERROR(+I2+1,0) -> 43973

Sheet PLUV_38
A1: SODECOTON
H2: JOURNEE | I2: 43974
A3: PLUVIOMETRIE JOURNALIERE ET PAR PENTADE
H4: TABLEAU DE SAISI
B5: JOURNEE DU : | D5: =I2 -> 43974 | H5: STATION | I5: RELEVES
H6: MAROUA | I6: 0
A7: STATION | B7: RELEVES | D7: STATION | E7: RELEVES | H7: KAELE | I7: 0
B8: JOURNALIER | C8: CUMUL | E8: JOURNALIER | F8: CUMUL | H8: TCHATIBALI | I8: 0
A9: MAROUA | B9: =I6 -> 0 | C9: =PLUV_37!C9+B9 -> 34 | D9: NGONG | E9: =I11 -> 6 | F9: =PLUV_37!F9+E9 -> 55 | H9: GUIDER | I9: 0
A10: KAELE | B10: =I7 -> 0 | C10: =PLUV_37!C10+B10 -> 67 | D10: POLI | E10: =I12 -> 2 | F10: =PLUV_37!F10+E10 -> 226 | H10: GAROUA | I10: 0
A11: TCHATIBALI | B11: =I8 -> 0 | C11: =PLUV_37!C11+B11 -> 69 | D11: MAYO-GALKE | E11: =I13 -> 6 | F11: =PLUV_37!F11+E11 -> 153 | H11: NGONG | I11: 6
A12: GUIDER | B12: =I9 -> 0 | C12: =PLUV_37!C12+B12 -> 34 | D12: TOUBORO | E12: =I16 -> 0 | F12: =PLUV_37!F12+E12 -> 224 | H12: POLI | I12: 2
A13: GAROUA | B13: =I10 -> 0 | C13: =PLUV_37!C13+B13 -> 30 | D13: HOME | E13: =I17 -> 0 | F13: =PLUV_37!F13+E13 -> 108 | H13: MAYO-GALKE | I13: 6
A15: TOTAL JOURNALIER = | C15: =SUM(B9:B13)+SUM(E9:E13) -> 14 | D15: CUMUL GENERAL = | F15: =SUM(C9:C13)+SUM(F9:F13) -> 1000
H16: TOUBORO | I16: 0
H17: HOME | I17: 0
A18: Transmis le : | B18: =IFERROR(+I2+1,0) -> 43975

Sheet PLUV_39
A1: SODECOTON
H2: JOURNEE | I2: 43975
A3: PLUVIOMETRIE JOURNALIERE ET PAR PENTADE
H4: TABLEAU DE SAISI
B5: JOURNEE DU : | D5: =I2 -> 43975 | H5: STATION | I5: RELEVES
H6: MAROUA | I6: 2
A7: STATION | B7: RELEVES | D7: STATION | E7: RELEVES | H7: KAELE | I7: 6
B8: JOURNALIER | C8: CUMUL | E8: JOURNALIER | F8: CUMUL | H8: TCHATIBALI | I8: 0
A9: MAROUA | B9: =I6 -> 2 | C9: =PLUV_38!C9+B9 -> 36 | D9: NGONG | E9: =I11 -> 0 | F9: =PLUV_38!F9+E9 -> 55 | H9: GUIDER | I9: 20
A10: KAELE | B10: =I7 -> 6 | C10: =PLUV_38!C10+B10 -> 73 | D10: POLI | E10: =I12 -> 4 | F10: =PLUV_38!F10+E10 -> 230 | H10: GAROUA | I10: 1
A11: TCHATIBALI | B11: =I8 -> 0 | C11: =PLUV_38!C11+B11 -> 69 | D11: MAYO-GALKE | E11: =I13 -> 10 | F11: =PLUV_38!F11+E11 -> 163 | H11: NGONG | I11: 0
A12: GUIDER | B12: =I9 -> 20 | C12: =PLUV_38!C12+B12 -> 54 | D12: TOUBORO | E12: =I16 -> 29 | F12: =PLUV_38!F12+E12 -> 253 | H12: POLI | I12: 4
A13: GAROUA | B13: =I10 -> 1 | C13: =PLUV_38!C13+B13 -> 31 | D13: HOME | E13: =I17 -> 18 | F13: =PLUV_38!F13+E13 -> 126 | H13: MAYO-GALKE | I13: 10
A15: TOTAL JOURNALIER = | C15: =SUM(B9:B13)+SUM(E9:E13) -> 90 | D15: CUMUL GENERAL = | F15: =SUM(C9:C13)+SUM(F9:F13) -> 1090
H16: TOUBORO | I16: 29
H17: HOME | I17: 18
A18: Transmis le : | B18: =IFERROR(+I2+1,0) -> 43976

Sheet PLUV_40
A1: SODECOTON
H2: JOURNEE | I2: 43978
A3: PLUVIOMETRIE JOURNALIERE ET PAR PENTADE
H4: TABLEAU DE SAISI
B5: JOURNEE DU : | D5: =I2 -> 43978 | H5: STATION | I5: RELEVES
H6: MAROUA | I6: 0
A7: STATION | B7: RELEVES | D7: STATION | E7: RELEVES | H7: KAELE | I7: 0
B8: JOURNALIER | C8: CUMUL | E8: JOURNALIER | F8: CUMUL | H8: TCHATIBALI | I8: 0
A9: MAROUA | B9: =I6 -> 0 | C9: =PLUV_39!C9+B9 -> 36 | D9: NGONG | E9: =I11 -> 0 | F9: =PLUV_39!F9+E9 -> 55 | H9: GUIDER | I9: 17
A10: KAELE | B10: =I7 -> 0 | C10: =PLUV_39!C10+B10 -> 73 | D10: POLI | E10: =I12 -> 0 | F10: =PLUV_39!F10+E10 -> 230 | H10: GAROUA | I10: 20
A11: TCHATIBALI | B11: =I8 -> 0 | C11: =PLUV_39!C11+B11 -> 69 | D11: MAYO-GALKE | E11: =I13 -> 0 | F11: =PLUV_39!F11+E11 -> 163 | H11: NGONG | I11: 0
A12: GUIDER | B12: =I9 -> 17 | C12: =PLUV_39!C12+B12 -> 71 | D12: TOUBORO | E12: =I16 -> 0 | F12: =PLUV_39!F12+E12 -> 253 | H12: POLI | I12: 0
A13: GAROUA | B13: =I10 -> 20 | C13: =PLUV_39!C13+B13 -> 51 | D13: HOME | E13: =I17 -> 0 | F13: =PLUV_39!F13+E13 -> 126 | H13: MAYO-GALKE | I13: 0
A15: TOTAL JOURNALIER = | C15: =SUM(B9:B13)+SUM(E9:E13) -> 37 | D15: CUMUL GENERAL = | F15: =SUM(C9:C13)+SUM(F9:F13) -> 1127
H16: TOUBORO | I16: 0
H17: HOME | I17: 0
A18: Transmis le : | B18: =IFERROR(+I2+1,0) -> 43979

Sheet PLUV_41
A1: SODECOTON
H2: JOURNEE | I2: 43979
A3: PLUVIOMETRIE JOURNALIERE ET PAR PENTADE
H4: TABLEAU DE SAISI
B5: JOURNEE DU : | D5: =I2 -> 43979 | H5: STATION | I5: RELEVES
H6: MAROUA | I6: 0
A7: STATION | B7: RELEVES | D7: STATION | E7: RELEVES | H7: KAELE | I7: 0
B8: JOURNALIER | C8: CUMUL | E8: JOURNALIER | F8: CUMUL | H8: TCHATIBALI | I8: 0
A9: MAROUA | B9: =I6 -> 0 | C9: =PLUV_40!C9+B9 -> 36 | D9: NGONG | E9: =I11 -> 0 | F9: =PLUV_40!F9+E9 -> 55 | H9: GUIDER | I9: 0
A10: KAELE | B10: =I7 -> 0 | C10: =PLUV_40!C10+B10 -> 73 | D10: POLI | E10: =I12 -> 10 | F10: =PLUV_40!F10+E10 -> 240 | H10: GAROUA | I10: 0
A11: TCHATIBALI | B11: =I8 -> 0 | C11: =PLUV_40!C11+B11 -> 69 | D11: MAYO-GALKE | E11: =I13 -> 0 | F11: =PLUV_40!F11+E11 -> 163 | H11: NGONG | I11: 0
A12: GUIDER | B12: =I9 -> 0 | C12: =PLUV_40!C12+B12 -> 71 | D12: TOUBORO | E12: =I16 -> 0 | F12: =PLUV_40!F12+E12 -> 253 | H12: POLI | I12: 10
A13: GAROUA | B13: =I10 -> 0 | C13: =PLUV_40!C13+B13 -> 51 | D13: HOME | E13: =I17 -> 0 | F13: =PLUV_40!F13+E13 -> 126 | H13: MAYO-GALKE | I13: 0
A15: TOTAL JOURNALIER = | C15: =SUM(B9:B13)+SUM(E9:E13) -> 10 | D15: CUMUL GENERAL = | F15: =SUM(C9:C13)+SUM(F9:F13) -> 1137
H16: TOUBORO | I16: 0
H17: HOME | I17: 0
A18: Transmis le : | B18: =IFERROR(+I2+1,0) -> 43980

Sheet PLUV_42
A1: SODECOTON
H2: JOURNEE | I2: 43980
A3: PLUVIOMETRIE JOURNALIERE ET PAR PENTADE
H4: TABLEAU DE SAISI
B5: JOURNEE DU : | D5: =I2 -> 43980 | H5: STATION | I5: RELEVES
H6: MAROUA | I6: 0
A7: STATION | B7: RELEVES | D7: STATION | E7: RELEVES | H7: KAELE | I7: 9
B8: JOURNALIER | C8: CUMUL | E8: JOURNALIER | F8: CUMUL | H8: TCHATIBALI | I8: 0
A9: MAROUA | B9: =I6 -> 0 | C9: =PLUV_41!C9+B9 -> 36 | D9: NGONG | E9: =I11 -> 0 | F9: =PLUV_41!F9+E9 -> 55 | H9: GUIDER | I9: 7
A10: KAELE | B10: =I7 -> 9 | C10: =PLUV_41!C10+B10 -> 82 | D10: POLI | E10: =I12 -> 0 | F10: =PLUV_41!F10+E10 -> 240 | H10: GAROUA | I10: 0
A11: TCHATIBALI | B11: =I8 -> 0 | C11: =PLUV_41!C11+B11 -> 69 | D11: MAYO-GALKE | E11: =I13 -> 0 | F11: =PLUV_41!F11+E11 -> 163 | H11: NGONG | I11: 0
A12: GUIDER | B12: =I9 -> 7 | C12: =PLUV_41!C12+B12 -> 78 | D12: TOUBORO | E12: =I16 -> 0 | F12: =PLUV_41!F12+E12 -> 253 | H12: POLI | I12: 0
A13: GAROUA | B13: =I10 -> 0 | C13: =PLUV_41!C13+B13 -> 51 | D13: HOME | E13: =I17 -> 0 | F13: =PLUV_41!F13+E13 -> 126 | H13: MAYO-GALKE | I13: 0
A15: TOTAL JOURNALIER = | C15: =SUM(B9:B13)+SUM(E9:E13) -> 16 | D15: CUMUL GENERAL = | F15: =SUM(C9:C13)+SUM(F9:F13) -> 1153
H16: TOUBORO | I16: 0
H17: HOME | I17: 0
A18: Transmis le : | B18: =IFERROR(+I2+1,0) -> 43981

Sheet PLUV_43
A1: SODECOTON
H2: JOURNEE | I2: 43983
A3: PLUVIOMETRIE JOURNALIERE ET PAR PENTADE
H4: TABLEAU DE SAISI
B5: JOURNEE DU : | D5: =I2 -> 43983 | H5: STATION | I5: RELEVES
H6: MAROUA | I6: 0
A7: STATION | B7: RELEVES | D7: STATION | E7: RELEVES | H7: KAELE | I7: 0
B8: JOURNALIER | C8: CUMUL | E8: JOURNALIER | F8: CUMUL | H8: TCHATIBALI | I8: 6
A9: MAROUA | B9: =I6 -> 0 | C9: =PLUV_42!C9+B9 -> 36 | D9: NGONG | E9: =I11 -> 0 | F9: =PLUV_42!F9+E9 -> 55 | H9: GUIDER | I9: 19
A10: KAELE | B10: =I7 -> 0 | C10: =PLUV_42!C10+B10 -> 82 | D10: POLI | E10: =I12 -> 28 | F10: =PLUV_42!F10+E10 -> 268 | H10: GAROUA | I10: 2
A11: TCHATIBALI | B11: =I8 -> 6 | C11: =PLUV_42!C11+B11 -> 75 | D11: MAYO-GALKE | E11: =I13 -> 0 | F11: =PLUV_42!F11+E11 -> 163 | H11: NGONG | I11: 0
A12: GUIDER | B12: =I9 -> 19 | C12: =PLUV_42!C12+B12 -> 97 | D12: TOUBORO | E12: =I16 -> 5 | F12: =PLUV_42!F12+E12 -> 258 | H12: POLI | I12: 28
A13: GAROUA | B13: =I10 -> 2 | C13: =PLUV_42!C13+B13 -> 53 | D13: HOME | E13: =I17 -> 0 | F13: =PLUV_42!F13+E13 -> 126 | H13: MAYO-GALKE | I13: 0
A15: TOTAL JOURNALIER = | C15: =SUM(B9:B13)+SUM(E9:E13) -> 60 | D15: CUMUL GENERAL = | F15: =SUM(C9:C13)+SUM(F9:F13) -> 1213
H16: TOUBORO | I16: 5
H17: HOME | I17: 0
A18: Transmis le : | B18: =IFERROR(+I2+1,0) -> 43984

Sheet PLUV_44
A1: SODECOTON
H2: JOURNEE | I2: 43984
A3: PLUVIOMETRIE JOURNALIERE ET PAR PENTADE
H4: TABLEAU DE SAISI
B5: JOURNEE DU : | D5: =I2 -> 43984 | H5: STATION | I5: RELEVES
H6: MAROUA | I6: 0
A7: STATION | B7: RELEVES | D7: STATION | E7: RELEVES | H7: KAELE | I7: 1
B8: JOURNALIER | C8: CUMUL | E8: JOURNALIER | F8: CUMUL | H8: TCHATIBALI | I8: 0
A9: MAROUA | B9: =I6 -> 0 | C9: =PLUV_43!C9+B9 -> 36 | D9: NGONG | E9: =I11 -> 0 | F9: =PLUV_43!F9+E9 -> 55 | H9: GUIDER | I9: 0
A10: KAELE | B10: =I7 -> 1 | C10: =PLUV_43!C10+B10 -> 83 | D10: POLI | E10: =I12 -> 0 | F10: =PLUV_43!F10+E10 -> 268 | H10: GAROUA | I10: 0
A11: TCHATIBALI | B11: =I8 -> 0 | C11: =PLUV_43!C11+B11 -> 75 | D11: MAYO-GALKE | E11: =I13 -> 0 | F11: =PLUV_43!F11+E11 -> 163 | H11: NGONG | I11: 0
A12: GUIDER | B12: =I9 -> 0 | C12: =PLUV_43!C12+B12 -> 97 | D12: TOUBORO | E12: =I16 -> 2 | F12: =PLUV_43!F12+E12 -> 260 | H12: POLI | I12: 0
A13: GAROUA | B13: =I10 -> 0 | C13: =PLUV_43!C13+B13 -> 53 | D13: HOME | E13: =I17 -> 0 | F13: =PLUV_43!F13+E13 -> 126 | H13: MAYO-GALKE | I13: 0
A15: TOTAL JOURNALIER = | C15: =SUM(B9:B13)+SUM(E9:E13) -> 3 | D15: CUMUL GENERAL = | F15: =SUM(C9:C13)+SUM(F9:F13) -> 1216
H16: TOUBORO | I16: 2
H17: HOME | I17: 0
A18: Transmis le : | B18: =IFERROR(+I2+1,0) -> 43985

Sheet PLUV_45
A1: SODECOTON
H2: JOURNEE | I2: 43985
A3: PLUVIOMETRIE JOURNALIERE ET PAR PENTADE
H4: TABLEAU DE SAISI
B5: JOURNEE DU : | D5: =I2 -> 43985 | H5: STATION | I5: RELEVES
H6: MAROUA | I6: 0
A7: STATION | B7: RELEVES | D7: STATION | E7: RELEVES | H7: KAELE | I7: 0
B8: JOURNALIER | C8: CUMUL | E8: JOURNALIER | F8: CUMUL | H8: TCHATIBALI | I8: 0
A9: MAROUA | B9: =I6 -> 0 | C9: =PLUV_44!C9+B9 -> 36 | D9: NGONG | E9: =I11 -> 0 | F9: =PLUV_44!F9+E9 -> 55 | H9: GUIDER | I9: 0
A10: KAELE | B10: =I7 -> 0 | C10: =PLUV_44!C10+B10 -> 83 | D10: POLI | E10: =I12 -> 0 | F10: =PLUV_44!F10+E10 -> 268 | H10: GAROUA | I10: 0
A11: TCHATIBALI | B11: =I8 -> 0 | C11: =PLUV_44!C11+B11 -> 75 | D11: MAYO-GALKE | E11: =I13 -> 10 | F11: =PLUV_44!F11+E11 -> 173 | H11: NGONG | I11: 0
A12: GUIDER | B12: =I9 -> 0 | C12: =PLUV_44!C12+B12 -> 97 | D12: TOUBORO | E12: =I16 -> 0 | F12: =PLUV_44!F12+E12 -> 260 | H12: POLI | I12: 0
A13: GAROUA | B13: =I10 -> 0 | C13: =PLUV_44!C13+B13 -> 53 | D13: HOME | E13: =I17 -> 0 | F13: =PLUV_44!F13+E13 -> 126 | H13: MAYO-GALKE | I13: 10
A15: TOTAL JOURNALIER = | C15: =SUM(B9:B13)+SUM(E9:E13) -> 10 | D15: CUMUL GENERAL = | F15: =SUM(C9:C13)+SUM(F9:F13) -> 1226
H16: TOUBORO | I16: 0
H17: HOME | I17: 0
A18: Transmis le : | B18: =IFERROR(+I2+1,0) -> 43986

Sheet PLUV_46
A1: SODECOTON
H2: JOURNEE | I2: 43987
A3: PLUVIOMETRIE JOURNALIERE ET PAR PENTADE
H4: TABLEAU DE SAISI
B5: JOURNEE DU : | D5: =I2 -> 43987 | H5: STATION | I5: RELEVES
H6: MAROUA | I6: 3
A7: STATION | B7: RELEVES | D7: STATION | E7: RELEVES | H7: KAELE | I7: 7
B8: JOURNALIER | C8: CUMUL | E8: JOURNALIER | F8: CUMUL | H8: TCHATIBALI | I8: 7
A9: MAROUA | B9: =I6 -> 3 | C9: =PLUV_45!C9+B9 -> 39 | D9: NGONG | E9: =I11 -> 26 | F9: =PLUV_45!F9+E9 -> 81 | H9: GUIDER | I9: 7
A10: KAELE | B10: =I7 -> 7 | C10: =PLUV_45!C10+B10 -> 90 | D10: POLI | E10: =I12 -> 36 | F10: =PLUV_45!F10+E10 -> 304 | H10: GAROUA | I10: 20
A11: TCHATIBALI | B11: =I8 -> 7 | C11: =PLUV_45!C11+B11 -> 82 | D11: MAYO-GALKE | E11: =I13 -> 16 | F11: =PLUV_45!F11+E11 -> 189 | H11: NGONG | I11: 26
A12: GUIDER | B12: =I9 -> 7 | C12: =PLUV_45!C12+B12 -> 104 | D12: TOUBORO | E12: =I16 -> 35 | F12: =PLUV_45!F12+E12 -> 295 | H12: POLI | I12: 36
A13: GAROUA | B13: =I10 -> 20 | C13: =PLUV_45!C13+B13 -> 73 | D13: HOME | E13: =I17 -> 13 | F13: =PLUV_45!F13+E13 -> 139 | H13: MAYO-GALKE | I13: 16
A15: TOTAL JOURNALIER = | C15: =SUM(B9:B13)+SUM(E9:E13) -> 170 | D15: CUMUL GENERAL = | F15: =SUM(C9:C13)+SUM(F9:F13) -> 1396
H16: TOUBORO | I16: 35
H17: HOME | I17: 13
A18: Transmis le : | B18: =IFERROR(+I2+1,0) -> 43988

Sheet PLUV_47
A1: SODECOTON
H2: JOURNEE | I2: 43988
A3: PLUVIOMETRIE JOURNALIERE ET PAR PENTADE
H4: TABLEAU DE SAISI
B5: JOURNEE DU : | D5: =I2 -> 43988 | H5: STATION | I5: RELEVES
H6: MAROUA | I6: 0
A7: STATION | B7: RELEVES | D7: STATION | E7: RELEVES | H7: KAELE | I7: 0
B8: JOURNALIER | C8: CUMUL | E8: JOURNALIER | F8: CUMUL | H8: TCHATIBALI | I8: 0
A9: MAROUA | B9: =I6 -> 0 | C9: =PLUV_46!C9+B9 -> 39 | D9: NGONG | E9: =I11 -> 0 | F9: =PLUV_46!F9+E9 -> 81 | H9: GUIDER | I9: 0
A10: KAELE | B10: =I7 -> 0 | C10: =PLUV_46!C10+B10 -> 90 | D10: POLI | E10: =I12 -> 0 | F10: =PLUV_46!F10+E10 -> 304 | H10: GAROUA | I10: 0
A11: TCHATIBALI | B11: =I8 -> 0 | C11: =PLUV_46!C11+B11 -> 82 | D11: MAYO-GALKE | E11: =I13 -> 1 | F11: =PLUV_46!F11+E11 -> 190 | H11: NGONG | I11: 0
A12: GUIDER | B12: =I9 -> 0 | C12: =PLUV_46!C12+B12 -> 104 | D12: TOUBORO | E12: =I16 -> 0 | F12: =PLUV_46!F12+E12 -> 295 | H12: POLI | I12: 0
A13: GAROUA | B13: =I10 -> 0 | C13: =PLUV_46!C13+B13 -> 73 | D13: HOME | E13: =I17 -> 0 | F13: =PLUV_46!F13+E13 -> 139 | H13: MAYO-GALKE | I13: 1
A15: TOTAL JOURNALIER = | C15: =SUM(B9:B13)+SUM(E9:E13) -> 1 | D15: CUMUL GENERAL = | F15: =SUM(C9:C13)+SUM(F9:F13) -> 1397
H16: TOUBORO | I16: 0
H17: HOME | I17: 0
A18: Transmis le : | B18: =IFERROR(+I2+1,0) -> 43989

Sheet PLUV_48
A1: SODECOTON
H2: JOURNEE | I2: 43989
A3: PLUVIOMETRIE JOURNALIERE ET PAR PENTADE
H4: TABLEAU DE SAISI
B5: JOURNEE DU : | D5: =I2 -> 43989 | H5: STATION | I5: RELEVES
H6: MAROUA | I6: 0
A7: STATION | B7: RELEVES | D7: STATION | E7: RELEVES | H7: KAELE | I7: 0
B8: JOURNALIER | C8: CUMUL | E8: JOURNALIER | F8: CUMUL | H8: TCHATIBALI | I8: 0
A9: MAROUA | B9: =I6 -> 0 | C9: =PLUV_47!C9+B9 -> 39 | D9: NGONG | E9: =I11 -> 0 | F9: =PLUV_47!F9+E9 -> 81 | H9: GUIDER | I9: 0
A10: KAELE | B10: =I7 -> 0 | C10: =PLUV_47!C10+B10 -> 90 | D10: POLI | E10: =I12 -> 0 | F10: =PLUV_47!F10+E10 -> 304 | H10: GAROUA | I10: 0
A11: TCHATIBALI | B11: =I8 -> 0 | C11: =PLUV_47!C11+B11 -> 82 | D11: MAYO-GALKE | E11: =I13 -> 6 | F11: =PLUV_47!F11+E11 -> 196 | H11: NGONG | I11: 0
A12: GUIDER | B12: =I9 -> 0 | C12: =PLUV_47!C12+B12 -> 104 | D12: TOUBORO | E12: =I16 -> 20 | F12: =PLUV_47!F12+E12 -> 315 | H12: POLI | I12: 0
A13: GAROUA | B13: =I10 -> 0 | C13: =PLUV_47!C13+B13 -> 73 | D13: HOME | E13: =I17 -> 34 | F13: =PLUV_47!F13+E13 -> 173 | H13: MAYO-GALKE | I13: 6
A15: TOTAL JOURNALIER = | C15: =SUM(B9:B13)+SUM(E9:E13) -> 60 | D15: CUMUL GENERAL = | F15: =SUM(C9:C13)+SUM(F9:F13) -> 1457
H16: TOUBORO | I16: 20
H17: HOME | I17: 34
A18: Transmis le : | B18: =IFERROR(+I2+1,0) -> 43990

Sheet PLUV_49
A1: SODECOTON
H2: JOURNEE | I2: 43990
A3: PLUVIOMETRIE JOURNALIERE ET PAR PENTADE
H4: TABLEAU DE SAISI
B5: JOURNEE DU : | D5: =I2 -> 43990 | H5: STATION | I5: RELEVES
H6: MAROUA | I6: 32
A7: STATION | B7: RELEVES | D7: STATION | E7: RELEVES | H7: KAELE | I7: 0
B8: JOURNALIER | C8: CUMUL | E8: JOURNALIER | F8: CUMUL | H8: TCHATIBALI | I8: 0
A9: MAROUA | B9: =I6 -> 32 | C9: =PLUV_48!C9+B9 -> 71 | D9: NGONG | E9: =I11 -> 0 | F9: =PLUV_48!F9+E9 -> 81 | H9: GUIDER | I9: 0
A10: KAELE | B10: =I7 -> 0 | C10: =PLUV_48!C10+B10 -> 90 | D10: POLI | E10: =I12 -> 3 | F10: =PLUV_48!F10+E10 -> 307 | H10: GAROUA | I10: 0
A11: TCHATIBALI | B11: =I8 -> 0 | C11: =PLUV_48!C11+B11 -> 82 | D11: MAYO-GALKE | E11: =I13 -> 0 | F11: =PLUV_48!F11+E11 -> 196 | H11: NGONG | I11: 0
A12: GUIDER | B12: =I9 -> 0 | C12: =PLUV_48!C12+B12 -> 104 | D12: TOUBORO | E12: =I16 -> 0 | F12: =PLUV_48!F12+E12 -> 315 | H12: POLI | I12: 3
A13: GAROUA | B13: =I10 -> 0 | C13: =PLUV_48!C13+B13 -> 73 | D13: HOME | E13: =I17 -> 2 | F13: =PLUV_48!F13+E13 -> 175 | H13: MAYO-GALKE | I13: 0
A15: TOTAL JOURNALIER = | C15: =SUM(B9:B13)+SUM(E9:E13) -> 37 | D15: CUMUL GENERAL = | F15: =SUM(C9:C13)+SUM(F9:F13) -> 1494
H16: TOUBORO | I16: 0
H17: HOME | I17: 2
A18: Transmis le : | B18: =IFERROR(+I2+1,0) -> 43991

Sheet Feuil1
I2: 00/01/1900
I6: 0
I7: 0
I8: 0
I9: 0
I10: 0
I11: 0
I12: 0
I13: 0
I16: 0
I17: 0

Sheet PLUV_50
A1: SODECOTON
H2: JOURNEE | I2: 43992
A3: PLUVIOMETRIE JOURNALIERE ET PAR PENTADE
H4: TABLEAU DE SAISI
B5: JOURNEE DU : | D5: =I2 -> 43992 | H5: STATION | I5: RELEVES
H6: MAROUA | I6: 2
A7: STATION | B7: RELEVES | D7: STATION | E7: RELEVES | H7: KAELE | I7: 5
B8: JOURNALIER | C8: CUMUL | E8: JOURNALIER | F8: CUMUL | H8: TCHATIBALI | I8: 3
A9: MAROUA | B9: =I6 -> 2 | C9: =PLUV_49!C9+B9 -> 73 | D9: NGONG | E9: =I11 -> 14 | F9: =PLUV_49!F9+E9 -> 95 | H9: GUIDER | I9: 17
A10: KAELE | B10: =I7 -> 5 | C10: =PLUV_49!C10+B10 -> 95 | D10: POLI | E10: =I12 -> 26 | F10: =PLUV_49!F10+E10 -> 333 | H10: GAROUA | I10: 7
A11: TCHATIBALI | B11: =I8 -> 3 | C11: =PLUV_49!C11+B11 -> 85 | D11: MAYO-GALKE | E11: =I13 -> 1 | F11: =PLUV_49!F11+E11 -> 197 | H11: NGONG | I11: 14
A12: GUIDER | B12: =I9 -> 17 | C12: =PLUV_49!C12+B12 -> 121 | D12: TOUBORO | E12: =I16 -> 12 | F12: =PLUV_49!F12+E12 -> 327 | H12: POLI | I12: 26
A13: GAROUA | B13: =I10 -> 7 | C13: =PLUV_49!C13+B13 -> 80 | D13: HOME | E13: =I17 -> 0 | F13: =PLUV_49!F13+E13 -> 175 | H13: MAYO-GALKE | I13: 1
A15: TOTAL JOURNALIER = | C15: =SUM(B9:B13)+SUM(E9:E13) -> 87 | D15: CUMUL GENERAL = | F15: =SUM(C9:C13)+SUM(F9:F13) -> 1581
H16: TOUBORO | I16: 12
H17: HOME | I17: 0
A18: Transmis le : | B18: =IFERROR(+I2+1,0) -> 43993

Sheet PLUV_51
A1: SODECOTON
H2: JOURNEE | I2: 43994
A3: PLUVIOMETRIE JOURNALIERE ET PAR PENTADE
H4: TABLEAU DE SAISI
B5: JOURNEE DU : | D5: =I2 -> 43994 | H5: STATION | I5: RELEVES
H6: MAROUA | I6: 20
A7: STATION | B7: RELEVES | D7: STATION | E7: RELEVES | H7: KAELE | I7: 4
B8: JOURNALIER | C8: CUMUL | E8: JOURNALIER | F8: CUMUL | H8: TCHATIBALI | I8: 0
A9: MAROUA | B9: =I6 -> 20 | C9: =PLUV_50!C9+B9 -> 93 | D9: NGONG | E9: =I11 -> 3 | F9: =PLUV_50!F9+E9 -> 98 | H9: GUIDER | I9: 13
A10: KAELE | B10: =I7 -> 4 | C10: =PLUV_50!C10+B10 -> 99 | D10: POLI | E10: =I12 -> 0 | F10: =PLUV_50!F10+E10 -> 333 | H10: GAROUA | I10: 0
A11: TCHATIBALI | B11: =I8 -> 0 | C11: =PLUV_50!C11+B11 -> 85 | D11: MAYO-GALKE | E11: =I13 -> 23 | F11: =PLUV_50!F11+E11 -> 220 | H11: NGONG | I11: 3
A12: GUIDER | B12: =I9 -> 13 | C12: =PLUV_50!C12+B12 -> 134 | D12: TOUBORO | E12: =I16 -> 25 | F12: =PLUV_50!F12+E12 -> 352 | H12: POLI | I12: 0
A13: GAROUA | B13: =I10 -> 0 | C13: =PLUV_50!C13+B13 -> 80 | D13: HOME | E13: =I17 -> 17 | F13: =PLUV_50!F13+E13 -> 192 | H13: MAYO-GALKE | I13: 23
A15: TOTAL JOURNALIER = | C15: =SUM(B9:B13)+SUM(E9:E13) -> 105 | D15: CUMUL GENERAL = | F15: =SUM(C9:C13)+SUM(F9:F13) -> 1686
H16: TOUBORO | I16: 25
H17: HOME | I17: 17
A18: Transmis le : | B18: =IFERROR(+I2+1,0) -> 43995

Sheet PLUV_52
A1: SODECOTON
H2: JOURNEE | I2: 43995
A3: PLUVIOMETRIE JOURNALIERE ET PAR PENTADE
H4: TABLEAU DE SAISI
B5: JOURNEE DU : | D5: =I2 -> 43995 | H5: STATION | I5: RELEVES
H6: MAROUA | I6: 0
A7: STATION | B7: RELEVES | D7: STATION | E7: RELEVES | H7: KAELE | I7: 0
B8: JOURNALIER | C8: CUMUL | E8: JOURNALIER | F8: CUMUL | H8: TCHATIBALI | I8: 0
A9: MAROUA | B9: =I6 -> 0 | C9: =PLUV_51!C9+B9 -> 93 | D9: NGONG | E9: =I11 -> 18 | F9: =PLUV_51!F9+E9 -> 116 | H9: GUIDER | I9: 0
A10: KAELE | B10: =I7 -> 0 | C10: =PLUV_51!C10+B10 -> 99 | D10: POLI | E10: =I12 -> 19 | F10: =PLUV_51!F10+E10 -> 352 | H10: GAROUA | I10: 1
A11: TCHATIBALI | B11: =I8 -> 0 | C11: =PLUV_51!C11+B11 -> 85 | D11: MAYO-GALKE | E11: =I13 -> 0 | F11: =PLUV_51!F11+E11 -> 220 | H11: NGONG | I11: 18
A12: GUIDER | B12: =I9 -> 0 | C12: =PLUV_51!C12+B12 -> 134 | D12: TOUBORO | E12: =I16 -> 1 | F12: =PLUV_51!F12+E12 -> 353 | H12: POLI | I12: 19
A13: GAROUA | B13: =I10 -> 1 | C13: =PLUV_51!C13+B13 -> 81 | D13: HOME | E13: =I17 -> 0 | F13: =PLUV_51!F13+E13 -> 192 | H13: MAYO-GALKE | I13: 0
A15: TOTAL JOURNALIER = | C15: =SUM(B9:B13)+SUM(E9:E13) -> 39 | D15: CUMUL GENERAL = | F15: =SUM(C9:C13)+SUM(F9:F13) -> 1725
H16: TOUBORO | I16: 1
H17: HOME | I17: 0
A18: Transmis le : | B18: =IFERROR(+I2+1,0) -> 43996

Sheet PLUV_53
A1: SODECOTON
H2: JOURNEE | I2: 43996
A3: PLUVIOMETRIE JOURNALIERE ET PAR PENTADE
H4: TABLEAU DE SAISI
B5: JOURNEE DU : | D5: =I2 -> 43996 | H5: STATION | I5: RELEVES
H6: MAROUA | I6: 4
A7: STATION | B7: RELEVES | D7: STATION | E7: RELEVES | H7: KAELE | I7: 0
B8: JOURNALIER | C8: CUMUL | E8: JOURNALIER | F8: CUMUL | H8: TCHATIBALI | I8: 5
A9: MAROUA | B9: =I6 -> 4 | C9: =PLUV_52!C9+B9 -> 97 | D9: NGONG | E9: =I11 -> 0 | F9: =PLUV_52!F9+E9 -> 116 | H9: GUIDER | I9: 0
A10: KAELE | B10: =I7 -> 0 | C10: =PLUV_52!C10+B10 -> 99 | D10: POLI | E10: =I12 -> 0 | F10: =PLUV_52!F10+E10 -> 352 | H10: GAROUA | I10: 0
A11: TCHATIBALI | B11: =I8 -> 5 | C11: =PLUV_52!C11+B11 -> 90 | D11: MAYO-GALKE | E11: =I13 -> 0 | F11: =PLUV_52!F11+E11 -> 220 | H11: NGONG | I11: 0
A12: GUIDER | B12: =I9 -> 0 | C12: =PLUV_52!C12+B12 -> 134 | D12: TOUBORO | E12: =I16 -> 0 | F12: =PLUV_52!F12+E12 -> 353 | H12: POLI | I12: 0
A13: GAROUA | B13: =I10 -> 0 | C13: =PLUV_52!C13+B13 -> 81 | D13: HOME | E13: =I17 -> 0 | F13: =PLUV_52!F13+E13 -> 192 | H13: MAYO-GALKE | I13: 0
A15: TOTAL JOURNALIER = | C15: =SUM(B9:B13)+SUM(E9:E13) -> 9 | D15: CUMUL GENERAL = | F15: =SUM(C9:C13)+SUM(F9:F13) -> 1734
H16: TOUBORO | I16: 0
H17: HOME | I17: 0
A18: Transmis le : | B18: =IFERROR(+I2+1,0) -> 43997

Sheet PLUV_54
A1: SODECOTON
H2: JOURNEE | I2: 43997
A3: PLUVIOMETRIE JOURNALIERE ET PAR PENTADE
H4: TABLEAU DE SAISI
B5: JOURNEE DU : | D5: =I2 -> 43997 | H5: STATION | I5: RELEVES
H6: MAROUA | I6: 0
A7: STATION | B7: RELEVES | D7: STATION | E7: RELEVES | H7: KAELE | I7: 1
B8: JOURNALIER | C8: CUMUL | E8: JOURNALIER | F8: CUMUL | H8: TCHATIBALI | I8: 0
A9: MAROUA | B9: =I6 -> 0 | C9: =PLUV_53!C9+B9 -> 97 | D9: NGONG | E9: =I11 -> 7 | F9: =PLUV_53!F9+E9 -> 123 | H9: GUIDER | I9: 0
A10: KAELE | B10: =I7 -> 1 | C10: =PLUV_53!C10+B10 -> 100 | D10: POLI | E10: =I12 -> 1 | F10: =PLUV_53!F10+E10 -> 353 | H10: GAROUA | I10: 10
A11: TCHATIBALI | B11: =I8 -> 0 | C11: =PLUV_53!C11+B11 -> 90 | D11: MAYO-GALKE | E11: =I13 -> 0 | F11: =PLUV_53!F11+E11 -> 220 | H11: NGONG | I11: 7
A12: GUIDER | B12: =I9 -> 0 | C12: =PLUV_53!C12+B12 -> 134 | D12: TOUBORO | E12: =I16 -> 0 | F12: =PLUV_53!F12+E12 -> 353 | H12: POLI | I12: 1
A13: GAROUA | B13: =I10 -> 10 | C13: =PLUV_53!C13+B13 -> 91 | D13: HOME | E13: =I17 -> 1 | F13: =PLUV_53!F13+E13 -> 193 | H13: MAYO-GALKE | I13: 0
A15: TOTAL JOURNALIER = | C15: =SUM(B9:B13)+SUM(E9:E13) -> 20 | D15: CUMUL GENERAL = | F15: =SUM(C9:C13)+SUM(F9:F13) -> 1754
H16: TOUBORO | I16: 0
H17: HOME | I17: 1
A18: Transmis le : | B18: =IFERROR(+I2+1,0) -> 43998

Sheet PLUV_55
A1: SODECOTON
H2: JOURNEE | I2: 43998
A3: PLUVIOMETRIE JOURNALIERE ET PAR PENTADE
H4: TABLEAU DE SAISI
B5: JOURNEE DU : | D5: =I2 -> 43998 | H5: STATION | I5: RELEVES
H6: MAROUA | I6: 0
A7: STATION | B7: RELEVES | D7: STATION | E7: RELEVES | H7: KAELE | I7: 0
B8: JOURNALIER | C8: CUMUL | E8: JOURNALIER | F8: CUMUL | H8: TCHATIBALI | I8: 0
A9: MAROUA | B9: =I6 -> 0 | C9: =PLUV_54!C9+B9 -> 97 | D9: NGONG | E9: =I11 -> 0 | F9: =PLUV_54!F9+E9 -> 123 | H9: GUIDER | I9: 6
A10: KAELE | B10: =I7 -> 0 | C10: =PLUV_54!C10+B10 -> 100 | D10: POLI | E10: =I12 -> 0 | F10: =PLUV_54!F10+E10 -> 353 | H10: GAROUA | I10: 0
A11: TCHATIBALI | B11: =I8 -> 0 | C11: =PLUV_54!C11+B11 -> 90 | D11: MAYO-GALKE | E11: =I13 -> 0 | F11: =PLUV_54!F11+E11 -> 220 | H11: NGONG | I11: 0
A12: GUIDER | B12: =I9 -> 6 | C12: =PLUV_54!C12+B12 -> 140 | D12: TOUBORO | E12: =I16 -> 0 | F12: =PLUV_54!F12+E12 -> 353 | H12: POLI | I12: 0
A13: GAROUA | B13: =I10 -> 0 | C13: =PLUV_54!C13+B13 -> 91 | D13: HOME | E13: =I17 -> 14 | F13: =PLUV_54!F13+E13 -> 207 | H13: MAYO-GALKE | I13: 0
A15: TOTAL JOURNALIER = | C15: =SUM(B9:B13)+SUM(E9:E13) -> 20 | D15: CUMUL GENERAL = | F15: =SUM(C9:C13)+SUM(F9:F13) -> 1774
H16: TOUBORO | I16: 0
H17: HOME | I17: 14
A18: Transmis le : | B18: =IFERROR(+I2+1,0) -> 43999

Sheet PLUV_56
A1: SODECOTON
H2: JOURNEE | I2: 43999
A3: PLUVIOMETRIE JOURNALIERE ET PAR PENTADE
H4: TABLEAU DE SAISI
B5: JOURNEE DU : | D5: =I2 -> 43999 | H5: STATION | I5: RELEVES
H6: MAROUA | I6: 46
A7: STATION | B7: RELEVES | D7: STATION | E7: RELEVES | H7: KAELE | I7: 17
B8: JOURNALIER | C8: CUMUL | E8: JOURNALIER | F8: CUMUL | H8: TCHATIBALI | I8: 23
A9: MAROUA | B9: =I6 -> 46 | C9: =PLUV_55!C9+B9 -> 143 | D9: NGONG | E9: =I11 -> 16 | F9: =PLUV_55!F9+E9 -> 139 | H9: GUIDER | I9: 48
A10: KAELE | B10: =I7 -> 17 | C10: =PLUV_55!C10+B10 -> 117 | D10: POLI | E10: =I12 -> 0 | F10: =PLUV_55!F10+E10 -> 353 | H10: GAROUA | I10: 15
A11: TCHATIBALI | B11: =I8 -> 23 | C11: =PLUV_55!C11+B11 -> 113 | D11: MAYO-GALKE | E11: =I13 -> 0 | F11: =PLUV_55!F11+E11 -> 220 | H11: NGONG | I11: 16
A12: GUIDER | B12: =I9 -> 48 | C12: =PLUV_55!C12+B12 -> 188 | D12: TOUBORO | E12: =I16 -> 1 | F12: =PLUV_55!F12+E12 -> 354 | H12: POLI | I12: 0
A13: GAROUA | B13: =I10 -> 15 | C13: =PLUV_55!C13+B13 -> 106 | D13: HOME | E13: =I17 -> 0 | F13: =PLUV_55!F13+E13 -> 207 | H13: MAYO-GALKE | I13: 0
I14: 17
A15: TOTAL JOURNALIER = | C15: =SUM(B9:B13)+SUM(E9:E13) -> 166 | D15: CUMUL GENERAL = | F15: =SUM(C9:C13)+SUM(F9:F13) -> 1940
H16: TOUBORO | I16: 1
H17: HOME | I17: 0
A18: Transmis le : | B18: =IFERROR(+I2+1,0) -> 44000

Sheet PLUV_57
A1: SODECOTON
H2: JOURNEE | I2: 44000
A3: PLUVIOMETRIE JOURNALIERE ET PAR PENTADE
H4: TABLEAU DE SAISI
B5: JOURNEE DU : | D5: =I2 -> 44000 | H5: STATION | I5: RELEVES
H6: MAROUA | I6: 7
A7: STATION | B7: RELEVES | D7: STATION | E7: RELEVES | H7: KAELE | I7: 3
B8: JOURNALIER | C8: CUMUL | E8: JOURNALIER | F8: CUMUL | H8: TCHATIBALI | I8: 0
A9: MAROUA | B9: =I6 -> 7 | C9: =PLUV_56!C9+B9 -> 150 | D9: NGONG | E9: =I11 -> 3 | F9: =PLUV_56!F9+E9 -> 142 | H9: GUIDER | I9: 0
A10: KAELE | B10: =I7 -> 3 | C10: =PLUV_56!C10+B10 -> 120 | D10: POLI | E10: =I12 -> 58 | F10: =PLUV_56!F10+E10 -> 411 | H10: GAROUA | I10: 21
A11: TCHATIBALI | B11: =I8 -> 0 | C11: =PLUV_56!C11+B11 -> 113 | D11: MAYO-GALKE | E11: =I13 -> 40 | F11: =PLUV_56!F11+E11 -> 260 | H11: NGONG | I11: 3
A12: GUIDER | B12: =I9 -> 0 | C12: =PLUV_56!C12+B12 -> 188 | D12: TOUBORO | E12: =I16 -> 19 | F12: =PLUV_56!F12+E12 -> 373 | H12: POLI | I12: 58
A13: GAROUA | B13: =I10 -> 21 | C13: =PLUV_56!C13+B13 -> 127 | D13: HOME | E13: =I17 -> 51 | F13: =PLUV_56!F13+E13 -> 258 | H13: MAYO-GALKE | I13: 40
A15: TOTAL JOURNALIER = | C15: =SUM(B9:B13)+SUM(E9:E13) -> 202 | D15: CUMUL GENERAL = | F15: =SUM(C9:C13)+SUM(F9:F13) -> 2142
H16: TOUBORO | I16: 19
H17: HOME | I17: 51
A18: Transmis le : | B18: =IFERROR(+I2+1,0) -> 44001

Sheet PLUV_58
A1: SODECOTON
H2: JOURNEE | I2: 44001
A3: PLUVIOMETRIE JOURNALIERE ET PAR PENTADE
H4: TABLEAU DE SAISI
B5: JOURNEE DU : | D5: =I2 -> 44001 | H5: STATION | I5: RELEVES
H6: MAROUA | I6: 0
A7: STATION | B7: RELEVES | D7: STATION | E7: RELEVES | H7: KAELE | I7: 8
B8: JOURNALIER | C8: CUMUL | E8: JOURNALIER | F8: CUMUL | H8: TCHATIBALI | I8: 0
A9: MAROUA | B9: =I6 -> 0 | C9: =PLUV_57!C9+B9 -> 150 | D9: NGONG | E9: =I11 -> 0 | F9: =PLUV_57!F9+E9 -> 142 | H9: GUIDER | I9: 19
A10: KAELE | B10: =I7 -> 8 | C10: =PLUV_57!C10+B10 -> 128 | D10: POLI | E10: =I12 -> 0 | F10: =PLUV_57!F10+E10 -> 411 | H10: GAROUA | I10: 0
A11: TCHATIBALI | B11: =I8 -> 0 | C11: =PLUV_57!C11+B11 -> 113 | D11: MAYO-GALKE | E11: =I13 -> 1 | F11: =PLUV_57!F11+E11 -> 261 | H11: NGONG | I11: 0
A12: GUIDER | B12: =I9 -> 19 | C12: =PLUV_57!C12+B12 -> 207 | D12: TOUBORO | E12: =I16 -> 36 | F12: =PLUV_57!F12+E12 -> 409 | H12: POLI | I12: 0
A13: GAROUA | B13: =I10 -> 0 | C13: =PLUV_57!C13+B13 -> 127 | D13: HOME | E13: =I17 -> 3 | F13: =PLUV_57!F13+E13 -> 261 | H13: MAYO-GALKE | I13: 1
A15: TOTAL JOURNALIER = | C15: =SUM(B9:B13)+SUM(E9:E13) -> 67 | D15: CUMUL GENERAL = | F15: =SUM(C9:C13)+SUM(F9:F13) -> 2209
H16: TOUBORO | I16: 36
H17: HOME | I17: 3
A18: Transmis le : | B18: =IFERROR(+I2+1,0) -> 44002

Sheet PLUV_59
A1: SODECOTON
H2: JOURNEE | I2: 44002
A3: PLUVIOMETRIE JOURNALIERE ET PAR PENTADE
H4: TABLEAU DE SAISI
B5: JOURNEE DU : | D5: =I2 -> 44002 | H5: STATION | I5: RELEVES
H6: MAROUA | I6: 0
A7: STATION | B7: RELEVES | D7: STATION | E7: RELEVES | H7: KAELE | I7: 0
B8: JOURNALIER | C8: CUMUL | E8: JOURNALIER | F8: CUMUL | H8: TCHATIBALI | I8: 0
A9: MAROUA | B9: =I6 -> 0 | C9: =PLUV_58!C9+B9 -> 150 | D9: NGONG | E9: =I11 -> 0 | F9: =PLUV_58!F9+E9 -> 142 | H9: GUIDER | I9: 0
A10: KAELE | B10: =I7 -> 0 | C10: =PLUV_58!C10+B10 -> 128 | D10: POLI | E10: =I12 -> 0 | F10: =PLUV_58!F10+E10 -> 411 | H10: GAROUA | I10: 0
A11: TCHATIBALI | B11: =I8 -> 0 | C11: =PLUV_58!C11+B11 -> 113 | D11: MAYO-GALKE | E11: =I13 -> 10 | F11: =PLUV_58!F11+E11 -> 271 | H11: NGONG | I11: 0
A12: GUIDER | B12: =I9 -> 0 | C12: =PLUV_58!C12+B12 -> 207 | D12: TOUBORO | E12: =I16 -> 24 | F12: =PLUV_58!F12+E12 -> 433 | H12: POLI | I12: 0
A13: GAROUA | B13: =I10 -> 0 | C13: =PLUV_58!C13+B13 -> 127 | D13: HOME | E13: =I17 -> 3 | F13: =PLUV_58!F13+E13 -> 264 | H13: MAYO-GALKE | I13: 10
A15: TOTAL JOURNALIER = | C15: =SUM(B9:B13)+SUM(E9:E13) -> 37 | D15: CUMUL GENERAL = | F15: =SUM(C9:C13)+SUM(F9:F13) -> 2246
H16: TOUBORO | I16: 24
H17: HOME | I17: 3
A18: Transmis le : | B18: =IFERROR(+I2+1,0) -> 44003

Sheet PLUV_60
A1: SODECOTON
H2: JOURNEE | I2: 44003
A3: PLUVIOMETRIE JOURNALIERE ET PAR PENTADE
H4: TABLEAU DE SAISI
B5: JOURNEE DU : | D5: =I2 -> 44003 | H5: STATION | I5: RELEVES
H6: MAROUA | I6: 0
A7: STATION | B7: RELEVES | D7: STATION | E7: RELEVES | H7: KAELE | I7: 1
B8: JOURNALIER | C8: CUMUL | E8: JOURNALIER | F8: CUMUL | H8: TCHATIBALI | I8: 0
A9: MAROUA | B9: =I6 -> 0 | C9: =PLUV_59!C9+B9 -> 150 | D9: NGONG | E9: =I11 -> 5 | F9: =PLUV_59!F9+E9 -> 147 | H9: GUIDER | I9: 1
A10: KAELE | B10: =I7 -> 1 | C10: =PLUV_59!C10+B10 -> 129 | D10: POLI | E10: =I12 -> 11 | F10: =PLUV_59!F10+E10 -> 422 | H10: GAROUA | I10: 20
A11: TCHATIBALI | B11: =I8 -> 0 | C11: =PLUV_59!C11+B11 -> 113 | D11: MAYO-GALKE | E11: =I13 -> 3 | F11: =PLUV_59!F11+E11 -> 274 | H11: NGONG | I11: 5
A12: GUIDER | B12: =I9 -> 1 | C12: =PLUV_59!C12+B12 -> 208 | D12: TOUBORO | E12: =I16 -> 0 | F12: =PLUV_59!F12+E12 -> 433 | H12: POLI | I12: 11
A13: GAROUA | B13: =I10 -> 20 | C13: =PLUV_59!C13+B13 -> 147 | D13: HOME | E13: =I17 -> 0 | F13: =PLUV_59!F13+E13 -> 264 | H13: MAYO-GALKE | I13: 3
A15: TOTAL JOURNALIER = | C15: =SUM(B9:B13)+SUM(E9:E13) -> 41 | D15: CUMUL GENERAL = | F15: =SUM(C9:C13)+SUM(F9:F13) -> 2287
H16: TOUBORO | I16: 0
H17: HOME | I17: 0
A18: Transmis le : | B18: =IFERROR(+I2+1,0) -> 44004

Sheet PLUV_61
A1: SODECOTON
H2: JOURNEE | I2: 44006
A3: PLUVIOMETRIE JOURNALIERE ET PAR PENTADE
H4: TABLEAU DE SAISI
B5: JOURNEE DU : | D5: =I2 -> 44006 | H5: STATION | I5: RELEVES
H6: MAROUA | I6: 2
A7: STATION | B7: RELEVES | D7: STATION | E7: RELEVES | H7: KAELE | I7: 0
B8: JOURNALIER | C8: CUMUL | E8: JOURNALIER | F8: CUMUL | H8: TCHATIBALI | I8: 0
A9: MAROUA | B9: =I6 -> 2 | C9: =PLUV_60!C9+B9 -> 152 | D9: NGONG | E9: =I11 -> 0 | F9: =PLUV_60!F9+E9 -> 147 | H9: GUIDER | I9: 0
A10: KAELE | B10: =I7 -> 0 | C10: =PLUV_60!C10+B10 -> 129 | D10: POLI | E10: =I12 -> 0 | F10: =PLUV_60!F10+E10 -> 422 | H10: GAROUA | I10: 0
A11: TCHATIBALI | B11: =I8 -> 0 | C11: =PLUV_60!C11+B11 -> 113 | D11: MAYO-GALKE | E11: =I13 -> 0 | F11: =PLUV_60!F11+E11 -> 274 | H11: NGONG | I11: 0
A12: GUIDER | B12: =I9 -> 0 | C12: =PLUV_60!C12+B12 -> 208 | D12: TOUBORO | E12: =I16 -> 0 | F12: =PLUV_60!F12+E12 -> 433 | H12: POLI | I12: 0
A13: GAROUA | B13: =I10 -> 0 | C13: =PLUV_60!C13+B13 -> 147 | D13: HOME | E13: =I17 -> 0 | F13: =PLUV_60!F13+E13 -> 264 | H13: MAYO-GALKE | I13: 0
I14: 19
A15: TOTAL JOURNALIER = | C15: =SUM(B9:B13)+SUM(E9:E13) -> 2 | D15: CUMUL GENERAL = | F15: =SUM(C9:C13)+SUM(F9:F13) -> 2289
H16: TOUBORO | I16: 0
H17: HOME | I17: 0
A18: Transmis le : | B18: =IFERROR(+I2+1,0) -> 44007

Sheet PLUV_62
A1: SODECOTON
H2: JOURNEE | I2: 44007
A3: PLUVIOMETRIE JOURNALIERE ET PAR PENTADE
H4: TABLEAU DE SAISI
B5: JOURNEE DU : | D5: =I2 -> 44007 | H5: STATION | I5: RELEVES
H6: MAROUA | I6: 56
A7: STATION | B7: RELEVES | D7: STATION | E7: RELEVES | H7: KAELE | I7: 9
B8: JOURNALIER | C8: CUMUL | E8: JOURNALIER | F8: CUMUL | H8: TCHATIBALI | I8: 35
A9: MAROUA | B9: =I6 -> 56 | C9: =PLUV_61!C9+B9 -> 208 | D9: NGONG | E9: =I11 -> 35 | F9: =PLUV_61!F9+E9 -> 182 | H9: GUIDER | I9: 42
A10: KAELE | B10: =I7 -> 9 | C10: =PLUV_61!C10+B10 -> 138 | D10: POLI | E10: =I12 -> 46 | F10: =PLUV_61!F10+E10 -> 468 | H10: GAROUA | I10: 31
A11: TCHATIBALI | B11: =I8 -> 35 | C11: =PLUV_61!C11+B11 -> 148 | D11: MAYO-GALKE | E11: =I13 -> 2 | F11: =PLUV_61!F11+E11 -> 276 | H11: NGONG | I11: 35
A12: GUIDER | B12: =I9 -> 42 | C12: =PLUV_61!C12+B12 -> 250 | D12: TOUBORO | E12: =I16 -> 0 | F12: =PLUV_61!F12+E12 -> 433 | H12: POLI | I12: 46
A13: GAROUA | B13: =I10 -> 31 | C13: =PLUV_61!C13+B13 -> 178 | D13: HOME | E13: =I17 -> 10 | F13: =PLUV_61!F13+E13 -> 274 | H13: MAYO-GALKE | I13: 2
A15: TOTAL JOURNALIER = | C15: =SUM(B9:B13)+SUM(E9:E13) -> 266 | D15: CUMUL GENERAL = | F15: =SUM(C9:C13)+SUM(F9:F13) -> 2555
H16: TOUBORO | I16: 0
H17: HOME | I17: 10
A18: Transmis le : | B18: =IFERROR(+I2+1,0) -> 44008

Sheet PLUV_63
A1: SODECOTON
H2: JOURNEE | I2: 44010
A3: PLUVIOMETRIE JOURNALIERE ET PAR PENTADE
H4: TABLEAU DE SAISI
B5: JOURNEE DU : | D5: =I2 -> 44010 | H5: STATION | I5: RELEVES
H6: MAROUA | I6: 32
A7: STATION | B7: RELEVES | D7: STATION | E7: RELEVES | H7: KAELE | I7: 29
B8: JOURNALIER | C8: CUMUL | E8: JOURNALIER | F8: CUMUL | H8: TCHATIBALI | I8: 26
A9: MAROUA | B9: =I6 -> 32 | C9: =PLUV_62!C9+B9 -> 240 | D9: NGONG | E9: =I11 -> 35 | F9: =PLUV_62!F9+E9 -> 217 | H9: GUIDER | I9: 4
A10: KAELE | B10: =I7 -> 29 | C10: =PLUV_62!C10+B10 -> 167 | D10: POLI | E10: =I12 -> 30 | F10: =PLUV_62!F10+E10 -> 498 | H10: GAROUA | I10: 5
A11: TCHATIBALI | B11: =I8 -> 26 | C11: =PLUV_62!C11+B11 -> 174 | D11: MAYO-GALKE | E11: =I13 -> 20 | F11: =PLUV_62!F11+E11 -> 296 | H11: NGONG | I11: 35
A12: GUIDER | B12: =I9 -> 4 | C12: =PLUV_62!C12+B12 -> 254 | D12: TOUBORO | E12: =I16 -> 40 | F12: =PLUV_62!F12+E12 -> 473 | H12: POLI | I12: 30
A13: GAROUA | B13: =I10 -> 5 | C13: =PLUV_62!C13+B13 -> 183 | D13: HOME | E13: =I17 -> 2 | F13: =PLUV_62!F13+E13 -> 276 | H13: MAYO-GALKE | I13: 20
A15: TOTAL JOURNALIER = | C15: =SUM(B9:B13)+SUM(E9:E13) -> 223 | D15: CUMUL GENERAL = | F15: =SUM(C9:C13)+SUM(F9:F13) -> 2778
H16: TOUBORO | I16: 40
H17: HOME | I17: 2
A18: Transmis le : | B18: =IFERROR(+I2+1,0) -> 44011

Sheet PLUV_64
A1: SODECOTON
H2: JOURNEE | I2: 44011
A3: PLUVIOMETRIE JOURNALIERE ET PAR PENTADE
H4: TABLEAU DE SAISI
B5: JOURNEE DU : | D5: =I2 -> 44011 | H5: STATION | I5: RELEVES
H6: MAROUA | I6: 0
A7: STATION | B7: RELEVES | D7: STATION | E7: RELEVES | H7: KAELE | I7: 2
B8: JOURNALIER | C8: CUMUL | E8: JOURNALIER | F8: CUMUL | H8: TCHATIBALI | I8: 3
A9: MAROUA | B9: =I6 -> 0 | C9: =PLUV_63!C9+B9 -> 240 | D9: NGONG | E9: =I11 -> 0 | F9: =PLUV_63!F9+E9 -> 217 | H9: GUIDER | I9: 0
A10: KAELE | B10: =I7 -> 2 | C10: =PLUV_63!C10+B10 -> 169 | D10: POLI | E10: =I12 -> 2 | F10: =PLUV_63!F10+E10 -> 500 | H10: GAROUA | I10: 0
A11: TCHATIBALI | B11: =I8 -> 3 | C11: =PLUV_63!C11+B11 -> 177 | D11: MAYO-GALKE | E11: =I13 -> 0 | F11: =PLUV_63!F11+E11 -> 296 | H11: NGONG | I11: 0
A12: GUIDER | B12: =I9 -> 0 | C12: =PLUV_63!C12+B12 -> 254 | D12: TOUBORO | E12: =I16 -> 12 | F12: =PLUV_63!F12+E12 -> 485 | H12: POLI | I12: 2
A13: GAROUA | B13: =I10 -> 0 | C13: =PLUV_63!C13+B13 -> 183 | D13: HOME | E13: =I17 -> 12 | F13: =PLUV_63!F13+E13 -> 288 | H13: MAYO-GALKE | I13: 0
A15: TOTAL JOURNALIER = | C15: =SUM(B9:B13)+SUM(E9:E13) -> 31 | D15: CUMUL GENERAL = | F15: =SUM(C9:C13)+SUM(F9:F13) -> 2809
H16: TOUBORO | I16: 12
H17: HOME | I17: 12
A18: Transmis le : | B18: =IFERROR(+I2+1,0) -> 44012

Sheet PLUV_65
A1: SODECOTON
H2: JOURNEE | I2: 44012
A3: PLUVIOMETRIE JOURNALIERE ET PAR PENTADE
H4: TABLEAU DE SAISI
B5: JOURNEE DU : | D5: =I2 -> 44012 | H5: STATION | I5: RELEVES
H6: MAROUA | I6: 1
A7: STATION | B7: RELEVES | D7: STATION | E7: RELEVES | H7: KAELE | I7: 3
B8: JOURNALIER | C8: CUMUL | E8: JOURNALIER | F8: CUMUL | H8: TCHATIBALI | I8: 0
A9: MAROUA | B9: =I6 -> 1 | C9: =PLUV_64!C9+B9 -> 241 | D9: NGONG | E9: =I11 -> 0 | F9: =PLUV_64!F9+E9 -> 217 | H9: GUIDER | I9: 0
A10: KAELE | B10: =I7 -> 3 | C10: =PLUV_64!C10+B10 -> 172 | D10: POLI | E10: =I12 -> 0 | F10: =PLUV_64!F10+E10 -> 500 | H10: GAROUA | I10: 0
A11: TCHATIBALI | B11: =I8 -> 0 | C11: =PLUV_64!C11+B11 -> 177 | D11: MAYO-GALKE | E11: =I13 -> 0 | F11: =PLUV_64!F11+E11 -> 296 | H11: NGONG | I11: 0
A12: GUIDER | B12: =I9 -> 0 | C12: =PLUV_64!C12+B12 -> 254 | D12: TOUBORO | E12: =I16 -> 0 | F12: =PLUV_64!F12+E12 -> 485 | H12: POLI | I12: 0
A13: GAROUA | B13: =I10 -> 0 | C13: =PLUV_64!C13+B13 -> 183 | D13: HOME | E13: =I17 -> 0 | F13: =PLUV_64!F13+E13 -> 288 | H13: MAYO-GALKE | I13: 0
A15: TOTAL JOURNALIER = | C15: =SUM(B9:B13)+SUM(E9:E13) -> 4 | D15: CUMUL GENERAL = | F15: =SUM(C9:C13)+SUM(F9:F13) -> 2813
H16: TOUBORO | I16: 0
H17: HOME | I17: 0
A18: Transmis le : | B18: =IFERROR(+I2+1,0) -> 44013

Sheet PLUV_66
A1: SODECOTON
H2: JOURNEE | I2: 44014
A3: PLUVIOMETRIE JOURNALIERE ET PAR PENTADE
H4: TABLEAU DE SAISI
B5: JOURNEE DU : | D5: =I2 -> 44014 | H5: STATION | I5: RELEVES
H6: MAROUA | I6: 0
A7: STATION | B7: RELEVES | D7: STATION | E7: RELEVES | H7: KAELE | I7: 0
B8: JOURNALIER | C8: CUMUL | E8: JOURNALIER | F8: CUMUL | H8: TCHATIBALI | I8: 0
A9: MAROUA | B9: =I6 -> 0 | C9: =PLUV_65!C9+B9 -> 241 | D9: NGONG | E9: =I11 -> 0 | F9: =PLUV_65!F9+E9 -> 217 | H9: GUIDER | I9: 0
A10: KAELE | B10: =I7 -> 0 | C10: =PLUV_65!C10+B10 -> 172 | D10: POLI | E10: =I12 -> 7 | F10: =PLUV_65!F10+E10 -> 507 | H10: GAROUA | I10: 0
A11: TCHATIBALI | B11: =I8 -> 0 | C11: =PLUV_65!C11+B11 -> 177 | D11: MAYO-GALKE | E11: =I13 -> 0 | F11: =PLUV_65!F11+E11 -> 296 | H11: NGONG | I11: 0
A12: GUIDER | B12: =I9 -> 0 | C12: =PLUV_65!C12+B12 -> 254 | D12: TOUBORO | E12: =I16 -> 0 | F12: =PLUV_65!F12+E12 -> 485 | H12: POLI | I12: 7
A13: GAROUA | B13: =I10 -> 0 | C13: =PLUV_65!C13+B13 -> 183 | D13: HOME | E13: =I17 -> 5 | F13: =PLUV_65!F13+E13 -> 293 | H13: MAYO-GALKE | I13: 0
A15: TOTAL JOURNALIER = | C15: =SUM(B9:B13)+SUM(E9:E13) -> 12 | D15: CUMUL GENERAL = | F15: =SUM(C9:C13)+SUM(F9:F13) -> 2825
H16: TOUBORO | I16: 0
H17: HOME | I17: 5
A18: Transmis le : | B18: =IFERROR(+I2+1,0) -> 44015

Sheet PLUV_67
A1: SODECOTON
H2: JOURNEE | I2: 44015
A3: PLUVIOMETRIE JOURNALIERE ET PAR PENTADE
H4: TABLEAU DE SAISI
B5: JOURNEE DU : | D5: =I2 -> 44015 | H5: STATION | I5: RELEVES
H6: MAROUA | I6: 0
A7: STATION | B7: RELEVES | D7: STATION | E7: RELEVES | H7: KAELE | I7: 1
B8: JOURNALIER | C8: CUMUL | E8: JOURNALIER | F8: CUMUL | H8: TCHATIBALI | I8: 11
A9: MAROUA | B9: =I6 -> 0 | C9: =PLUV_66!C9+B9 -> 241 | D9: NGONG | E9: =I11 -> 0 | F9: =PLUV_66!F9+E9 -> 217 | H9: GUIDER | I9: 0
A10: KAELE | B10: =I7 -> 1 | C10: =PLUV_66!C10+B10 -> 173 | D10: POLI | E10: =I12 -> 0 | F10: =PLUV_66!F10+E10 -> 507 | H10: GAROUA | I10: 5
A11: TCHATIBALI | B11: =I8 -> 11 | C11: =PLUV_66!C11+B11 -> 188 | D11: MAYO-GALKE | E11: =I13 -> 5 | F11: =PLUV_66!F11+E11 -> 301 | H11: NGONG | I11: 0
A12: GUIDER | B12: =I9 -> 0 | C12: =PLUV_66!C12+B12 -> 254 | D12: TOUBORO | E12: =I16 -> 24 | F12: =PLUV_66!F12+E12 -> 509 | H12: POLI | I12: 0
A13: GAROUA | B13: =I10 -> 5 | C13: =PLUV_66!C13+B13 -> 188 | D13: HOME | E13: =I17 -> 35 | F13: =PLUV_66!F13+E13 -> 328 | H13: MAYO-GALKE | I13: 5
A15: TOTAL JOURNALIER = | C15: =SUM(B9:B13)+SUM(E9:E13) -> 81 | D15: CUMUL GENERAL = | F15: =SUM(C9:C13)+SUM(F9:F13) -> 2906
H16: TOUBORO | I16: 24
H17: HOME | I17: 35
A18: Transmis le : | B18: =IFERROR(+I2+1,0) -> 44016

Sheet PLUV_68
A1: SODECOTON
H2: JOURNEE | I2: 44016
A3: PLUVIOMETRIE JOURNALIERE ET PAR PENTADE
H4: TABLEAU DE SAISI
B5: JOURNEE DU : | D5: =I2 -> 44016 | H5: STATION | I5: RELEVES
H6: MAROUA | I6: 0
A7: STATION | B7: RELEVES | D7: STATION | E7: RELEVES | H7: KAELE | I7: 0
B8: JOURNALIER | C8: CUMUL | E8: JOURNALIER | F8: CUMUL | H8: TCHATIBALI | I8: 0
A9: MAROUA | B9: =I6 -> 0 | C9: =PLUV_67!C9+B9 -> 241 | D9: NGONG | E9: =I11 -> 9 | F9: =PLUV_67!F9+E9 -> 226 | H9: GUIDER | I9: 0
A10: KAELE | B10: =I7 -> 0 | C10: =PLUV_67!C10+B10 -> 173 | D10: POLI | E10: =I12 -> 6 | F10: =PLUV_67!F10+E10 -> 513 | H10: GAROUA | I10: 0
A11: TCHATIBALI | B11: =I8 -> 0 | C11: =PLUV_67!C11+B11 -> 188 | D11: MAYO-GALKE | E11: =I13 -> 0 | F11: =PLUV_67!F11+E11 -> 301 | H11: NGONG | I11: 9
A12: GUIDER | B12: =I9 -> 0 | C12: =PLUV_67!C12+B12 -> 254 | D12: TOUBORO | E12: =I16 -> 2 | F12: =PLUV_67!F12+E12 -> 511 | H12: POLI | I12: 6
A13: GAROUA | B13: =I10 -> 0 | C13: =PLUV_67!C13+B13 -> 188 | D13: HOME | E13: =I17 -> 0 | F13: =PLUV_67!F13+E13 -> 328 | H13: MAYO-GALKE | I13: 0
A15: TOTAL JOURNALIER = | C15: =SUM(B9:B13)+SUM(E9:E13) -> 17 | D15: CUMUL GENERAL = | F15: =SUM(C9:C13)+SUM(F9:F13) -> 2923
H16: TOUBORO | I16: 2
H17: HOME | I17: 0
A18: Transmis le : | B18: =IFERROR(+I2+1,0) -> 44017

Sheet PLUV_69
A1: SODECOTON
H2: JOURNEE | I2: 44017
A3: PLUVIOMETRIE JOURNALIERE ET PAR PENTADE
H4: TABLEAU DE SAISI
B5: JOURNEE DU : | D5: =I2 -> 44017 | H5: STATION | I5: RELEVES
H6: MAROUA | I6: 4
A7: STATION | B7: RELEVES | D7: STATION | E7: RELEVES | H7: KAELE | I7: 0
B8: JOURNALIER | C8: CUMUL | E8: JOURNALIER | F8: CUMUL | H8: TCHATIBALI | I8: 0
A9: MAROUA | B9: =I6 -> 4 | C9: =PLUV_68!C9+B9 -> 245 | D9: NGONG | E9: =I11 -> 0 | F9: =PLUV_68!F9+E9 -> 226 | H9: GUIDER | I9: 0
A10: KAELE | B10: =I7 -> 0 | C10: =PLUV_68!C10+B10 -> 173 | D10: POLI | E10: =I12 -> 0 | F10: =PLUV_68!F10+E10 -> 513 | H10: GAROUA | I10: 0
A11: TCHATIBALI | B11: =I8 -> 0 | C11: =PLUV_68!C11+B11 -> 188 | D11: MAYO-GALKE | E11: =I13 -> 0 | F11: =PLUV_68!F11+E11 -> 301 | H11: NGONG | I11: 0
A12: GUIDER | B12: =I9 -> 0 | C12: =PLUV_68!C12+B12 -> 254 | D12: TOUBORO | E12: =I16 -> 0 | F12: =PLUV_68!F12+E12 -> 511 | H12: POLI | I12: 0
A13: GAROUA | B13: =I10 -> 0 | C13: =PLUV_68!C13+B13 -> 188 | D13: HOME | E13: =I17 -> 2 | F13: =PLUV_68!F13+E13 -> 330 | H13: MAYO-GALKE | I13: 0
A15: TOTAL JOURNALIER = | C15: =SUM(B9:B13)+SUM(E9:E13) -> 6 | D15: CUMUL GENERAL = | F15: =SUM(C9:C13)+SUM(F9:F13) -> 2929
H16: TOUBORO | I16: 0
H17: HOME | I17: 2
A18: Transmis le : | B18: =IFERROR(+I2+1,0) -> 44018

Sheet PLUV_70
A1: SODECOTON
H2: JOURNEE | I2: 44019
A3: PLUVIOMETRIE JOURNALIERE ET PAR PENTADE
H4: TABLEAU DE SAISI
B5: JOURNEE DU : | D5: =I2 -> 44019 | H5: STATION | I5: RELEVES
H6: MAROUA | I6: 0
A7: STATION | B7: RELEVES | D7: STATION | E7: RELEVES | H7: KAELE | I7: 1
B8: JOURNALIER | C8: CUMUL | E8: JOURNALIER | F8: CUMUL | H8: TCHATIBALI | I8: 5
A9: MAROUA | B9: =I6 -> 0 | C9: =PLUV_69!C9+B9 -> 245 | D9: NGONG | E9: =I11 -> 0 | F9: =PLUV_69!F9+E9 -> 226 | H9: GUIDER | I9: 0
A10: KAELE | B10: =I7 -> 1 | C10: =PLUV_69!C10+B10 -> 174 | D10: POLI | E10: =I12 -> 49 | F10: =PLUV_69!F10+E10 -> 562 | H10: GAROUA | I10: 35
A11: TCHATIBALI | B11: =I8 -> 5 | C11: =PLUV_69!C11+B11 -> 193 | D11: MAYO-GALKE | E11: =I13 -> 0 | F11: =PLUV_69!F11+E11 -> 301 | H11: NGONG | I11: 0
A12: GUIDER | B12: =I9 -> 0 | C12: =PLUV_69!C12+B12 -> 254 | D12: TOUBORO | E12: =I16 -> 9 | F12: =PLUV_69!F12+E12 -> 520 | H12: POLI | I12: 49
A13: GAROUA | B13: =I10 -> 35 | C13: =PLUV_69!C13+B13 -> 223 | D13: HOME | E13: =I17 -> 28 | F13: =PLUV_69!F13+E13 -> 358 | H13: MAYO-GALKE | I13: 0
A15: TOTAL JOURNALIER = | C15: =SUM(B9:B13)+SUM(E9:E13) -> 127 | D15: CUMUL GENERAL = | F15: =SUM(C9:C13)+SUM(F9:F13) -> 3056
H16: TOUBORO | I16: 9
H17: HOME | I17: 28
A18: Transmis le : | B18: =IFERROR(+I2+1,0) -> 44020

Sheet PLUV_71
A1: SODECOTON
H2: JOURNEE | I2: 44021
A3: PLUVIOMETRIE JOURNALIERE ET PAR PENTADE
H4: TABLEAU DE SAISI
B5: JOURNEE DU : | D5: =I2 -> 44021 | H5: STATION | I5: RELEVES
H6: MAROUA | I6: 9
A7: STATION | B7: RELEVES | D7: STATION | E7: RELEVES | H7: KAELE | I7: 0
B8: JOURNALIER | C8: CUMUL | E8: JOURNALIER | F8: CUMUL | H8: TCHATIBALI | I8: 0
A9: MAROUA | B9: =I6 -> 9 | C9: =PLUV_70!C9+B9 -> 254 | D9: NGONG | E9: =I11 -> 11 | F9: =PLUV_70!F9+E9 -> 237 | H9: GUIDER | I9: 0
A10: KAELE | B10: =I7 -> 0 | C10: =PLUV_70!C10+B10 -> 174 | D10: POLI | E10: =I12 -> 5 | F10: =PLUV_70!F10+E10 -> 567 | H10: GAROUA | I10: 0
A11: TCHATIBALI | B11: =I8 -> 0 | C11: =PLUV_70!C11+B11 -> 193 | D11: MAYO-GALKE | E11: =I13 -> 8 | F11: =PLUV_70!F11+E11 -> 309 | H11: NGONG | I11: 11
A12: GUIDER | B12: =I9 -> 0 | C12: =PLUV_70!C12+B12 -> 254 | D12: TOUBORO | E12: =I16 -> 22 | F12: =PLUV_70!F12+E12 -> 542 | H12: POLI | I12: 5
A13: GAROUA | B13: =I10 -> 0 | C13: =PLUV_70!C13+B13 -> 223 | D13: HOME | E13: =I17 -> 4 | F13: =PLUV_70!F13+E13 -> 362 | H13: MAYO-GALKE | I13: 8
A15: TOTAL JOURNALIER = | C15: =SUM(B9:B13)+SUM(E9:E13) -> 59 | D15: CUMUL GENERAL = | F15: =SUM(C9:C13)+SUM(F9:F13) -> 3115
H16: TOUBORO | I16: 22
H17: HOME | I17: 4
A18: Transmis le : | B18: =IFERROR(+I2+1,0) -> 44022

Sheet PLUV_72
A1: SODECOTON
H2: JOURNEE | I2: 44022
A3: PLUVIOMETRIE JOURNALIERE ET PAR PENTADE
H4: TABLEAU DE SAISI
B5: JOURNEE DU : | D5: =I2 -> 44022 | H5: STATION | I5: RELEVES
H6: MAROUA | I6: 0
A7: STATION | B7: RELEVES | D7: STATION | E7: RELEVES | H7: KAELE | I7: 0
B8: JOURNALIER | C8: CUMUL | E8: JOURNALIER | F8: CUMUL | H8: TCHATIBALI | I8: 0
A9: MAROUA | B9: =I6 -> 0 | C9: =PLUV_71!C9+B9 -> 254 | D9: NGONG | E9: =I11 -> 10 | F9: =PLUV_71!F9+E9 -> 247 | H9: GUIDER | I9: 0
A10: KAELE | B10: =I7 -> 0 | C10: =PLUV_71!C10+B10 -> 174 | D10: POLI | E10: =I12 -> 15 | F10: =PLUV_71!F10+E10 -> 582 | H10: GAROUA | I10: 10
A11: TCHATIBALI | B11: =I8 -> 0 | C11: =PLUV_71!C11+B11 -> 193 | D11: MAYO-GALKE | E11: =I13 -> 2 | F11: =PLUV_71!F11+E11 -> 311 | H11: NGONG | I11: 10
A12: GUIDER | B12: =I9 -> 0 | C12: =PLUV_71!C12+B12 -> 254 | D12: TOUBORO | E12: =I16 -> 0 | F12: =PLUV_71!F12+E12 -> 542 | H12: POLI | I12: 15
A13: GAROUA | B13: =I10 -> 10 | C13: =PLUV_71!C13+B13 -> 233 | D13: HOME | E13: =I17 -> 1 | F13: =PLUV_71!F13+E13 -> 363 | H13: MAYO-GALKE | I13: 2
A15: TOTAL JOURNALIER = | C15: =SUM(B9:B13)+SUM(E9:E13) -> 38 | D15: CUMUL GENERAL = | F15: =SUM(C9:C13)+SUM(F9:F13) -> 3153
H16: TOUBORO | I16: 0
H17: HOME | I17: 1
A18: Transmis le : | B18: =IFERROR(+I2+1,0) -> 44023

Sheet PLUV_73
A1: SODECOTON
H2: JOURNEE | I2: 44023
A3: PLUVIOMETRIE JOURNALIERE ET PAR PENTADE
H4: TABLEAU DE SAISI
B5: JOURNEE DU : | D5: =I2 -> 44023 | H5: STATION | I5: RELEVES
H6: MAROUA | I6: 0
A7: STATION | B7: RELEVES | D7: STATION | E7: RELEVES | H7: KAELE | I7: 3
B8: JOURNALIER | C8: CUMUL | E8: JOURNALIER | F8: CUMUL | H8: TCHATIBALI | I8: 3
A9: MAROUA | B9: =I6 -> 0 | C9: =PLUV_72!C9+B9 -> 254 | D9: NGONG | E9: =I11 -> 0 | F9: =PLUV_72!F9+E9 -> 247 | H9: GUIDER | I9: 0
A10: KAELE | B10: =I7 -> 3 | C10: =PLUV_72!C10+B10 -> 177 | D10: POLI | E10: =I12 -> 0 | F10: =PLUV_72!F10+E10 -> 582 | H10: GAROUA | I10: 0
A11: TCHATIBALI | B11: =I8 -> 3 | C11: =PLUV_72!C11+B11 -> 196 | D11: MAYO-GALKE | E11: =I13 -> 17 | F11: =PLUV_72!F11+E11 -> 328 | H11: NGONG | I11: 0
A12: GUIDER | B12: =I9 -> 0 | C12: =PLUV_72!C12+B12 -> 254 | D12: TOUBORO | E12: =I16 -> 3 | F12: =PLUV_72!F12+E12 -> 545 | H12: POLI | I12: 0
A13: GAROUA | B13: =I10 -> 0 | C13: =PLUV_72!C13+B13 -> 233 | D13: HOME | E13: =I17 -> 15 | F13: =PLUV_72!F13+E13 -> 378 | H13: MAYO-GALKE | I13: 17
A15: TOTAL JOURNALIER = | C15: =SUM(B9:B13)+SUM(E9:E13) -> 41 | D15: CUMUL GENERAL = | F15: =SUM(C9:C13)+SUM(F9:F13) -> 3194
H16: TOUBORO | I16: 3
H17: HOME | I17: 15
A18: Transmis le : | B18: =IFERROR(+I2+1,0) -> 44024

Sheet PLUV_74
A1: SODECOTON
H2: JOURNEE | I2: 44024
A3: PLUVIOMETRIE JOURNALIERE ET PAR PENTADE
H4: TABLEAU DE SAISI
B5: JOURNEE DU : | D5: =I2 -> 44024 | H5: STATION | I5: RELEVES
H6: MAROUA | I6: 10
A7: STATION | B7: RELEVES | D7: STATION | E7: RELEVES | H7: KAELE | I7: 2
B8: JOURNALIER | C8: CUMUL | E8: JOURNALIER | F8: CUMUL | H8: TCHATIBALI | I8: 0
A9: MAROUA | B9: =I6 -> 10 | C9: =PLUV_73!C9+B9 -> 264 | D9: NGONG | E9: =I11 -> 0 | F9: =PLUV_73!F9+E9 -> 247 | H9: GUIDER | I9: 0
A10: KAELE | B10: =I7 -> 2 | C10: =PLUV_73!C10+B10 -> 179 | D10: POLI | E10: =I12 -> 0 | F10: =PLUV_73!F10+E10 -> 582 | H10: GAROUA | I10: 6
A11: TCHATIBALI | B11: =I8 -> 0 | C11: =PLUV_73!C11+B11 -> 196 | D11: MAYO-GALKE | E11: =I13 -> 21 | F11: =PLUV_73!F11+E11 -> 349 | H11: NGONG | I11: 0
A12: GUIDER | B12: =I9 -> 0 | C12: =PLUV_73!C12+B12 -> 254 | D12: TOUBORO | E12: =I16 -> 0 | F12: =PLUV_73!F12+E12 -> 545 | H12: POLI | I12: 0
A13: GAROUA | B13: =I10 -> 6 | C13: =PLUV_73!C13+B13 -> 239 | D13: HOME | E13: =I17 -> 3 | F13: =PLUV_73!F13+E13 -> 381 | H13: MAYO-GALKE | I13: 21
A15: TOTAL JOURNALIER = | C15: =SUM(B9:B13)+SUM(E9:E13) -> 42 | D15: CUMUL GENERAL = | F15: =SUM(C9:C13)+SUM(F9:F13) -> 3236
H16: TOUBORO | I16: 0
H17: HOME | I17: 3
A18: Transmis le : | B18: =IFERROR(+I2+1,0) -> 44025

Sheet PLUV_75
A1: SODECOTON
H2: JOURNEE | I2: 44025
A3: PLUVIOMETRIE JOURNALIERE ET PAR PENTADE
H4: TABLEAU DE SAISI
B5: JOURNEE DU : | D5: =I2 -> 44025 | H5: STATION | I5: RELEVES
H6: MAROUA | I6: 0
A7: STATION | B7: RELEVES | D7: STATION | E7: RELEVES | H7: KAELE | I7: 0
B8: JOURNALIER | C8: CUMUL | E8: JOURNALIER | F8: CUMUL | H8: TCHATIBALI | I8: 10
A9: MAROUA | B9: =I6 -> 0 | C9: =PLUV_74!C9+B9 -> 264 | D9: NGONG | E9: =I11 -> 0 | F9: =PLUV_74!F9+E9 -> 247 | H9: GUIDER | I9: 0
A10: KAELE | B10: =I7 -> 0 | C10: =PLUV_74!C10+B10 -> 179 | D10: POLI | E10: =I12 -> 0 | F10: =PLUV_74!F10+E10 -> 582 | H10: GAROUA | I10: 0
A11: TCHATIBALI | B11: =I8 -> 10 | C11: =PLUV_74!C11+B11 -> 206 | D11: MAYO-GALKE | E11: =I13 -> 6 | F11: =PLUV_74!F11+E11 -> 355 | H11: NGONG | I11: 0
A12: GUIDER | B12: =I9 -> 0 | C12: =PLUV_74!C12+B12 -> 254 | D12: TOUBORO | E12: =I16 -> 28 | F12: =PLUV_74!F12+E12 -> 573 | H12: POLI | I12: 0
A13: GAROUA | B13: =I10 -> 0 | C13: =PLUV_74!C13+B13 -> 239 | D13: HOME | E13: =I17 -> 0 | F13: =PLUV_74!F13+E13 -> 381 | H13: MAYO-GALKE | I13: 6
A15: TOTAL JOURNALIER = | C15: =SUM(B9:B13)+SUM(E9:E13) -> 44 | D15: CUMUL GENERAL = | F15: =SUM(C9:C13)+SUM(F9:F13) -> 3280
H16: TOUBORO | I16: 28
H17: HOME | I17: 0
A18: Transmis le : | B18: =IFERROR(+I2+1,0) -> 44026

Sheet PLUV_76
A1: SODECOTON
H2: JOURNEE | I2: 44026
A3: PLUVIOMETRIE JOURNALIERE ET PAR PENTADE
H4: TABLEAU DE SAISI
B5: JOURNEE DU : | D5: =I2 -> 44026 | H5: STATION | I5: RELEVES
H6: MAROUA | I6: 42
A7: STATION | B7: RELEVES | D7: STATION | E7: RELEVES | H7: KAELE | I7: 52
B8: JOURNALIER | C8: CUMUL | E8: JOURNALIER | F8: CUMUL | H8: TCHATIBALI | I8: 25
A9: MAROUA | B9: =I6 -> 42 | C9: =PLUV_75!C9+B9 -> 306 | D9: NGONG | E9: =I11 -> 13 | F9: =PLUV_75!F9+E9 -> 260 | H9: GUIDER | I9: 40
A10: KAELE | B10: =I7 -> 52 | C10: =PLUV_75!C10+B10 -> 231 | D10: POLI | E10: =I12 -> 10 | F10: =PLUV_75!F10+E10 -> 592 | H10: GAROUA | I10: 11
A11: TCHATIBALI | B11: =I8 -> 25 | C11: =PLUV_75!C11+B11 -> 231 | D11: MAYO-GALKE | E11: =I13 -> 6 | F11: =PLUV_75!F11+E11 -> 361 | H11: NGONG | I11: 13
A12: GUIDER | B12: =I9 -> 40 | C12: =PLUV_75!C12+B12 -> 294 | D12: TOUBORO | E12: =I16 -> 13 | F12: =PLUV_75!F12+E12 -> 586 | H12: POLI | I12: 10
A13: GAROUA | B13: =I10 -> 11 | C13: =PLUV_75!C13+B13 -> 250 | D13: HOME | E13: =I17 -> 5 | F13: =PLUV_75!F13+E13 -> 386 | H13: MAYO-GALKE | I13: 6
I14: 0
A15: TOTAL JOURNALIER = | C15: =SUM(B9:B13)+SUM(E9:E13) -> 217 | D15: CUMUL GENERAL = | F15: =SUM(C9:C13)+SUM(F9:F13) -> 3497
H16: TOUBORO | I16: 13
H17: HOME | I17: 5
A18: Transmis le : | B18: =IFERROR(+I2+1,0) -> 44027

Sheet PLUV_77
A1: SODECOTON
H2: JOURNEE | I2: 44027
A3: PLUVIOMETRIE JOURNALIERE ET PAR PENTADE
H4: TABLEAU DE SAISI
B5: JOURNEE DU : | D5: =I2 -> 44027 | H5: STATION | I5: RELEVES
H6: MAROUA | I6: 0
A7: STATION | B7: RELEVES | D7: STATION | E7: RELEVES | H7: KAELE | I7: 0
B8: JOURNALIER | C8: CUMUL | E8: JOURNALIER | F8: CUMUL | H8: TCHATIBALI | I8: 0
A9: MAROUA | B9: =I6 -> 0 | C9: =PLUV_76!C9+B9 -> 306 | D9: NGONG | E9: =I11 -> 0 | F9: =PLUV_76!F9+E9 -> 260 | H9: GUIDER | I9: 0
A10: KAELE | B10: =I7 -> 0 | C10: =PLUV_76!C10+B10 -> 231 | D10: POLI | E10: =I12 -> 0 | F10: =PLUV_76!F10+E10 -> 592 | H10: GAROUA | I10: 0
A11: TCHATIBALI | B11: =I8 -> 0 | C11: =PLUV_76!C11+B11 -> 231 | D11: MAYO-GALKE | E11: =I13 -> 14 | F11: =PLUV_76!F11+E11 -> 375 | H11: NGONG | I11: 0
A12: GUIDER | B12: =I9 -> 0 | C12: =PLUV_76!C12+B12 -> 294 | D12: TOUBORO | E12: =I16 -> 1 | F12: =PLUV_76!F12+E12 -> 587 | H12: POLI | I12: 0
A13: GAROUA | B13: =I10 -> 0 | C13: =PLUV_76!C13+B13 -> 250 | D13: HOME | E13: =I17 -> 3 | F13: =PLUV_76!F13+E13 -> 389 | H13: MAYO-GALKE | I13: 14
A15: TOTAL JOURNALIER = | C15: =SUM(B9:B13)+SUM(E9:E13) -> 18 | D15: CUMUL GENERAL = | F15: =SUM(C9:C13)+SUM(F9:F13) -> 3515
H16: TOUBORO | I16: 1
H17: HOME | I17: 3
A18: Transmis le : | B18: =IFERROR(+I2+1,0) -> 44028

Sheet PLUV_78
A1: SODECOTON
H2: JOURNEE | I2: 44028
A3: PLUVIOMETRIE JOURNALIERE ET PAR PENTADE
H4: TABLEAU DE SAISI
B5: JOURNEE DU : | D5: =I2 -> 44028 | H5: STATION | I5: RELEVES
H6: MAROUA | I6: 2
A7: STATION | B7: RELEVES | D7: STATION | E7: RELEVES | H7: KAELE | I7: 0
B8: JOURNALIER | C8: CUMUL | E8: JOURNALIER | F8: CUMUL | H8: TCHATIBALI | I8: 0
A9: MAROUA | B9: =I6 -> 2 | C9: =PLUV_77!C9+B9 -> 308 | D9: NGONG | E9: =I11 -> 0 | F9: =PLUV_77!F9+E9 -> 260 | H9: GUIDER | I9: 0
A10: KAELE | B10: =I7 -> 0 | C10: =PLUV_77!C10+B10 -> 231 | D10: POLI | E10: =I12 -> 26 | F10: =PLUV_77!F10+E10 -> 618 | H10: GAROUA | I10: 0
A11: TCHATIBALI | B11: =I8 -> 0 | C11: =PLUV_77!C11+B11 -> 231 | D11: MAYO-GALKE | E11: =I13 -> 25 | F11: =PLUV_77!F11+E11 -> 400 | H11: NGONG | I11: 0
A12: GUIDER | B12: =I9 -> 0 | C12: =PLUV_77!C12+B12 -> 294 | D12: TOUBORO | E12: =I16 -> 12 | F12: =PLUV_77!F12+E12 -> 599 | H12: POLI | I12: 26
A13: GAROUA | B13: =I10 -> 0 | C13: =PLUV_77!C13+B13 -> 250 | D13: HOME | E13: =I17 -> 2 | F13: =PLUV_77!F13+E13 -> 391 | H13: MAYO-GALKE | I13: 25
A15: TOTAL JOURNALIER = | C15: =SUM(B9:B13)+SUM(E9:E13) -> 67 | D15: CUMUL GENERAL = | F15: =SUM(C9:C13)+SUM(F9:F13) -> 3582
H16: TOUBORO | I16: 12
H17: HOME | I17: 2
A18: Transmis le : | B18: =IFERROR(+I2+1,0) -> 44029

Sheet PLUV_79
A1: SODECOTON
H2: JOURNEE | I2: 44029
A3: PLUVIOMETRIE JOURNALIERE ET PAR PENTADE
H4: TABLEAU DE SAISI
B5: JOURNEE DU : | D5: =I2 -> 44029 | H5: STATION | I5: RELEVES
H6: MAROUA | I6: 0
A7: STATION | B7: RELEVES | D7: STATION | E7: RELEVES | H7: KAELE | I7: 0
B8: JOURNALIER | C8: CUMUL | E8: JOURNALIER | F8: CUMUL | H8: TCHATIBALI | I8: 1
A9: MAROUA | B9: =I6 -> 0 | C9: =PLUV_78!C9+B9 -> 308 | D9: NGONG | E9: =I11 -> 0 | F9: =PLUV_78!F9+E9 -> 260 | H9: GUIDER | I9: 0
A10: KAELE | B10: =I7 -> 0 | C10: =PLUV_78!C10+B10 -> 231 | D10: POLI | E10: =I12 -> 2 | F10: =PLUV_78!F10+E10 -> 620 | H10: GAROUA | I10: 0
A11: TCHATIBALI | B11: =I8 -> 1 | C11: =PLUV_78!C11+B11 -> 232 | D11: MAYO-GALKE | E11: =I13 -> 14 | F11: =PLUV_78!F11+E11 -> 414 | H11: NGONG | I11: 0
A12: GUIDER | B12: =I9 -> 0 | C12: =PLUV_78!C12+B12 -> 294 | D12: TOUBORO | E12: =I16 -> 12 | F12: =PLUV_78!F12+E12 -> 611 | H12: POLI | I12: 2
A13: GAROUA | B13: =I10 -> 0 | C13: =PLUV_78!C13+B13 -> 250 | D13: HOME | E13: =I17 -> 9 | F13: =PLUV_78!F13+E13 -> 400 | H13: MAYO-GALKE | I13: 14
A15: TOTAL JOURNALIER = | C15: =SUM(B9:B13)+SUM(E9:E13) -> 38 | D15: CUMUL GENERAL = | F15: =SUM(C9:C13)+SUM(F9:F13) -> 3620
H16: TOUBORO | I16: 12
H17: HOME | I17: 9
A18: Transmis le : | B18: =IFERROR(+I2+1,0) -> 44030

Sheet PLUV_80
A1: SODECOTON
H2: JOURNEE | I2: 44030
A3: PLUVIOMETRIE JOURNALIERE ET PAR PENTADE
H4: TABLEAU DE SAISI
B5: JOURNEE DU : | D5: =I2 -> 44030 | H5: STATION | I5: RELEVES
H6: MAROUA | I6: 0
A7: STATION | B7: RELEVES | D7: STATION | E7: RELEVES | H7: KAELE | I7: 0
B8: JOURNALIER | C8: CUMUL | E8: JOURNALIER | F8: CUMUL | H8: TCHATIBALI | I8: 0
A9: MAROUA | B9: =I6 -> 0 | C9: =PLUV_79!C9+B9 -> 308 | D9: NGONG | E9: =I11 -> 0 | F9: =PLUV_79!F9+E9 -> 260 | H9: GUIDER | I9: 0
A10: KAELE | B10: =I7 -> 0 | C10: =PLUV_79!C10+B10 -> 231 | D10: POLI | E10: =I12 -> 0 | F10: =PLUV_79!F10+E10 -> 620 | H10: GAROUA | I10: 0
A11: TCHATIBALI | B11: =I8 -> 0 | C11: =PLUV_79!C11+B11 -> 232 | D11: MAYO-GALKE | E11: =I13 -> 0 | F11: =PLUV_79!F11+E11 -> 414 | H11: NGONG | I11: 0
A12: GUIDER | B12: =I9 -> 0 | C12: =PLUV_79!C12+B12 -> 294 | D12: TOUBORO | E12: =I16 -> 0 | F12: =PLUV_79!F12+E12 -> 611 | H12: POLI | I12: 0
A13: GAROUA | B13: =I10 -> 0 | C13: =PLUV_79!C13+B13 -> 250 | D13: HOME | E13: =I17 -> 1 | F13: =PLUV_79!F13+E13 -> 401 | H13: MAYO-GALKE | I13: 0
A15: TOTAL JOURNALIER = | C15: =SUM(B9:B13)+SUM(E9:E13) -> 1 | D15: CUMUL GENERAL = | F15: =SUM(C9:C13)+SUM(F9:F13) -> 3621
H16: TOUBORO | I16: 0
H17: HOME | I17: 1
A18: Transmis le : | B18: =IFERROR(+I2+1,0) -> 44031

Sheet PLUV_81
A1: SODECOTON
H2: JOURNEE | I2: 44031
A3: PLUVIOMETRIE JOURNALIERE ET PAR PENTADE
H4: TABLEAU DE SAISI
B5: JOURNEE DU : | D5: =I2 -> 44031 | H5: STATION | I5: RELEVES
H6: MAROUA | I6: 8
A7: STATION | B7: RELEVES | D7: STATION | E7: RELEVES | H7: KAELE | I7: 12
B8: JOURNALIER | C8: CUMUL | E8: JOURNALIER | F8: CUMUL | H8: TCHATIBALI | I8: 0
A9: MAROUA | B9: =I6 -> 8 | C9: =PLUV_80!C9+B9 -> 316 | D9: NGONG | E9: =I11 -> 38 | F9: =PLUV_80!F9+E9 -> 298 | H9: GUIDER | I9: 3
A10: KAELE | B10: =I7 -> 12 | C10: =PLUV_80!C10+B10 -> 243 | D10: POLI | E10: =I12 -> 62 | F10: =PLUV_80!F10+E10 -> 682 | H10: GAROUA | I10: 17
A11: TCHATIBALI | B11: =I8 -> 0 | C11: =PLUV_80!C11+B11 -> 232 | D11: MAYO-GALKE | E11: =I13 -> 26 | F11: =PLUV_80!F11+E11 -> 440 | H11: NGONG | I11: 38
A12: GUIDER | B12: =I9 -> 3 | C12: =PLUV_80!C12+B12 -> 297 | D12: TOUBORO | E12: =I16 -> 21 | F12: =PLUV_80!F12+E12 -> 632 | H12: POLI | I12: 62
A13: GAROUA | B13: =I10 -> 17 | C13: =PLUV_80!C13+B13 -> 267 | D13: HOME | E13: =I17 -> 16 | F13: =PLUV_80!F13+E13 -> 417 | H13: MAYO-GALKE | I13: 26
A15: TOTAL JOURNALIER = | C15: =SUM(B9:B13)+SUM(E9:E13) -> 203 | D15: CUMUL GENERAL = | F15: =SUM(C9:C13)+SUM(F9:F13) -> 3824
H16: TOUBORO | I16: 21
H17: HOME | I17: 16
A18: Transmis le : | B18: =IFERROR(+I2+1,0) -> 44032

Sheet PLUV_82
A1: SODECOTON
H2: JOURNEE | I2: 44032
A3: PLUVIOMETRIE JOURNALIERE ET PAR PENTADE
H4: TABLEAU DE SAISI
B5: JOURNEE DU : | D5: =I2 -> 44032 | H5: STATION | I5: RELEVES
H6: MAROUA | I6: 0
A7: STATION | B7: RELEVES | D7: STATION | E7: RELEVES | H7: KAELE | I7: 0
B8: JOURNALIER | C8: CUMUL | E8: JOURNALIER | F8: CUMUL | H8: TCHATIBALI | I8: 0
A9: MAROUA | B9: =I6 -> 0 | C9: =PLUV_81!C9+B9 -> 316 | D9: NGONG | E9: =I11 -> 0 | F9: =PLUV_81!F9+E9 -> 298 | H9: GUIDER | I9: 0
A10: KAELE | B10: =I7 -> 0 | C10: =PLUV_81!C10+B10 -> 243 | D10: POLI | E10: =I12 -> 0 | F10: =PLUV_81!F10+E10 -> 682 | H10: GAROUA | I10: 0
A11: TCHATIBALI | B11: =I8 -> 0 | C11: =PLUV_81!C11+B11 -> 232 | D11: MAYO-GALKE | E11: =I13 -> 0 | F11: =PLUV_81!F11+E11 -> 440 | H11: NGONG | I11: 0
A12: GUIDER | B12: =I9 -> 0 | C12: =PLUV_81!C12+B12 -> 297 | D12: TOUBORO | E12: =I16 -> 4 | F12: =PLUV_81!F12+E12 -> 636 | H12: POLI | I12: 0
A13: GAROUA | B13: =I10 -> 0 | C13: =PLUV_81!C13+B13 -> 267 | D13: HOME | E13: =I17 -> 2 | F13: =PLUV_81!F13+E13 -> 419 | H13: MAYO-GALKE | I13: 0
A15: TOTAL JOURNALIER = | C15: =SUM(B9:B13)+SUM(E9:E13) -> 6 | D15: CUMUL GENERAL = | F15: =SUM(C9:C13)+SUM(F9:F13) -> 3830
H16: TOUBORO | I16: 4
H17: HOME | I17: 2
A18: Transmis le : | B18: =IFERROR(+I2+1,0) -> 44033

Sheet PLUV_83
A1: SODECOTON
H2: JOURNEE | I2: 44033
A3: PLUVIOMETRIE JOURNALIERE ET PAR PENTADE
H4: TABLEAU DE SAISI
B5: JOURNEE DU : | D5: =I2 -> 44033 | H5: STATION | I5: RELEVES
H6: MAROUA | I6: 0
A7: STATION | B7: RELEVES | D7: STATION | E7: RELEVES | H7: KAELE | I7: 0
B8: JOURNALIER | C8: CUMUL | E8: JOURNALIER | F8: CUMUL | H8: TCHATIBALI | I8: 0
A9: MAROUA | B9: =I6 -> 0 | C9: =PLUV_82!C9+B9 -> 316 | D9: NGONG | E9: =I11 -> 0 | F9: =PLUV_82!F9+E9 -> 298 | H9: GUIDER | I9: 0
A10: KAELE | B10: =I7 -> 0 | C10: =PLUV_82!C10+B10 -> 243 | D10: POLI | E10: =I12 -> 0 | F10: =PLUV_82!F10+E10 -> 682 | H10: GAROUA | I10: 0
A11: TCHATIBALI | B11: =I8 -> 0 | C11: =PLUV_82!C11+B11 -> 232 | D11: MAYO-GALKE | E11: =I13 -> 0 | F11: =PLUV_82!F11+E11 -> 440 | H11: NGONG | I11: 0
A12: GUIDER | B12: =I9 -> 0 | C12: =PLUV_82!C12+B12 -> 297 | D12: TOUBORO | E12: =I16 -> 1 | F12: =PLUV_82!F12+E12 -> 637 | H12: POLI | I12: 0
A13: GAROUA | B13: =I10 -> 0 | C13: =PLUV_82!C13+B13 -> 267 | D13: HOME | E13: =I17 -> 35 | F13: =PLUV_82!F13+E13 -> 454 | H13: MAYO-GALKE | I13: 0
A15: TOTAL JOURNALIER = | C15: =SUM(B9:B13)+SUM(E9:E13) -> 36 | D15: CUMUL GENERAL = | F15: =SUM(C9:C13)+SUM(F9:F13) -> 3866
H16: TOUBORO | I16: 1
H17: HOME | I17: 35
A18: Transmis le : | B18: =IFERROR(+I2+1,0) -> 44034

Sheet PLUV_84
A1: SODECOTON
H2: JOURNEE | I2: 44034
A3: PLUVIOMETRIE JOURNALIERE ET PAR PENTADE
H4: TABLEAU DE SAISI
B5: JOURNEE DU : | D5: =I2 -> 44034 | H5: STATION | I5: RELEVES
H6: MAROUA | I6: 0
A7: STATION | B7: RELEVES | D7: STATION | E7: RELEVES | H7: KAELE | I7: 38
B8: JOURNALIER | C8: CUMUL | E8: JOURNALIER | F8: CUMUL | H8: TCHATIBALI | I8: 3
A9: MAROUA | B9: =I6 -> 0 | C9: =PLUV_83!C9+B9 -> 316 | D9: NGONG | E9: =I11 -> 0 | F9: =PLUV_83!F9+E9 -> 298 | H9: GUIDER | I9: 0
A10: KAELE | B10: =I7 -> 38 | C10: =PLUV_83!C10+B10 -> 281 | D10: POLI | E10: =I12 -> 1 | F10: =PLUV_83!F10+E10 -> 683 | H10: GAROUA | I10: 4
A11: TCHATIBALI | B11: =I8 -> 3 | C11: =PLUV_83!C11+B11 -> 235 | D11: MAYO-GALKE | E11: =I13 -> 0 | F11: =PLUV_83!F11+E11 -> 440 | H11: NGONG | I11: 0
A12: GUIDER | B12: =I9 -> 0 | C12: =PLUV_83!C12+B12 -> 297 | D12: TOUBORO | E12: =I16 -> 0 | F12: =PLUV_83!F12+E12 -> 637 | H12: POLI | I12: 1
A13: GAROUA | B13: =I10 -> 4 | C13: =PLUV_83!C13+B13 -> 271 | D13: HOME | E13: =I17 -> 31 | F13: =PLUV_83!F13+E13 -> 485 | H13: MAYO-GALKE | I13: 0
A15: TOTAL JOURNALIER = | C15: =SUM(B9:B13)+SUM(E9:E13) -> 77 | D15: CUMUL GENERAL = | F15: =SUM(C9:C13)+SUM(F9:F13) -> 3943
H16: TOUBORO | I16: 0
H17: HOME | I17: 31
A18: Transmis le : | B18: =IFERROR(+I2+1,0) -> 44035

Sheet PLUV_85
A1: SODECOTON
H2: JOURNEE | I2: 44035
A3: PLUVIOMETRIE JOURNALIERE ET PAR PENTADE
H4: TABLEAU DE SAISI
B5: JOURNEE DU : | D5: =I2 -> 44035 | H5: STATION | I5: RELEVES
H6: MAROUA | I6: 20
A7: STATION | B7: RELEVES | D7: STATION | E7: RELEVES | H7: KAELE | I7: 42
B8: JOURNALIER | C8: CUMUL | E8: JOURNALIER | F8: CUMUL | H8: TCHATIBALI | I8: 21
A9: MAROUA | B9: =I6 -> 20 | C9: =PLUV_84!C9+B9 -> 336 | D9: NGONG | E9: =I11 -> 3 | F9: =PLUV_84!F9+E9 -> 301 | H9: GUIDER | I9: 12
A10: KAELE | B10: =I7 -> 42 | C10: =PLUV_84!C10+B10 -> 323 | D10: POLI | E10: =I12 -> 10 | F10: =PLUV_84!F10+E10 -> 693 | H10: GAROUA | I10: 20
A11: TCHATIBALI | B11: =I8 -> 21 | C11: =PLUV_84!C11+B11 -> 256 | D11: MAYO-GALKE | E11: =I13 -> 21 | F11: =PLUV_84!F11+E11 -> 461 | H11: NGONG | I11: 3
A12: GUIDER | B12: =I9 -> 12 | C12: =PLUV_84!C12+B12 -> 309 | D12: TOUBORO | E12: =I16 -> 3 | F12: =PLUV_84!F12+E12 -> 640 | H12: POLI | I12: 10
A13: GAROUA | B13: =I10 -> 20 | C13: =PLUV_84!C13+B13 -> 291 | D13: HOME | E13: =I17 -> 5 | F13: =PLUV_84!F13+E13 -> 490 | H13: MAYO-GALKE | I13: 21
A15: TOTAL JOURNALIER = | C15: =SUM(B9:B13)+SUM(E9:E13) -> 157 | D15: CUMUL GENERAL = | F15: =SUM(C9:C13)+SUM(F9:F13) -> 4100
H16: TOUBORO | I16: 3
H17: HOME | I17: 5
A18: Transmis le : | B18: =IFERROR(+I2+1,0) -> 44036

Sheet PLUV_86
A1: SODECOTON
H2: JOURNEE | I2: 44036
A3: PLUVIOMETRIE JOURNALIERE ET PAR PENTADE
H4: TABLEAU DE SAISI
B5: JOURNEE DU : | D5: =I2 -> 44036 | H5: STATION | I5: RELEVES
H6: MAROUA | I6: 0
A7: STATION | B7: RELEVES | D7: STATION | E7: RELEVES | H7: KAELE | I7: 0
B8: JOURNALIER | C8: CUMUL | E8: JOURNALIER | F8: CUMUL | H8: TCHATIBALI | I8: 0
A9: MAROUA | B9: =I6 -> 0 | C9: =PLUV_85!C9+B9 -> 336 | D9: NGONG | E9: =I11 -> 0 | F9: =PLUV_85!F9+E9 -> 301 | H9: GUIDER | I9: 0
A10: KAELE | B10: =I7 -> 0 | C10: =PLUV_85!C10+B10 -> 323 | D10: POLI | E10: =I12 -> 0 | F10: =PLUV_85!F10+E10 -> 693 | H10: GAROUA | I10: 0
A11: TCHATIBALI | B11: =I8 -> 0 | C11: =PLUV_85!C11+B11 -> 256 | D11: MAYO-GALKE | E11: =I13 -> 0 | F11: =PLUV_85!F11+E11 -> 461 | H11: NGONG | I11: 0
A12: GUIDER | B12: =I9 -> 0 | C12: =PLUV_85!C12+B12 -> 309 | D12: TOUBORO | E12: =I16 -> 15 | F12: =PLUV_85!F12+E12 -> 655 | H12: POLI | I12: 0
A13: GAROUA | B13: =I10 -> 0 | C13: =PLUV_85!C13+B13 -> 291 | D13: HOME | E13: =I17 -> 1 | F13: =PLUV_85!F13+E13 -> 491 | H13: MAYO-GALKE | I13: 0
A15: TOTAL JOURNALIER = | C15: =SUM(B9:B13)+SUM(E9:E13) -> 16 | D15: CUMUL GENERAL = | F15: =SUM(C9:C13)+SUM(F9:F13) -> 4116
H16: TOUBORO | I16: 15
H17: HOME | I17: 1
A18: Transmis le : | B18: =IFERROR(+I2+1,0) -> 44037

Sheet PLUV_87
A1: SODECOTON
H2: JOURNEE | I2: 44037
A3: PLUVIOMETRIE JOURNALIERE ET PAR PENTADE
H4: TABLEAU DE SAISI
B5: JOURNEE DU : | D5: =I2 -> 44037 | H5: STATION | I5: RELEVES
H6: MAROUA | I6: 2
A7: STATION | B7: RELEVES | D7: STATION | E7: RELEVES | H7: KAELE | I7: 36
B8: JOURNALIER | C8: CUMUL | E8: JOURNALIER | F8: CUMUL | H8: TCHATIBALI | I8: 0
A9: MAROUA | B9: =I6 -> 2 | C9: =PLUV_86!C9+B9 -> 338 | D9: NGONG | E9: =I11 -> 0 | F9: =PLUV_86!F9+E9 -> 301 | H9: GUIDER | I9: 0
A10: KAELE | B10: =I7 -> 36 | C10: =PLUV_86!C10+B10 -> 359 | D10: POLI | E10: =I12 -> 3 | F10: =PLUV_86!F10+E10 -> 696 | H10: GAROUA | I10: 0
A11: TCHATIBALI | B11: =I8 -> 0 | C11: =PLUV_86!C11+B11 -> 256 | D11: MAYO-GALKE | E11: =I13 -> 0 | F11: =PLUV_86!F11+E11 -> 461 | H11: NGONG | I11: 0
A12: GUIDER | B12: =I9 -> 0 | C12: =PLUV_86!C12+B12 -> 309 | D12: TOUBORO | E12: =I16 -> 1 | F12: =PLUV_86!F12+E12 -> 656 | H12: POLI | I12: 3
A13: GAROUA | B13: =I10 -> 0 | C13: =PLUV_86!C13+B13 -> 291 | D13: HOME | E13: =I17 -> 0 | F13: =PLUV_86!F13+E13 -> 491 | H13: MAYO-GALKE | I13: 0
A15: TOTAL JOURNALIER = | C15: =SUM(B9:B13)+SUM(E9:E13) -> 42 | D15: CUMUL GENERAL = | F15: =SUM(C9:C13)+SUM(F9:F13) -> 4158
H16: TOUBORO | I16: 1
H17: HOME | I17: 0
A18: Transmis le : | B18: =IFERROR(+I2+1,0) -> 44038

Sheet PLUV_88
A1: SODECOTON
H2: JOURNEE | I2: 44038
A3: PLUVIOMETRIE JOURNALIERE ET PAR PENTADE
H4: TABLEAU DE SAISI
B5: JOURNEE DU : | D5: =I2 -> 44038 | H5: STATION | I5: RELEVES
H6: MAROUA | I6: 16
A7: STATION | B7: RELEVES | D7: STATION | E7: RELEVES | H7: KAELE | I7: 20
B8: JOURNALIER | C8: CUMUL | E8: JOURNALIER | F8: CUMUL | H8: TCHATIBALI | I8: 50
A9: MAROUA | B9: =I6 -> 16 | C9: =PLUV_87!C9+B9 -> 354 | D9: NGONG | E9: =I11 -> 0 | F9: =PLUV_87!F9+E9 -> 301 | H9: GUIDER | I9: 33
A10: KAELE | B10: =I7 -> 20 | C10: =PLUV_87!C10+B10 -> 379 | D10: POLI | E10: =I12 -> 0 | F10: =PLUV_87!F10+E10 -> 696 | H10: GAROUA | I10: 4
A11: TCHATIBALI | B11: =I8 -> 50 | C11: =PLUV_87!C11+B11 -> 306 | D11: MAYO-GALKE | E11: =I13 -> 0 | F11: =PLUV_87!F11+E11 -> 461 | H11: NGONG | I11: 0
A12: GUIDER | B12: =I9 -> 33 | C12: =PLUV_87!C12+B12 -> 342 | D12: TOUBORO | E12: =I16 -> 40 | F12: =PLUV_87!F12+E12 -> 696 | H12: POLI | I12: 0
A13: GAROUA | B13: =I10 -> 4 | C13: =PLUV_87!C13+B13 -> 295 | D13: HOME | E13: =I17 -> 4 | F13: =PLUV_87!F13+E13 -> 495 | H13: MAYO-GALKE | I13: 0
A15: TOTAL JOURNALIER = | C15: =SUM(B9:B13)+SUM(E9:E13) -> 167 | D15: CUMUL GENERAL = | F15: =SUM(C9:C13)+SUM(F9:F13) -> 4325
H16: TOUBORO | I16: 40
H17: HOME | I17: 4
A18: Transmis le : | B18: =IFERROR(+I2+1,0) -> 44039

Sheet PLUV_89
A1: SODECOTON
H2: JOURNEE | I2: 44040
A3: PLUVIOMETRIE JOURNALIERE ET PAR PENTADE
H4: TABLEAU DE SAISI
B5: JOURNEE DU : | D5: =I2 -> 44040 | H5: STATION | I5: RELEVES
H6: MAROUA | I6: 5
A7: STATION | B7: RELEVES | D7: STATION | E7: RELEVES | H7: KAELE | I7: 0
B8: JOURNALIER | C8: CUMUL | E8: JOURNALIER | F8: CUMUL | H8: TCHATIBALI | I8: 0
A9: MAROUA | B9: =I6 -> 5 | C9: =PLUV_88!C9+B9 -> 359 | D9: NGONG | E9: =I11 -> 0 | F9: =PLUV_88!F9+E9 -> 301 | H9: GUIDER | I9: 0
A10: KAELE | B10: =I7 -> 0 | C10: =PLUV_88!C10+B10 -> 379 | D10: POLI | E10: =I12 -> 70 | F10: =PLUV_88!F10+E10 -> 766 | H10: GAROUA | I10: 2
A11: TCHATIBALI | B11: =I8 -> 0 | C11: =PLUV_88!C11+B11 -> 306 | D11: MAYO-GALKE | E11: =I13 -> 17 | F11: =PLUV_88!F11+E11 -> 478 | H11: NGONG | I11: 0
A12: GUIDER | B12: =I9 -> 0 | C12: =PLUV_88!C12+B12 -> 342 | D12: TOUBORO | E12: =I16 -> 18 | F12: =PLUV_88!F12+E12 -> 714 | H12: POLI | I12: 70
A13: GAROUA | B13: =I10 -> 2 | C13: =PLUV_88!C13+B13 -> 297 | D13: HOME | E13: =I17 -> 2 | F13: =PLUV_88!F13+E13 -> 497 | H13: MAYO-GALKE | I13: 17
I14: 5
A15: TOTAL JOURNALIER = | C15: =SUM(B9:B13)+SUM(E9:E13) -> 114 | D15: CUMUL GENERAL = | F15: =SUM(C9:C13)+SUM(F9:F13) -> 4439
H16: TOUBORO | I16: 18
H17: HOME | I17: 2
A18: Transmis le : | B18: =IFERROR(+I2+1,0) -> 44041

Sheet PLUV_90
A1: SODECOTON
H2: JOURNEE | I2: 44041
A3: PLUVIOMETRIE JOURNALIERE ET PAR PENTADE
H4: TABLEAU DE SAISI
B5: JOURNEE DU : | D5: =I2 -> 44041 | H5: STATION | I5: RELEVES
H6: MAROUA | I6: 33
A7: STATION | B7: RELEVES | D7: STATION | E7: RELEVES | H7: KAELE | I7: 48
B8: JOURNALIER | C8: CUMUL | E8: JOURNALIER | F8: CUMUL | H8: TCHATIBALI | I8: 55
A9: MAROUA | B9: =I6 -> 33 | C9: =PLUV_89!C9+B9 -> 392 | D9: NGONG | E9: =I11 -> 83 | F9: =PLUV_89!F9+E9 -> 384 | H9: GUIDER | I9: 45
A10: KAELE | B10: =I7 -> 48 | C10: =PLUV_89!C10+B10 -> 427 | D10: POLI | E10: =I12 -> 54 | F10: =PLUV_89!F10+E10 -> 820 | H10: GAROUA | I10: 55
A11: TCHATIBALI | B11: =I8 -> 55 | C11: =PLUV_89!C11+B11 -> 361 | D11: MAYO-GALKE | E11: =I13 -> 38 | F11: =PLUV_89!F11+E11 -> 516 | H11: NGONG | I11: 83
A12: GUIDER | B12: =I9 -> 45 | C12: =PLUV_89!C12+B12 -> 387 | D12: TOUBORO | E12: =I16 -> 25 | F12: =PLUV_89!F12+E12 -> 739 | H12: POLI | I12: 54
A13: GAROUA | B13: =I10 -> 55 | C13: =PLUV_89!C13+B13 -> 352 | D13: HOME | E13: =I17 -> 30 | F13: =PLUV_89!F13+E13 -> 527 | H13: MAYO-GALKE | I13: 38
A15: TOTAL JOURNALIER = | C15: =SUM(B9:B13)+SUM(E9:E13) -> 466 | D15: CUMUL GENERAL = | F15: =SUM(C9:C13)+SUM(F9:F13) -> 4905
H16: TOUBORO | I16: 25
H17: HOME | I17: 30
A18: Transmis le : | B18: =IFERROR(+I2+1,0) -> 44042

Sheet PLUV_91
A1: SODECOTON
H2: JOURNEE | I2: 44043
A3: PLUVIOMETRIE JOURNALIERE ET PAR PENTADE
H4: TABLEAU DE SAISI
B5: JOURNEE DU : | D5: =I2 -> 44043 | H5: STATION | I5: RELEVES
H6: MAROUA | I6: 0
A7: STATION | B7: RELEVES | D7: STATION | E7: RELEVES | H7: KAELE | I7: 0
B8: JOURNALIER | C8: CUMUL | E8: JOURNALIER | F8: CUMUL | H8: TCHATIBALI | I8: 0
A9: MAROUA | B9: =I6 -> 0 | C9: =PLUV_90!C9+B9 -> 392 | D9: NGONG | E9: =I11 -> 11 | F9: =PLUV_90!F9+E9 -> 395 | H9: GUIDER | I9: 0
A10: KAELE | B10: =I7 -> 0 | C10: =PLUV_90!C10+B10 -> 427 | D10: POLI | E10: =I12 -> 24 | F10: =PLUV_90!F10+E10 -> 844 | H10: GAROUA | I10: 0
A11: TCHATIBALI | B11: =I8 -> 0 | C11: =PLUV_90!C11+B11 -> 361 | D11: MAYO-GALKE | E11: =I13 -> 0 | F11: =PLUV_90!F11+E11 -> 516 | H11: NGONG | I11: 11
A12: GUIDER | B12: =I9 -> 0 | C12: =PLUV_90!C12+B12 -> 387 | D12: TOUBORO | E12: =I16 -> 8 | F12: =PLUV_90!F12+E12 -> 747 | H12: POLI | I12: 24
A13: GAROUA | B13: =I10 -> 0 | C13: =PLUV_90!C13+B13 -> 352 | D13: HOME | E13: =I17 -> 3 | F13: =PLUV_90!F13+E13 -> 530 | H13: MAYO-GALKE | I13: 0
A15: TOTAL JOURNALIER = | C15: =SUM(B9:B13)+SUM(E9:E13) -> 46 | D15: CUMUL GENERAL = | F15: =SUM(C9:C13)+SUM(F9:F13) -> 4951
H16: TOUBORO | I16: 8
H17: HOME | I17: 3
A18: Transmis le : | B18: =IFERROR(+I2+1,0) -> 44044

Sheet PLUV_92
A1: SODECOTON
H2: JOURNEE | I2: 44044
A3: PLUVIOMETRIE JOURNALIERE ET PAR PENTADE
H4: TABLEAU DE SAISI
B5: JOURNEE DU : | D5: =I2 -> 44044 | H5: STATION | I5: RELEVES
H6: MAROUA | I6: 0
A7: STATION | B7: RELEVES | D7: STATION | E7: RELEVES | H7: KAELE | I7: 46
B8: JOURNALIER | C8: CUMUL | E8: JOURNALIER | F8: CUMUL | H8: TCHATIBALI | I8: 53
A9: MAROUA | B9: =I6 -> 0 | C9: =PLUV_91!C9+B9 -> 392 | D9: NGONG | E9: =I11 -> 15 | F9: =PLUV_91!F9+E9 -> 410 | H9: GUIDER | I9: 0
A10: KAELE | B10: =I7 -> 46 | C10: =PLUV_91!C10+B10 -> 473 | D10: POLI | E10: =I12 -> 2 | F10: =PLUV_91!F10+E10 -> 846 | H10: GAROUA | I10: 6
A11: TCHATIBALI | B11: =I8 -> 53 | C11: =PLUV_91!C11+B11 -> 414 | D11: MAYO-GALKE | E11: =I13 -> 0 | F11: =PLUV_91!F11+E11 -> 516 | H11: NGONG | I11: 15
A12: GUIDER | B12: =I9 -> 0 | C12: =PLUV_91!C12+B12 -> 387 | D12: TOUBORO | E12: =I16 -> 36 | F12: =PLUV_91!F12+E12 -> 783 | H12: POLI | I12: 2
A13: GAROUA | B13: =I10 -> 6 | C13: =PLUV_91!C13+B13 -> 358 | D13: HOME | E13: =I17 -> 0 | F13: =PLUV_91!F13+E13 -> 530 | H13: MAYO-GALKE | I13: 0
A15: TOTAL JOURNALIER = | C15: =SUM(B9:B13)+SUM(E9:E13) -> 158 | D15: CUMUL GENERAL = | F15: =SUM(C9:C13)+SUM(F9:F13) -> 5109
H16: TOUBORO | I16: 36
H17: HOME | I17: 0
A18: Transmis le : | B18: =IFERROR(+I2+1,0) -> 44045

Sheet PLUV_93
A1: SODECOTON
H2: JOURNEE | I2: 44045
A3: PLUVIOMETRIE JOURNALIERE ET PAR PENTADE
H4: TABLEAU DE SAISI
B5: JOURNEE DU : | D5: =I2 -> 44045 | H5: STATION | I5: RELEVES
H6: MAROUA | I6: 39
A7: STATION | B7: RELEVES | D7: STATION | E7: RELEVES | H7: KAELE | I7: 3
B8: JOURNALIER | C8: CUMUL | E8: JOURNALIER | F8: CUMUL | H8: TCHATIBALI | I8: 22
A9: MAROUA | B9: =I6 -> 39 | C9: =PLUV_92!C9+B9 -> 431 | D9: NGONG | E9: =I11 -> 62 | F9: =PLUV_92!F9+E9 -> 472 | H9: GUIDER | I9: 19
A10: KAELE | B10: =I7 -> 3 | C10: =PLUV_92!C10+B10 -> 476 | D10: POLI | E10: =I12 -> 10 | F10: =PLUV_92!F10+E10 -> 856 | H10: GAROUA | I10: 30
A11: TCHATIBALI | B11: =I8 -> 22 | C11: =PLUV_92!C11+B11 -> 436 | D11: MAYO-GALKE | E11: =I13 -> 6 | F11: =PLUV_92!F11+E11 -> 522 | H11: NGONG | I11: 62
A12: GUIDER | B12: =I9 -> 19 | C12: =PLUV_92!C12+B12 -> 406 | D12: TOUBORO | E12: =I16 -> 6 | F12: =PLUV_92!F12+E12 -> 789 | H12: POLI | I12: 10
A13: GAROUA | B13: =I10 -> 30 | C13: =PLUV_92!C13+B13 -> 388 | D13: HOME | E13: =I17 -> 7 | F13: =PLUV_92!F13+E13 -> 537 | H13: MAYO-GALKE | I13: 6
A15: TOTAL JOURNALIER = | C15: =SUM(B9:B13)+SUM(E9:E13) -> 204 | D15: CUMUL GENERAL = | F15: =SUM(C9:C13)+SUM(F9:F13) -> 5313
H16: TOUBORO | I16: 6
H17: HOME | I17: 7
A18: Transmis le : | B18: =IFERROR(+I2+1,0) -> 44046

Sheet PLUV_94
A1: SODECOTON
H2: JOURNEE | I2: 44046
A3: PLUVIOMETRIE JOURNALIERE ET PAR PENTADE
H4: TABLEAU DE SAISI
B5: JOURNEE DU : | D5: =I2 -> 44046 | H5: STATION | I5: RELEVES
H6: MAROUA | I6: 0
A7: STATION | B7: RELEVES | D7: STATION | E7: RELEVES | H7: KAELE | I7: 0
B8: JOURNALIER | C8: CUMUL | E8: JOURNALIER | F8: CUMUL | H8: TCHATIBALI | I8: 0
A9: MAROUA | B9: =I6 -> 0 | C9: =PLUV_93!C9+B9 -> 431 | D9: NGONG | E9: =I11 -> 4 | F9: =PLUV_93!F9+E9 -> 476 | H9: GUIDER | I9: 0
A10: KAELE | B10: =I7 -> 0 | C10: =PLUV_93!C10+B10 -> 476 | D10: POLI | E10: =I12 -> 0 | F10: =PLUV_93!F10+E10 -> 856 | H10: GAROUA | I10: 0
A11: TCHATIBALI | B11: =I8 -> 0 | C11: =PLUV_93!C11+B11 -> 436 | D11: MAYO-GALKE | E11: =I13 -> 0 | F11: =PLUV_93!F11+E11 -> 522 | H11: NGONG | I11: 4
A12: GUIDER | B12: =I9 -> 0 | C12: =PLUV_93!C12+B12 -> 406 | D12: TOUBORO | E12: =I16 -> 7 | F12: =PLUV_93!F12+E12 -> 796 | H12: POLI | I12: 0
A13: GAROUA | B13: =I10 -> 0 | C13: =PLUV_93!C13+B13 -> 388 | D13: HOME | E13: =I17 -> 12 | F13: =PLUV_93!F13+E13 -> 549 | H13: MAYO-GALKE | I13: 0
A15: TOTAL JOURNALIER = | C15: =SUM(B9:B13)+SUM(E9:E13) -> 23 | D15: CUMUL GENERAL = | F15: =SUM(C9:C13)+SUM(F9:F13) -> 5336
H16: TOUBORO | I16: 7
H17: HOME | I17: 12
A18: Transmis le : | B18: =IFERROR(+I2+1,0) -> 44047

Sheet PLUV_95
A1: SODECOTON
H2: JOURNEE | I2: 44047
A3: PLUVIOMETRIE JOURNALIERE ET PAR PENTADE
H4: TABLEAU DE SAISI
B5: JOURNEE DU : | D5: =I2 -> 44047 | H5: STATION | I5: RELEVES
H6: MAROUA | I6: 0
A7: STATION | B7: RELEVES | D7: STATION | E7: RELEVES | H7: KAELE | I7: 0
B8: JOURNALIER | C8: CUMUL | E8: JOURNALIER | F8: CUMUL | H8: TCHATIBALI | I8: 0
A9: MAROUA | B9: =I6 -> 0 | C9: =PLUV_94!C9+B9 -> 431 | D9: NGONG | E9: =I11 -> 0 | F9: =PLUV_94!F9+E9 -> 476 | H9: GUIDER | I9: 2
A10: KAELE | B10: =I7 -> 0 | C10: =PLUV_94!C10+B10 -> 476 | D10: POLI | E10: =I12 -> 0 | F10: =PLUV_94!F10+E10 -> 856 | H10: GAROUA | I10: 0
A11: TCHATIBALI | B11: =I8 -> 0 | C11: =PLUV_94!C11+B11 -> 436 | D11: MAYO-GALKE | E11: =I13 -> 0 | F11: =PLUV_94!F11+E11 -> 522 | H11: NGONG | I11: 0
A12: GUIDER | B12: =I9 -> 2 | C12: =PLUV_94!C12+B12 -> 408 | D12: TOUBORO | E12: =I16 -> 0 | F12: =PLUV_94!F12+E12 -> 796 | H12: POLI | I12: 0
A13: GAROUA | B13: =I10 -> 0 | C13: =PLUV_94!C13+B13 -> 388 | D13: HOME | E13: =I17 -> 0 | F13: =PLUV_94!F13+E13 -> 549 | H13: MAYO-GALKE | I13: 0
I14: 5
A15: TOTAL JOURNALIER = | C15: =SUM(B9:B13)+SUM(E9:E13) -> 2 | D15: CUMUL GENERAL = | F15: =SUM(C9:C13)+SUM(F9:F13) -> 5338
H16: TOUBORO | I16: 0
H17: HOME | I17: 0
A18: Transmis le : | B18: =IFERROR(+I2+1,0) -> 44048

Sheet PLUV_96
A1: SODECOTON
H2: JOURNEE | I2: 44049
A3: PLUVIOMETRIE JOURNALIERE ET PAR PENTADE
H4: TABLEAU DE SAISI
B5: JOURNEE DU : | D5: =I2 -> 44049 | H5: STATION | I5: RELEVES
H6: MAROUA | I6: 0
A7: STATION | B7: RELEVES | D7: STATION | E7: RELEVES | H7: KAELE | I7: 0
B8: JOURNALIER | C8: CUMUL | E8: JOURNALIER | F8: CUMUL | H8: TCHATIBALI | I8: 0
A9: MAROUA | B9: =I6 -> 0 | C9: =PLUV_95!C9+B9 -> 431 | D9: NGONG | E9: =I11 -> 0 | F9: =PLUV_95!F9+E9 -> 476 | H9: GUIDER | I9: 0
A10: KAELE | B10: =I7 -> 0 | C10: =PLUV_95!C10+B10 -> 476 | D10: POLI | E10: =I12 -> 0 | F10: =PLUV_95!F10+E10 -> 856 | H10: GAROUA | I10: 0
A11: TCHATIBALI | B11: =I8 -> 0 | C11: =PLUV_95!C11+B11 -> 436 | D11: MAYO-GALKE | E11: =I13 -> 45 | F11: =PLUV_95!F11+E11 -> 567 | H11: NGONG | I11: 0
A12: GUIDER | B12: =I9 -> 0 | C12: =PLUV_95!C12+B12 -> 408 | D12: TOUBORO | E12: =I16 -> 0 | F12: =PLUV_95!F12+E12 -> 796 | H12: POLI | I12: 0
A13: GAROUA | B13: =I10 -> 0 | C13: =PLUV_95!C13+B13 -> 388 | D13: HOME | E13: =I17 -> 0 | F13: =PLUV_95!F13+E13 -> 549 | H13: MAYO-GALKE | I13: 45
A15: TOTAL JOURNALIER = | C15: =SUM(B9:B13)+SUM(E9:E13) -> 45 | D15: CUMUL GENERAL = | F15: =SUM(C9:C13)+SUM(F9:F13) -> 5383
H16: TOUBORO | I16: 0
H17: HOME | I17: 0
A18: Transmis le : | B18: =IFERROR(+I2+1,0) -> 44050

Sheet PLUV_97
A1: SODECOTON
H2: JOURNEE | I2: 44051
A3: PLUVIOMETRIE JOURNALIERE ET PAR PENTADE
H4: TABLEAU DE SAISI
B5: JOURNEE DU : | D5: =I2 -> 44051 | H5: STATION | I5: RELEVES
H6: MAROUA | I6: 0
A7: STATION | B7: RELEVES | D7: STATION | E7: RELEVES | H7: KAELE | I7: 0
B8: JOURNALIER | C8: CUMUL | E8: JOURNALIER | F8: CUMUL | H8: TCHATIBALI | I8: 0
A9: MAROUA | B9: =I6 -> 0 | C9: =PLUV_96!C9+B9 -> 431 | D9: NGONG | E9: =I11 -> 0 | F9: =PLUV_96!F9+E9 -> 476 | H9: GUIDER | I9: 0
A10: KAELE | B10: =I7 -> 0 | C10: =PLUV_96!C10+B10 -> 476 | D10: POLI | E10: =I12 -> 0 | F10: =PLUV_96!F10+E10 -> 856 | H10: GAROUA | I10: 0
A11: TCHATIBALI | B11: =I8 -> 0 | C11: =PLUV_96!C11+B11 -> 436 | D11: MAYO-GALKE | E11: =I13 -> 0 | F11: =PLUV_96!F11+E11 -> 567 | H11: NGONG | I11: 0
A12: GUIDER | B12: =I9 -> 0 | C12: =PLUV_96!C12+B12 -> 408 | D12: TOUBORO | E12: =I16 -> 8 | F12: =PLUV_96!F12+E12 -> 804 | H12: POLI | I12: 0
A13: GAROUA | B13: =I10 -> 0 | C13: =PLUV_96!C13+B13 -> 388 | D13: HOME | E13: =I17 -> 0 | F13: =PLUV_96!F13+E13 -> 549 | H13: MAYO-GALKE | I13: 0
A15: TOTAL JOURNALIER = | C15: =SUM(B9:B13)+SUM(E9:E13) -> 8 | D15: CUMUL GENERAL = | F15: =SUM(C9:C13)+SUM(F9:F13) -> 5391
H16: TOUBORO | I16: 8
H17: HOME | I17: 0
A18: Transmis le : | B18: =IFERROR(+I2+1,0) -> 44052

Sheet PLUV_98
A1: SODECOTON
H2: JOURNEE | I2: 44052
A3: PLUVIOMETRIE JOURNALIERE ET PAR PENTADE
H4: TABLEAU DE SAISI
B5: JOURNEE DU : | D5: =I2 -> 44052 | H5: STATION | I5: RELEVES
H6: MAROUA | I6: 0
A7: STATION | B7: RELEVES | D7: STATION | E7: RELEVES | H7: KAELE | I7: 0
B8: JOURNALIER | C8: CUMUL | E8: JOURNALIER | F8: CUMUL | H8: TCHATIBALI | I8: 0
A9: MAROUA | B9: =I6 -> 0 | C9: =PLUV_97!C9+B9 -> 431 | D9: NGONG | E9: =I11 -> 0 | F9: =PLUV_97!F9+E9 -> 476 | H9: GUIDER | I9: 0
A10: KAELE | B10: =I7 -> 0 | C10: =PLUV_97!C10+B10 -> 476 | D10: POLI | E10: =I12 -> 0 | F10: =PLUV_97!F10+E10 -> 856 | H10: GAROUA | I10: 0
A11: TCHATIBALI | B11: =I8 -> 0 | C11: =PLUV_97!C11+B11 -> 436 | D11: MAYO-GALKE | E11: =I13 -> 0 | F11: =PLUV_97!F11+E11 -> 567 | H11: NGONG | I11: 0
A12: GUIDER | B12: =I9 -> 0 | C12: =PLUV_97!C12+B12 -> 408 | D12: TOUBORO | E12: =I16 -> 9 | F12: =PLUV_97!F12+E12 -> 813 | H12: POLI | I12: 0
A13: GAROUA | B13: =I10 -> 0 | C13: =PLUV_97!C13+B13 -> 388 | D13: HOME | E13: =I17 -> 0 | F13: =PLUV_97!F13+E13 -> 549 | H13: MAYO-GALKE | I13: 0
A15: TOTAL JOURNALIER = | C15: =SUM(B9:B13)+SUM(E9:E13) -> 9 | D15: CUMUL GENERAL = | F15: =SUM(C9:C13)+SUM(F9:F13) -> 5400
H16: TOUBORO | I16: 9
H17: HOME | I17: 0
A18: Transmis le : | B18: =IFERROR(+I2+1,0) -> 44053

Sheet PLUV_99
A1: SODECOTON
H2: JOURNEE | I2: 44053
A3: PLUVIOMETRIE JOURNALIERE ET PAR PENTADE
H4: TABLEAU DE SAISI
B5: JOURNEE DU : | D5: =I2 -> 44053 | H5: STATION | I5: RELEVES
H6: MAROUA | I6: 0
A7: STATION | B7: RELEVES | D7: STATION | E7: RELEVES | H7: KAELE | I7: 0
B8: JOURNALIER | C8: CUMUL | E8: JOURNALIER | F8: CUMUL | H8: TCHATIBALI | I8: 0
A9: MAROUA | B9: =I6 -> 0 | C9: =PLUV_98!C9+B9 -> 431 | D9: NGONG | E9: =I11 -> 0 | F9: =PLUV_98!F9+E9 -> 476 | H9: GUIDER | I9: 0
A10: KAELE | B10: =I7 -> 0 | C10: =PLUV_98!C10+B10 -> 476 | D10: POLI | E10: =I12 -> 0 | F10: =PLUV_98!F10+E10 -> 856 | H10: GAROUA | I10: 0
A11: TCHATIBALI | B11: =I8 -> 0 | C11: =PLUV_98!C11+B11 -> 436 | D11: MAYO-GALKE | E11: =I13 -> 2 | F11: =PLUV_98!F11+E11 -> 569 | H11: NGONG | I11: 0
A12: GUIDER | B12: =I9 -> 0 | C12: =PLUV_98!C12+B12 -> 408 | D12: TOUBORO | E12: =I16 -> 1 | F12: =PLUV_98!F12+E12 -> 814 | H12: POLI | I12: 0
A13: GAROUA | B13: =I10 -> 0 | C13: =PLUV_98!C13+B13 -> 388 | D13: HOME | E13: =I17 -> 0 | F13: =PLUV_98!F13+E13 -> 549 | H13: MAYO-GALKE | I13: 2
A15: TOTAL JOURNALIER = | C15: =SUM(B9:B13)+SUM(E9:E13) -> 3 | D15: CUMUL GENERAL = | F15: =SUM(C9:C13)+SUM(F9:F13) -> 5403
H16: TOUBORO | I16: 1
H17: HOME | I17: 0
A18: Transmis le : | B18: =IFERROR(+I2+1,0) -> 44054

Sheet PLUV_100
A1: SODECOTON
H2: JOURNEE | I2: 44054
A3: PLUVIOMETRIE JOURNALIERE ET PAR PENTADE
H4: TABLEAU DE SAISI
B5: JOURNEE DU : | D5: =I2 -> 44054 | H5: STATION | I5: RELEVES
H6: MAROUA | I6: 0
A7: STATION | B7: RELEVES | D7: STATION | E7: RELEVES | H7: KAELE | I7: 0
B8: JOURNALIER | C8: CUMUL | E8: JOURNALIER | F8: CUMUL | H8: TCHATIBALI | I8: 0
A9: MAROUA | B9: =I6 -> 0 | C9: =PLUV_99!C9+B9 -> 431 | D9: NGONG | E9: =I11 -> 0 | F9: =PLUV_99!F9+E9 -> 476 | H9: GUIDER | I9: 0
A10: KAELE | B10: =I7 -> 0 | C10: =PLUV_99!C10+B10 -> 476 | D10: POLI | E10: =I12 -> 0 | F10: =PLUV_99!F10+E10 -> 856 | H10: GAROUA | I10: 0
A11: TCHATIBALI | B11: =I8 -> 0 | C11: =PLUV_99!C11+B11 -> 436 | D11: MAYO-GALKE | E11: =I13 -> 0 | F11: =PLUV_99!F11+E11 -> 569 | H11: NGONG | I11: 0
A12: GUIDER | B12: =I9 -> 0 | C12: =PLUV_99!C12+B12 -> 408 | D12: TOUBORO | E12: =I16 -> 37 | F12: =PLUV_99!F12+E12 -> 851 | H12: POLI | I12: 0
A13: GAROUA | B13: =I10 -> 0 | C13: =PLUV_99!C13+B13 -> 388 | D13: HOME | E13: =I17 -> 26 | F13: =PLUV_99!F13+E13 -> 575 | H13: MAYO-GALKE | I13: 0
A15: TOTAL JOURNALIER = | C15: =SUM(B9:B13)+SUM(E9:E13) -> 63 | D15: CUMUL GENERAL = | F15: =SUM(C9:C13)+SUM(F9:F13) -> 5466
H16: TOUBORO | I16: 37
H17: HOME | I17: 26
A18: Transmis le : | B18: =IFERROR(+I2+1,0) -> 44055

Sheet PLUV_101
A1: SODECOTON
H2: JOURNEE | I2: 44055
A3: PLUVIOMETRIE JOURNALIERE ET PAR PENTADE
H4: TABLEAU DE SAISI
B5: JOURNEE DU : | D5: =I2 -> 44055 | H5: STATION | I5: RELEVES
H6: MAROUA | I6: 3
A7: STATION | B7: RELEVES | D7: STATION | E7: RELEVES | H7: KAELE | I7: 7
B8: JOURNALIER | C8: CUMUL | E8: JOURNALIER | F8: CUMUL | H8: TCHATIBALI | I8: 40
A9: MAROUA | B9: =I6 -> 3 | C9: =PLUV_100!C9+B9 -> 434 | D9: NGONG | E9: =I11 -> 0 | F9: =PLUV_100!F9+E9 -> 476 | H9: GUIDER | I9: 0
A10: KAELE | B10: =I7 -> 7 | C10: =PLUV_100!C10+B10 -> 483 | D10: POLI | E10: =I12 -> 0 | F10: =PLUV_100!F10+E10 -> 856 | H10: GAROUA | I10: 0
A11: TCHATIBALI | B11: =I8 -> 40 | C11: =PLUV_100!C11+B11 -> 476 | D11: MAYO-GALKE | E11: =I13 -> 0 | F11: =PLUV_100!F11+E11 -> 569 | H11: NGONG | I11: 0
A12: GUIDER | B12: =I9 -> 0 | C12: =PLUV_100!C12+B12 -> 408 | D12: TOUBORO | E12: =I16 -> 0 | F12: =PLUV_100!F12+E12 -> 851 | H12: POLI | I12: 0
A13: GAROUA | B13: =I10 -> 0 | C13: =PLUV_100!C13+B13 -> 388 | D13: HOME | E13: =I17 -> 0 | F13: =PLUV_100!F13+E13 -> 575 | H13: MAYO-GALKE | I13: 0
A15: TOTAL JOURNALIER = | C15: =SUM(B9:B13)+SUM(E9:E13) -> 50 | D15: CUMUL GENERAL = | F15: =SUM(C9:C13)+SUM(F9:F13) -> 5516
H16: TOUBORO | I16: 0
H17: HOME | I17: 0
A18: Transmis le : | B18: =IFERROR(+I2+1,0) -> 44056

Sheet PLUV_102
A1: SODECOTON
H2: JOURNEE | I2: 44056
A3: PLUVIOMETRIE JOURNALIERE ET PAR PENTADE
H4: TABLEAU DE SAISI
B5: JOURNEE DU : | D5: =I2 -> 44056 | H5: STATION | I5: RELEVES
H6: MAROUA | I6: 43
A7: STATION | B7: RELEVES | D7: STATION | E7: RELEVES | H7: KAELE | I7: 25
B8: JOURNALIER | C8: CUMUL | E8: JOURNALIER | F8: CUMUL | H8: TCHATIBALI | I8: 0
A9: MAROUA | B9: =I6 -> 43 | C9: =PLUV_101!C9+B9 -> 477 | D9: NGONG | E9: =I11 -> 0 | F9: =PLUV_101!F9+E9 -> 476 | H9: GUIDER | I9: 16
A10: KAELE | B10: =I7 -> 25 | C10: =PLUV_101!C10+B10 -> 508 | D10: POLI | E10: =I12 -> 0 | F10: =PLUV_101!F10+E10 -> 856 | H10: GAROUA | I10: 0
A11: TCHATIBALI | B11: =I8 -> 0 | C11: =PLUV_101!C11+B11 -> 476 | D11: MAYO-GALKE | E11: =I13 -> 1 | F11: =PLUV_101!F11+E11 -> 570 | H11: NGONG | I11: 0
A12: GUIDER | B12: =I9 -> 16 | C12: =PLUV_101!C12+B12 -> 424 | D12: TOUBORO | E12: =I16 -> 22 | F12: =PLUV_101!F12+E12 -> 873 | H12: POLI | I12: 0
A13: GAROUA | B13: =I10 -> 0 | C13: =PLUV_101!C13+B13 -> 388 | D13: HOME | E13: =I17 -> 1 | F13: =PLUV_101!F13+E13 -> 576 | H13: MAYO-GALKE | I13: 1
A15: TOTAL JOURNALIER = | C15: =SUM(B9:B13)+SUM(E9:E13) -> 108 | D15: CUMUL GENERAL = | F15: =SUM(C9:C13)+SUM(F9:F13) -> 5624
H16: TOUBORO | I16: 22
H17: HOME | I17: 1
A18: Transmis le : | B18: =IFERROR(+I2+1,0) -> 44057

Sheet PLUV_103
A1: SODECOTON
H2: JOURNEE | I2: 44057
A3: PLUVIOMETRIE JOURNALIERE ET PAR PENTADE
H4: TABLEAU DE SAISI
B5: JOURNEE DU : | D5: =I2 -> 44057 | H5: STATION | I5: RELEVES
H6: MAROUA | I6: 0
A7: STATION | B7: RELEVES | D7: STATION | E7: RELEVES | H7: KAELE | I7: 0
B8: JOURNALIER | C8: CUMUL | E8: JOURNALIER | F8: CUMUL | H8: TCHATIBALI | I8: 0
A9: MAROUA | B9: =I6 -> 0 | C9: =PLUV_102!C9+B9 -> 477 | D9: NGONG | E9: =I11 -> 9 | F9: =PLUV_102!F9+E9 -> 485 | H9: GUIDER | I9: 0
A10: KAELE | B10: =I7 -> 0 | C10: =PLUV_102!C10+B10 -> 508 | D10: POLI | E10: =I12 -> 0 | F10: =PLUV_102!F10+E10 -> 856 | H10: GAROUA | I10: 0
A11: TCHATIBALI | B11: =I8 -> 0 | C11: =PLUV_102!C11+B11 -> 476 | D11: MAYO-GALKE | E11: =I13 -> 4 | F11: =PLUV_102!F11+E11 -> 574 | H11: NGONG | I11: 9
A12: GUIDER | B12: =I9 -> 0 | C12: =PLUV_102!C12+B12 -> 424 | D12: TOUBORO | E12: =I16 -> 0 | F12: =PLUV_102!F12+E12 -> 873 | H12: POLI | I12: 0
A13: GAROUA | B13: =I10 -> 0 | C13: =PLUV_102!C13+B13 -> 388 | D13: HOME | E13: =I17 -> 1 | F13: =PLUV_102!F13+E13 -> 577 | H13: MAYO-GALKE | I13: 4
A15: TOTAL JOURNALIER = | C15: =SUM(B9:B13)+SUM(E9:E13) -> 14 | D15: CUMUL GENERAL = | F15: =SUM(C9:C13)+SUM(F9:F13) -> 5638
H16: TOUBORO | I16: 0
H17: HOME | I17: 1
A18: Transmis le : | B18: =IFERROR(+I2+1,0) -> 44058

Sheet PLUV_104
A1: SODECOTON
H2: JOURNEE | I2: 44058
A3: PLUVIOMETRIE JOURNALIERE ET PAR PENTADE
H4: TABLEAU DE SAISI
B5: JOURNEE DU : | D5: =I2 -> 44058 | H5: STATION | I5: RELEVES
H6: MAROUA | I6: 0
A7: STATION | B7: RELEVES | D7: STATION | E7: RELEVES | H7: KAELE | I7: 0
B8: JOURNALIER | C8: CUMUL | E8: JOURNALIER | F8: CUMUL | H8: TCHATIBALI | I8: 5
A9: MAROUA | B9: =I6 -> 0 | C9: =PLUV_103!C9+B9 -> 477 | D9: NGONG | E9: =I11 -> 0 | F9: =PLUV_103!F9+E9 -> 485 | H9: GUIDER | I9: 0
A10: KAELE | B10: =I7 -> 0 | C10: =PLUV_103!C10+B10 -> 508 | D10: POLI | E10: =I12 -> 0 | F10: =PLUV_103!F10+E10 -> 856 | H10: GAROUA | I10: 0
A11: TCHATIBALI | B11: =I8 -> 5 | C11: =PLUV_103!C11+B11 -> 481 | D11: MAYO-GALKE | E11: =I13 -> 0 | F11: =PLUV_103!F11+E11 -> 574 | H11: NGONG | I11: 0
A12: GUIDER | B12: =I9 -> 0 | C12: =PLUV_103!C12+B12 -> 424 | D12: TOUBORO | E12: =I16 -> 0 | F12: =PLUV_103!F12+E12 -> 873 | H12: POLI | I12: 0
A13: GAROUA | B13: =I10 -> 0 | C13: =PLUV_103!C13+B13 -> 388 | D13: HOME | E13: =I17 -> 0 | F13: =PLUV_103!F13+E13 -> 577 | H13: MAYO-GALKE | I13: 0
A15: TOTAL JOURNALIER = | C15: =SUM(B9:B13)+SUM(E9:E13) -> 5 | D15: CUMUL GENERAL = | F15: =SUM(C9:C13)+SUM(F9:F13) -> 5643
H16: TOUBORO | I16: 0
H17: HOME | I17: 0
A18: Transmis le : | B18: =IFERROR(+I2+1,0) -> 44059

Sheet PLUV_105
A1: SODECOTON
H2: JOURNEE | I2: 44059
A3: PLUVIOMETRIE JOURNALIERE ET PAR PENTADE
H4: TABLEAU DE SAISI
B5: JOURNEE DU : | D5: =I2 -> 44059 | H5: STATION | I5: RELEVES
H6: MAROUA | I6: 3
A7: STATION | B7: RELEVES | D7: STATION | E7: RELEVES | H7: KAELE | I7: 21
B8: JOURNALIER | C8: CUMUL | E8: JOURNALIER | F8: CUMUL | H8: TCHATIBALI | I8: 3
A9: MAROUA | B9: =I6 -> 3 | C9: =PLUV_104!C9+B9 -> 480 | D9: NGONG | E9: =I11 -> 0 | F9: =PLUV_104!F9+E9 -> 485 | H9: GUIDER | I9: 3
A10: KAELE | B10: =I7 -> 21 | C10: =PLUV_104!C10+B10 -> 529 | D10: POLI | E10: =I12 -> 0 | F10: =PLUV_104!F10+E10 -> 856 | H10: GAROUA | I10: 0
A11: TCHATIBALI | B11: =I8 -> 3 | C11: =PLUV_104!C11+B11 -> 484 | D11: MAYO-GALKE | E11: =I13 -> 0 | F11: =PLUV_104!F11+E11 -> 574 | H11: NGONG | I11: 0
A12: GUIDER | B12: =I9 -> 3 | C12: =PLUV_104!C12+B12 -> 427 | D12: TOUBORO | E12: =I16 -> 0 | F12: =PLUV_104!F12+E12 -> 873 | H12: POLI | I12: 0
A13: GAROUA | B13: =I10 -> 0 | C13: =PLUV_104!C13+B13 -> 388 | D13: HOME | E13: =I17 -> 2 | F13: =PLUV_104!F13+E13 -> 579 | H13: MAYO-GALKE | I13: 0
A15: TOTAL JOURNALIER = | C15: =SUM(B9:B13)+SUM(E9:E13) -> 32 | D15: CUMUL GENERAL = | F15: =SUM(C9:C13)+SUM(F9:F13) -> 5675
H16: TOUBORO | I16: 0
H17: HOME | I17: 2
A18: Transmis le : | B18: =IFERROR(+I2+1,0) -> 44060

Sheet PLUV_106
A1: SODECOTON
H2: JOURNEE | I2: 44060
A3: PLUVIOMETRIE JOURNALIERE ET PAR PENTADE
H4: TABLEAU DE SAISI
B5: JOURNEE DU : | D5: =I2 -> 44060 | H5: STATION | I5: RELEVES
H6: MAROUA | I6: 2
A7: STATION | B7: RELEVES | D7: STATION | E7: RELEVES | H7: KAELE | I7: 0
B8: JOURNALIER | C8: CUMUL | E8: JOURNALIER | F8: CUMUL | H8: TCHATIBALI | I8: 0
A9: MAROUA | B9: =I6 -> 2 | C9: =PLUV_105!C9+B9 -> 482 | D9: NGONG | E9: =I11 -> 0 | F9: =PLUV_105!F9+E9 -> 485 | H9: GUIDER | I9: 0
A10: KAELE | B10: =I7 -> 0 | C10: =PLUV_105!C10+B10 -> 529 | D10: POLI | E10: =I12 -> 9 | F10: =PLUV_105!F10+E10 -> 865 | H10: GAROUA | I10: 0
A11: TCHATIBALI | B11: =I8 -> 0 | C11: =PLUV_105!C11+B11 -> 484 | D11: MAYO-GALKE | E11: =I13 -> 0 | F11: =PLUV_105!F11+E11 -> 574 | H11: NGONG | I11: 0
A12: GUIDER | B12: =I9 -> 0 | C12: =PLUV_105!C12+B12 -> 427 | D12: TOUBORO | E12: =I16 -> 2 | F12: =PLUV_105!F12+E12 -> 875 | H12: POLI | I12: 9
A13: GAROUA | B13: =I10 -> 0 | C13: =PLUV_105!C13+B13 -> 388 | D13: HOME | E13: =I17 -> 0 | F13: =PLUV_105!F13+E13 -> 579 | H13: MAYO-GALKE | I13: 0
A15: TOTAL JOURNALIER = | C15: =SUM(B9:B13)+SUM(E9:E13) -> 13 | D15: CUMUL GENERAL = | F15: =SUM(C9:C13)+SUM(F9:F13) -> 5688
H16: TOUBORO | I16: 2
H17: HOME | I17: 0
A18: Transmis le : | B18: =IFERROR(+I2+1,0) -> 44061

Sheet PLUV_107
A1: SODECOTON
H2: JOURNEE | I2: 44061
A3: PLUVIOMETRIE JOURNALIERE ET PAR PENTADE
H4: TABLEAU DE SAISI
B5: JOURNEE DU : | D5: =I2 -> 44061 | H5: STATION | I5: RELEVES
H6: MAROUA | I6: 0
A7: STATION | B7: RELEVES | D7: STATION | E7: RELEVES | H7: KAELE | I7: 2
B8: JOURNALIER | C8: CUMUL | E8: JOURNALIER | F8: CUMUL | H8: TCHATIBALI | I8: 0
A9: MAROUA | B9: =I6 -> 0 | C9: =PLUV_106!C9+B9 -> 482 | D9: NGONG | E9: =I11 -> 0 | F9: =PLUV_106!F9+E9 -> 485 | H9: GUIDER | I9: 2
A10: KAELE | B10: =I7 -> 2 | C10: =PLUV_106!C10+B10 -> 531 | D10: POLI | E10: =I12 -> 0 | F10: =PLUV_106!F10+E10 -> 865 | H10: GAROUA | I10: 0
A11: TCHATIBALI | B11: =I8 -> 0 | C11: =PLUV_106!C11+B11 -> 484 | D11: MAYO-GALKE | E11: =I13 -> 2 | F11: =PLUV_106!F11+E11 -> 576 | H11: NGONG | I11: 0
A12: GUIDER | B12: =I9 -> 2 | C12: =PLUV_106!C12+B12 -> 429 | D12: TOUBORO | E12: =I16 -> 10 | F12: =PLUV_106!F12+E12 -> 885 | H12: POLI | I12: 0
A13: GAROUA | B13: =I10 -> 0 | C13: =PLUV_106!C13+B13 -> 388 | D13: HOME | E13: =I17 -> 0 | F13: =PLUV_106!F13+E13 -> 579 | H13: MAYO-GALKE | I13: 2
A15: TOTAL JOURNALIER = | C15: =SUM(B9:B13)+SUM(E9:E13) -> 16 | D15: CUMUL GENERAL = | F15: =SUM(C9:C13)+SUM(F9:F13) -> 5704
H16: TOUBORO | I16: 10
H17: HOME | I17: 0
A18: Transmis le : | B18: =IFERROR(+I2+1,0) -> 44062

Sheet PLUV_108
A1: SODECOTON
H2: JOURNEE | I2: 44062
A3: PLUVIOMETRIE JOURNALIERE ET PAR PENTADE
H4: TABLEAU DE SAISI
B5: JOURNEE DU : | D5: =I2 -> 44062 | H5: STATION | I5: RELEVES
H6: MAROUA | I6: 11
A7: STATION | B7: RELEVES | D7: STATION | E7: RELEVES | H7: KAELE | I7: 32
B8: JOURNALIER | C8: CUMUL | E8: JOURNALIER | F8: CUMUL | H8: TCHATIBALI | I8: 40
A9: MAROUA | B9: =I6 -> 11 | C9: =PLUV_107!C9+B9 -> 493 | D9: NGONG | E9: =I11 -> 0 | F9: =PLUV_107!F9+E9 -> 485 | H9: GUIDER | I9: 11
A10: KAELE | B10: =I7 -> 32 | C10: =PLUV_107!C10+B10 -> 563 | D10: POLI | E10: =I12 -> 0 | F10: =PLUV_107!F10+E10 -> 865 | H10: GAROUA | I10: 8
A11: TCHATIBALI | B11: =I8 -> 40 | C11: =PLUV_107!C11+B11 -> 524 | D11: MAYO-GALKE | E11: =I13 -> 18 | F11: =PLUV_107!F11+E11 -> 594 | H11: NGONG | I11: 0
A12: GUIDER | B12: =I9 -> 11 | C12: =PLUV_107!C12+B12 -> 440 | D12: TOUBORO | E12: =I16 -> 10 | F12: =PLUV_107!F12+E12 -> 895 | H12: POLI | I12: 0
A13: GAROUA | B13: =I10 -> 8 | C13: =PLUV_107!C13+B13 -> 396 | D13: HOME | E13: =I17 -> 7 | F13: =PLUV_107!F13+E13 -> 586 | H13: MAYO-GALKE | I13: 18
A15: TOTAL JOURNALIER = | C15: =SUM(B9:B13)+SUM(E9:E13) -> 137 | D15: CUMUL GENERAL = | F15: =SUM(C9:C13)+SUM(F9:F13) -> 5841
H16: TOUBORO | I16: 10
H17: HOME | I17: 7
A18: Transmis le : | B18: =IFERROR(+I2+1,0) -> 44063

Sheet PLUV_109
A1: SODECOTON
H2: JOURNEE | I2: 44063
A3: PLUVIOMETRIE JOURNALIERE ET PAR PENTADE
H4: TABLEAU DE SAISI
B5: JOURNEE DU : | D5: =I2 -> 44063 | H5: STATION | I5: RELEVES
H6: MAROUA | I6: 2
A7: STATION | B7: RELEVES | D7: STATION | E7: RELEVES | H7: KAELE | I7: 0
B8: JOURNALIER | C8: CUMUL | E8: JOURNALIER | F8: CUMUL | H8: TCHATIBALI | I8: 0
A9: MAROUA | B9: =I6 -> 2 | C9: =PLUV_108!C9+B9 -> 495 | D9: NGONG | E9: =I11 -> 20 | F9: =PLUV_108!F9+E9 -> 505 | H9: GUIDER | I9: 4
A10: KAELE | B10: =I7 -> 0 | C10: =PLUV_108!C10+B10 -> 563 | D10: POLI | E10: =I12 -> 13 | F10: =PLUV_108!F10+E10 -> 878 | H10: GAROUA | I10: 0
A11: TCHATIBALI | B11: =I8 -> 0 | C11: =PLUV_108!C11+B11 -> 524 | D11: MAYO-GALKE | E11: =I13 -> 7 | F11: =PLUV_108!F11+E11 -> 601 | H11: NGONG | I11: 20
A12: GUIDER | B12: =I9 -> 4 | C12: =PLUV_108!C12+B12 -> 444 | D12: TOUBORO | E12: =I16 -> 10 | F12: =PLUV_108!F12+E12 -> 905 | H12: POLI | I12: 13
A13: GAROUA | B13: =I10 -> 0 | C13: =PLUV_108!C13+B13 -> 396 | D13: HOME | E13: =I17 -> 0 | F13: =PLUV_108!F13+E13 -> 586 | H13: MAYO-GALKE | I13: 7
A15: TOTAL JOURNALIER = | C15: =SUM(B9:B13)+SUM(E9:E13) -> 56 | D15: CUMUL GENERAL = | F15: =SUM(C9:C13)+SUM(F9:F13) -> 5897
H16: TOUBORO | I16: 10
H17: HOME | I17: 0
A18: Transmis le : | B18: =IFERROR(+I2+1,0) -> 44064

Sheet PLUV_110
A1: SODECOTON
H2: JOURNEE | I2: 44064
A3: PLUVIOMETRIE JOURNALIERE ET PAR PENTADE
H4: TABLEAU DE SAISI
B5: JOURNEE DU : | D5: =I2 -> 44064 | H5: STATION | I5: RELEVES
H6: MAROUA | I6: 0
A7: STATION | B7: RELEVES | D7: STATION | E7: RELEVES | H7: KAELE | I7: 0
B8: JOURNALIER | C8: CUMUL | E8: JOURNALIER | F8: CUMUL | H8: TCHATIBALI | I8: 0
A9: MAROUA | B9: =I6 -> 0 | C9: =PLUV_109!C9+B9 -> 495 | D9: NGONG | E9: =I11 -> 0 | F9: =PLUV_109!F9+E9 -> 505 | H9: GUIDER | I9: 0
A10: KAELE | B10: =I7 -> 0 | C10: =PLUV_109!C10+B10 -> 563 | D10: POLI | E10: =I12 -> 0 | F10: =PLUV_109!F10+E10 -> 878 | H10: GAROUA | I10: 0
A11: TCHATIBALI | B11: =I8 -> 0 | C11: =PLUV_109!C11+B11 -> 524 | D11: MAYO-GALKE | E11: =I13 -> 3 | F11: =PLUV_109!F11+E11 -> 604 | H11: NGONG | I11: 0
A12: GUIDER | B12: =I9 -> 0 | C12: =PLUV_109!C12+B12 -> 444 | D12: TOUBORO | E12: =I16 -> 0 | F12: =PLUV_109!F12+E12 -> 905 | H12: POLI | I12: 0
A13: GAROUA | B13: =I10 -> 0 | C13: =PLUV_109!C13+B13 -> 396 | D13: HOME | E13: =I17 -> 2 | F13: =PLUV_109!F13+E13 -> 588 | H13: MAYO-GALKE | I13: 3
A15: TOTAL JOURNALIER = | C15: =SUM(B9:B13)+SUM(E9:E13) -> 5 | D15: CUMUL GENERAL = | F15: =SUM(C9:C13)+SUM(F9:F13) -> 5902
H16: TOUBORO | I16: 0
H17: HOME | I17: 2
A18: Transmis le : | B18: =IFERROR(+I2+1,0) -> 44065

Sheet PLUV_111
A1: SODECOTON
H2: JOURNEE | I2: 44065
A3: PLUVIOMETRIE JOURNALIERE ET PAR PENTADE
H4: TABLEAU DE SAISI
B5: JOURNEE DU : | D5: =I2 -> 44065 | H5: STATION | I5: RELEVES
H6: MAROUA | I6: 37
A7: STATION | B7: RELEVES | D7: STATION | E7: RELEVES | H7: KAELE | I7: 35
B8: JOURNALIER | C8: CUMUL | E8: JOURNALIER | F8: CUMUL | H8: TCHATIBALI | I8: 5
A9: MAROUA | B9: =I6 -> 37 | C9: =PLUV_110!C9+B9 -> 532 | D9: NGONG | E9: =I11 -> 11 | F9: =PLUV_110!F9+E9 -> 516 | H9: GUIDER | I9: 13
A10: KAELE | B10: =I7 -> 35 | C10: =PLUV_110!C10+B10 -> 598 | D10: POLI | E10: =I12 -> 63 | F10: =PLUV_110!F10+E10 -> 941 | H10: GAROUA | I10: 5
A11: TCHATIBALI | B11: =I8 -> 5 | C11: =PLUV_110!C11+B11 -> 529 | D11: MAYO-GALKE | E11: =I13 -> 0 | F11: =PLUV_110!F11+E11 -> 604 | H11: NGONG | I11: 11
A12: GUIDER | B12: =I9 -> 13 | C12: =PLUV_110!C12+B12 -> 457 | D12: TOUBORO | E12: =I16 -> 39 | F12: =PLUV_110!F12+E12 -> 944 | H12: POLI | I12: 63
A13: GAROUA | B13: =I10 -> 5 | C13: =PLUV_110!C13+B13 -> 401 | D13: HOME | E13: =I17 -> 13 | F13: =PLUV_110!F13+E13 -> 601 | H13: MAYO-GALKE | I13: 0
A15: TOTAL JOURNALIER = | C15: =SUM(B9:B13)+SUM(E9:E13) -> 221 | D15: CUMUL GENERAL = | F15: =SUM(C9:C13)+SUM(F9:F13) -> 6123
H16: TOUBORO | I16: 39
H17: HOME | I17: 13
A18: Transmis le : | B18: =IFERROR(+I2+1,0) -> 44066

Sheet PLYV_112
A1: SODECOTON
H2: JOURNEE | I2: 44066
A3: PLUVIOMETRIE JOURNALIERE ET PAR PENTADE
H4: TABLEAU DE SAISI
B5: JOURNEE DU : | D5: =I2 -> 44066 | H5: STATION | I5: RELEVES
H6: MAROUA | I6: 0
A7: STATION | B7: RELEVES | D7: STATION | E7: RELEVES | H7: KAELE | I7: 5
B8: JOURNALIER | C8: CUMUL | E8: JOURNALIER | F8: CUMUL | H8: TCHATIBALI | I8: 0
A9: MAROUA | B9: =I6 -> 0 | C9: =PLUV_111!C9+B9 -> 532 | D9: NGONG | E9: =I11 -> 13 | F9: =PLUV_111!F9+E9 -> 529 | H9: GUIDER | I9: 0
A10: KAELE | B10: =I7 -> 5 | C10: =PLUV_111!C10+B10 -> 603 | D10: POLI | E10: =I12 -> 3 | F10: =PLUV_111!F10+E10 -> 944 | H10: GAROUA | I10: 25
A11: TCHATIBALI | B11: =I8 -> 0 | C11: =PLUV_111!C11+B11 -> 529 | D11: MAYO-GALKE | E11: =I13 -> 27 | F11: =PLUV_111!F11+E11 -> 631 | H11: NGONG | I11: 13
A12: GUIDER | B12: =I9 -> 0 | C12: =PLUV_111!C12+B12 -> 457 | D12: TOUBORO | E12: =I16 -> 9 | F12: =PLUV_111!F12+E12 -> 953 | H12: POLI | I12: 3
A13: GAROUA | B13: =I10 -> 25 | C13: =PLUV_111!C13+B13 -> 426 | D13: HOME | E13: =I17 -> 7 | F13: =PLUV_111!F13+E13 -> 608 | H13: MAYO-GALKE | I13: 27
A15: TOTAL JOURNALIER = | C15: =SUM(B9:B13)+SUM(E9:E13) -> 89 | D15: CUMUL GENERAL = | F15: =SUM(C9:C13)+SUM(F9:F13) -> 6212
H16: TOUBORO | I16: 9
H17: HOME | I17: 7
A18: Transmis le : | B18: =IFERROR(+I2+1,0) -> 44067

Sheet PLUV_113
A1: SODECOTON
H2: JOURNEE | I2: 44067
A3: PLUVIOMETRIE JOURNALIERE ET PAR PENTADE
H4: TABLEAU DE SAISI
B5: JOURNEE DU : | D5: =I2 -> 44067 | H5: STATION | I5: RELEVES
H6: MAROUA | I6: 0
A7: STATION | B7: RELEVES | D7: STATION | E7: RELEVES | H7: KAELE | I7: 0
B8: JOURNALIER | C8: CUMUL | E8: JOURNALIER | F8: CUMUL | H8: TCHATIBALI | I8: 0
A9: MAROUA | B9: =I6 -> 0 | C9: =PLYV_112!C9+B9 -> 532 | D9: NGONG | E9: =I11 -> 0 | F9: =PLYV_112!F9+E9 -> 529 | H9: GUIDER | I9: 0
A10: KAELE | B10: =I7 -> 0 | C10: =PLYV_112!C10+B10 -> 603 | D10: POLI | E10: =I12 -> 7 | F10: =PLYV_112!F10+E10 -> 951 | H10: GAROUA | I10: 0
A11: TCHATIBALI | B11: =I8 -> 0 | C11: =PLYV_112!C11+B11 -> 529 | D11: MAYO-GALKE | E11: =I13 -> 1 | F11: =PLYV_112!F11+E11 -> 632 | H11: NGONG | I11: 0
A12: GUIDER | B12: =I9 -> 0 | C12: =PLYV_112!C12+B12 -> 457 | D12: TOUBORO | E12: =I16 -> 0 | F12: =PLYV_112!F12+E12 -> 953 | H12: POLI | I12: 7
A13: GAROUA | B13: =I10 -> 0 | C13: =PLYV_112!C13+B13 -> 426 | D13: HOME | E13: =I17 -> 5 | F13: =PLYV_112!F13+E13 -> 613 | H13: MAYO-GALKE | I13: 1
A15: TOTAL JOURNALIER = | C15: =SUM(B9:B13)+SUM(E9:E13) -> 13 | D15: CUMUL GENERAL = | F15: =SUM(C9:C13)+SUM(F9:F13) -> 6225
H16: TOUBORO | I16: 0
H17: HOME | I17: 5
A18: Transmis le : | B18: =IFERROR(+I2+1,0) -> 44068

Sheet PLUV_114
A1: SODECOTON
H2: JOURNEE | I2: 44068
A3: PLUVIOMETRIE JOURNALIERE ET PAR PENTADE
H4: TABLEAU DE SAISI
B5: JOURNEE DU : | D5: =I2 -> 44068 | H5: STATION | I5: RELEVES
H6: MAROUA | I6: 0
A7: STATION | B7: RELEVES | D7: STATION | E7: RELEVES | H7: KAELE | I7: 0
B8: JOURNALIER | C8: CUMUL | E8: JOURNALIER | F8: CUMUL | H8: TCHATIBALI | I8: 0
A9: MAROUA | B9: =I6 -> 0 | C9: =PLUV_113!C9+B9 -> 532 | D9: NGONG | E9: =I11 -> 0 | F9: =PLUV_113!F9+E9 -> 529 | H9: GUIDER | I9: 31
A10: KAELE | B10: =I7 -> 0 | C10: =PLUV_113!C10+B10 -> 603 | D10: POLI | E10: =I12 -> 0 | F10: =PLUV_113!F10+E10 -> 951 | H10: GAROUA | I10: 0
A11: TCHATIBALI | B11: =I8 -> 0 | C11: =PLUV_113!C11+B11 -> 529 | D11: MAYO-GALKE | E11: =I13 -> 0 | F11: =PLUV_113!F11+E11 -> 632 | H11: NGONG | I11: 0
A12: GUIDER | B12: =I9 -> 31 | C12: =PLUV_113!C12+B12 -> 488 | D12: TOUBORO | E12: =I16 -> 0 | F12: =PLUV_113!F12+E12 -> 953 | H12: POLI | I12: 0
A13: GAROUA | B13: =I10 -> 0 | C13: =PLUV_113!C13+B13 -> 426 | D13: HOME | E13: =I17 -> 15 | F13: =PLUV_113!F13+E13 -> 628 | H13: MAYO-GALKE | I13: 0
A15: TOTAL JOURNALIER = | C15: =SUM(B9:B13)+SUM(E9:E13) -> 46 | D15: CUMUL GENERAL = | F15: =SUM(C9:C13)+SUM(F9:F13) -> 6271
H16: TOUBORO | I16: 0
H17: HOME | I17: 15
A18: Transmis le : | B18: =IFERROR(+I2+1,0) -> 44069

Sheet PLUV_115
A1: SODECOTON
H2: JOURNEE | I2: 44069
A3: PLUVIOMETRIE JOURNALIERE ET PAR PENTADE
H4: TABLEAU DE SAISI
B5: JOURNEE DU : | D5: =I2 -> 44069 | H5: STATION | I5: RELEVES
H6: MAROUA | I6: 1
A7: STATION | B7: RELEVES | D7: STATION | E7: RELEVES | H7: KAELE | I7: 0
B8: JOURNALIER | C8: CUMUL | E8: JOURNALIER | F8: CUMUL | H8: TCHATIBALI | I8: 0
A9: MAROUA | B9: =I6 -> 1 | C9: =PLUV_114!C9+B9 -> 533 | D9: NGONG | E9: =I11 -> 0 | F9: =PLUV_114!F9+E9 -> 529 | H9: GUIDER | I9: 0
A10: KAELE | B10: =I7 -> 0 | C10: =PLUV_114!C10+B10 -> 603 | D10: POLI | E10: =I12 -> 0 | F10: =PLUV_114!F10+E10 -> 951 | H10: GAROUA | I10: 0
A11: TCHATIBALI | B11: =I8 -> 0 | C11: =PLUV_114!C11+B11 -> 529 | D11: MAYO-GALKE | E11: =I13 -> 0 | F11: =PLUV_114!F11+E11 -> 632 | H11: NGONG | I11: 0
A12: GUIDER | B12: =I9 -> 0 | C12: =PLUV_114!C12+B12 -> 488 | D12: TOUBORO | E12: =I16 -> 0 | F12: =PLUV_114!F12+E12 -> 953 | H12: POLI | I12: 0
A13: GAROUA | B13: =I10 -> 0 | C13: =PLUV_114!C13+B13 -> 426 | D13: HOME | E13: =I17 -> 0 | F13: =PLUV_114!F13+E13 -> 628 | H13: MAYO-GALKE | I13: 0
A15: TOTAL JOURNALIER = | C15: =SUM(B9:B13)+SUM(E9:E13) -> 1 | D15: CUMUL GENERAL = | F15: =SUM(C9:C13)+SUM(F9:F13) -> 6272
H16: TOUBORO | I16: 0
H17: HOME | I17: 0
A18: Transmis le : | B18: =IFERROR(+I2+1,0) -> 44070

Sheet PLUV_116
A1: SODECOTON
H2: JOURNEE | I2: 44070
A3: PLUVIOMETRIE JOURNALIERE ET PAR PENTADE
H4: TABLEAU DE SAISI
B5: JOURNEE DU : | D5: =I2 -> 44070 | H5: STATION | I5: RELEVES
H6: MAROUA | I6: 12
A7: STATION | B7: RELEVES | D7: STATION | E7: RELEVES | H7: KAELE | I7: 18
B8: JOURNALIER | C8: CUMUL | E8: JOURNALIER | F8: CUMUL | H8: TCHATIBALI | I8: 0
A9: MAROUA | B9: =I6 -> 12 | C9: =PLUV_115!C9+B9 -> 545 | D9: NGONG | E9: =I11 -> 13 | F9: =PLUV_115!F9+E9 -> 542 | H9: GUIDER | I9: 0
A10: KAELE | B10: =I7 -> 18 | C10: =PLUV_115!C10+B10 -> 621 | D10: POLI | E10: =I12 -> 0 | F10: =PLUV_115!F10+E10 -> 951 | H10: GAROUA | I10: 0
A11: TCHATIBALI | B11: =I8 -> 0 | C11: =PLUV_115!C11+B11 -> 529 | D11: MAYO-GALKE | E11: =I13 -> 41 | F11: =PLUV_115!F11+E11 -> 673 | H11: NGONG | I11: 13
A12: GUIDER | B12: =I9 -> 0 | C12: =PLUV_115!C12+B12 -> 488 | D12: TOUBORO | E12: =I16 -> 24 | F12: =PLUV_115!F12+E12 -> 977 | H12: POLI | I12: 0
A13: GAROUA | B13: =I10 -> 0 | C13: =PLUV_115!C13+B13 -> 426 | D13: HOME | E13: =I17 -> 30 | F13: =PLUV_115!F13+E13 -> 658 | H13: MAYO-GALKE | I13: 41
A15: TOTAL JOURNALIER = | C15: =SUM(B9:B13)+SUM(E9:E13) -> 138 | D15: CUMUL GENERAL = | F15: =SUM(C9:C13)+SUM(F9:F13) -> 6410
H16: TOUBORO | I16: 24
H17: HOME | I17: 30
A18: Transmis le : | B18: =IFERROR(+I2+1,0) -> 44071

Sheet PLUV_117
A1: SODECOTON
H2: JOURNEE | I2: 44071
A3: PLUVIOMETRIE JOURNALIERE ET PAR PENTADE
H4: TABLEAU DE SAISI
B5: JOURNEE DU : | D5: =I2 -> 44071 | H5: STATION | I5: RELEVES
H6: MAROUA | I6: 15
A7: STATION | B7: RELEVES | D7: STATION | E7: RELEVES | H7: KAELE | I7: 15
B8: JOURNALIER | C8: CUMUL | E8: JOURNALIER | F8: CUMUL | H8: TCHATIBALI | I8: 85
A9: MAROUA | B9: =I6 -> 15 | C9: =PLUV_116!C9+B9 -> 560 | D9: NGONG | E9: =I11 -> 0 | F9: =PLUV_116!F9+E9 -> 542 | H9: GUIDER | I9: 8
A10: KAELE | B10: =I7 -> 15 | C10: =PLUV_116!C10+B10 -> 636 | D10: POLI | E10: =I12 -> 5 | F10: =PLUV_116!F10+E10 -> 956 | H10: GAROUA | I10: 0
A11: TCHATIBALI | B11: =I8 -> 85 | C11: =PLUV_116!C11+B11 -> 614 | D11: MAYO-GALKE | E11: =I13 -> 40 | F11: =PLUV_116!F11+E11 -> 713 | H11: NGONG | I11: 0
A12: GUIDER | B12: =I9 -> 8 | C12: =PLUV_116!C12+B12 -> 496 | D12: TOUBORO | E12: =I16 -> 8 | F12: =PLUV_116!F12+E12 -> 985 | H12: POLI | I12: 5
A13: GAROUA | B13: =I10 -> 0 | C13: =PLUV_116!C13+B13 -> 426 | D13: HOME | E13: =I17 -> 2 | F13: =PLUV_116!F13+E13 -> 660 | H13: MAYO-GALKE | I13: 40
A15: TOTAL JOURNALIER = | C15: =SUM(B9:B13)+SUM(E9:E13) -> 178 | D15: CUMUL GENERAL = | F15: =SUM(C9:C13)+SUM(F9:F13) -> 6588
H16: TOUBORO | I16: 8
H17: HOME | I17: 2
A18: Transmis le : | B18: =IFERROR(+I2+1,0) -> 44072

Sheet PLUV_118
A1: SODECOTON
H2: JOURNEE | I2: 44072
A3: PLUVIOMETRIE JOURNALIERE ET PAR PENTADE
H4: TABLEAU DE SAISI
B5: JOURNEE DU : | D5: =I2 -> 44072 | H5: STATION | I5: RELEVES
H6: MAROUA | I6: 1
A7: STATION | B7: RELEVES | D7: STATION | E7: RELEVES | H7: KAELE | I7: 0
B8: JOURNALIER | C8: CUMUL | E8: JOURNALIER | F8: CUMUL | H8: TCHATIBALI | I8: 0
A9: MAROUA | B9: =I6 -> 1 | C9: =PLUV_117!C9+B9 -> 561 | D9: NGONG | E9: =I11 -> 0 | F9: =PLUV_117!F9+E9 -> 542 | H9: GUIDER | I9: 0
A10: KAELE | B10: =I7 -> 0 | C10: =PLUV_117!C10+B10 -> 636 | D10: POLI | E10: =I12 -> 0 | F10: =PLUV_117!F10+E10 -> 956 | H10: GAROUA | I10: 0
A11: TCHATIBALI | B11: =I8 -> 0 | C11: =PLUV_117!C11+B11 -> 614 | D11: MAYO-GALKE | E11: =I13 -> 0 | F11: =PLUV_117!F11+E11 -> 713 | H11: NGONG | I11: 0
A12: GUIDER | B12: =I9 -> 0 | C12: =PLUV_117!C12+B12 -> 496 | D12: TOUBORO | E12: =I16 -> 6 | F12: =PLUV_117!F12+E12 -> 991 | H12: POLI | I12: 0
A13: GAROUA | B13: =I10 -> 0 | C13: =PLUV_117!C13+B13 -> 426 | D13: HOME | E13: =I17 -> 6 | F13: =PLUV_117!F13+E13 -> 666 | H13: MAYO-GALKE | I13: 0
A15: TOTAL JOURNALIER = | C15: =SUM(B9:B13)+SUM(E9:E13) -> 13 | D15: CUMUL GENERAL = | F15: =SUM(C9:C13)+SUM(F9:F13) -> 6601
H16: TOUBORO | I16: 6
H17: HOME | I17: 6
A18: Transmis le : | B18: =IFERROR(+I2+1,0) -> 44073

Sheet PLUV_119
A1: SODECOTON
H2: JOURNEE | I2: 44073
A3: PLUVIOMETRIE JOURNALIERE ET PAR PENTADE
H4: TABLEAU DE SAISI
B5: JOURNEE DU : | D5: =I2 -> 44073 | H5: STATION | I5: RELEVES
H6: MAROUA | I6: 156
A7: STATION | B7: RELEVES | D7: STATION | E7: RELEVES | H7: KAELE | I7: 30
B8: JOURNALIER | C8: CUMUL | E8: JOURNALIER | F8: CUMUL | H8: TCHATIBALI | I8: 10
A9: MAROUA | B9: =I6 -> 156 | C9: =PLUV_118!C9+B9 -> 717 | D9: NGONG | E9: =I11 -> 0 | F9: =PLUV_118!F9+E9 -> 542 | H9: GUIDER | I9: 16
A10: KAELE | B10: =I7 -> 30 | C10: =PLUV_118!C10+B10 -> 666 | D10: POLI | E10: =I12 -> 0 | F10: =PLUV_118!F10+E10 -> 956 | H10: GAROUA | I10: 0
A11: TCHATIBALI | B11: =I8 -> 10 | C11: =PLUV_118!C11+B11 -> 624 | D11: MAYO-GALKE | E11: =I13 -> 0 | F11: =PLUV_118!F11+E11 -> 713 | H11: NGONG | I11: 0
A12: GUIDER | B12: =I9 -> 16 | C12: =PLUV_118!C12+B12 -> 512 | D12: TOUBORO | E12: =I16 -> 0 | F12: =PLUV_118!F12+E12 -> 991 | H12: POLI | I12: 0
A13: GAROUA | B13: =I10 -> 0 | C13: =PLUV_118!C13+B13 -> 426 | D13: HOME | E13: =I17 -> 0 | F13: =PLUV_118!F13+E13 -> 666 | H13: MAYO-GALKE | I13: 0
A15: TOTAL JOURNALIER = | C15: =SUM(B9:B13)+SUM(E9:E13) -> 212 | D15: CUMUL GENERAL = | F15: =SUM(C9:C13)+SUM(F9:F13) -> 6813
H16: TOUBORO | I16: 0
H17: HOME | I17: 0
A18: Transmis le : | B18: =IFERROR(+I2+1,0) -> 44074

Sheet PLUV_120
A1: SODECOTON
H2: JOURNEE | I2: 44074
A3: PLUVIOMETRIE JOURNALIERE ET PAR PENTADE
H4: TABLEAU DE SAISI
B5: JOURNEE DU : | D5: =I2 -> 44074 | H5: STATION | I5: RELEVES
H6: MAROUA | I6: 0
A7: STATION | B7: RELEVES | D7: STATION | E7: RELEVES | H7: KAELE | I7: 13
B8: JOURNALIER | C8: CUMUL | E8: JOURNALIER | F8: CUMUL | H8: TCHATIBALI | I8: 0
A9: MAROUA | B9: =I6 -> 0 | C9: =PLUV_119!C9+B9 -> 717 | D9: NGONG | E9: =I11 -> 0 | F9: =PLUV_119!F9+E9 -> 542 | H9: GUIDER | I9: 4
A10: KAELE | B10: =I7 -> 13 | C10: =PLUV_119!C10+B10 -> 679 | D10: POLI | E10: =I12 -> 9 | F10: =PLUV_119!F10+E10 -> 965 | H10: GAROUA | I10: 0
A11: TCHATIBALI | B11: =I8 -> 0 | C11: =PLUV_119!C11+B11 -> 624 | D11: MAYO-GALKE | E11: =I13 -> 1 | F11: =PLUV_119!F11+E11 -> 714 | H11: NGONG | I11: 0
A12: GUIDER | B12: =I9 -> 4 | C12: =PLUV_119!C12+B12 -> 516 | D12: TOUBORO | E12: =I16 -> 0 | F12: =PLUV_119!F12+E12 -> 991 | H12: POLI | I12: 9
A13: GAROUA | B13: =I10 -> 0 | C13: =PLUV_119!C13+B13 -> 426 | D13: HOME | E13: =I17 -> 2 | F13: =PLUV_119!F13+E13 -> 668 | H13: MAYO-GALKE | I13: 1
A15: TOTAL JOURNALIER = | C15: =SUM(B9:B13)+SUM(E9:E13) -> 29 | D15: CUMUL GENERAL = | F15: =SUM(C9:C13)+SUM(F9:F13) -> 6842
H16: TOUBORO | I16: 0
H17: HOME | I17: 2
A18: Transmis le : | B18: =IFERROR(+I2+1,0) -> 44075

Sheet PLUV_121
A1: SODECOTON
H2: JOURNEE | I2: 44075
A3: PLUVIOMETRIE JOURNALIERE ET PAR PENTADE
H4: TABLEAU DE SAISI
B5: JOURNEE DU : | D5: =I2 -> 44075 | H5: STATION | I5: RELEVES
H6: MAROUA | I6: 15
A7: STATION | B7: RELEVES | D7: STATION | E7: RELEVES | H7: KAELE | I7: 0
B8: JOURNALIER | C8: CUMUL | E8: JOURNALIER | F8: CUMUL | H8: TCHATIBALI | I8: 0
A9: MAROUA | B9: =I6 -> 15 | C9: =PLUV_120!C9+B9 -> 732 | D9: NGONG | E9: =I11 -> 10 | F9: =PLUV_120!F9+E9 -> 552 | H9: GUIDER | I9: 0
A10: KAELE | B10: =I7 -> 0 | C10: =PLUV_120!C10+B10 -> 679 | D10: POLI | E10: =I12 -> 5 | F10: =PLUV_120!F10+E10 -> 970 | H10: GAROUA | I10: 0
A11: TCHATIBALI | B11: =I8 -> 0 | C11: =PLUV_120!C11+B11 -> 624 | D11: MAYO-GALKE | E11: =I13 -> 34 | F11: =PLUV_120!F11+E11 -> 748 | H11: NGONG | I11: 10
A12: GUIDER | B12: =I9 -> 0 | C12: =PLUV_120!C12+B12 -> 516 | D12: TOUBORO | E12: =I16 -> 0 | F12: =PLUV_120!F12+E12 -> 991 | H12: POLI | I12: 5
A13: GAROUA | B13: =I10 -> 0 | C13: =PLUV_120!C13+B13 -> 426 | D13: HOME | E13: =I17 -> 17 | F13: =PLUV_120!F13+E13 -> 685 | H13: MAYO-GALKE | I13: 34
A15: TOTAL JOURNALIER = | C15: =SUM(B9:B13)+SUM(E9:E13) -> 81 | D15: CUMUL GENERAL = | F15: =SUM(C9:C13)+SUM(F9:F13) -> 6923
H16: TOUBORO
H17: HOME | I17: 17
A18: Transmis le : | B18: =IFERROR(+I2+1,0) -> 44076

Sheet PLUV_122
A1: SODECOTON
H2: JOURNEE | I2: 44076
A3: PLUVIOMETRIE JOURNALIERE ET PAR PENTADE
H4: TABLEAU DE SAISI
B5: JOURNEE DU : | D5: =I2 -> 44076 | H5: STATION | I5: RELEVES
H6: MAROUA | I6: 83
A7: STATION | B7: RELEVES | D7: STATION | E7: RELEVES | H7: KAELE | I7: 2
B8: JOURNALIER | C8: CUMUL | E8: JOURNALIER | F8: CUMUL | H8: TCHATIBALI | I8: 8
A9: MAROUA | B9: =I6 -> 83 | C9: =PLUV_121!C9+B9 -> 815 | D9: NGONG | E9: =I11 -> 0 | F9: =PLUV_121!F9+E9 -> 552 | H9: GUIDER | I9: 4
A10: KAELE | B10: =I7 -> 2 | C10: =PLUV_121!C10+B10 -> 681 | D10: POLI | E10: =I12 -> 0 | F10: =PLUV_121!F10+E10 -> 970 | H10: GAROUA | I10: 0
A11: TCHATIBALI | B11: =I8 -> 8 | C11: =PLUV_121!C11+B11 -> 632 | D11: MAYO-GALKE | E11: =I13 -> 16 | F11: =PLUV_121!F11+E11 -> 764 | H11: NGONG | I11: 0
A12: GUIDER | B12: =I9 -> 4 | C12: =PLUV_121!C12+B12 -> 520 | D12: TOUBORO | E12: =I16 -> 8 | F12: =PLUV_121!F12+E12 -> 999 | H12: POLI | I12: 0
A13: GAROUA | B13: =I10 -> 0 | C13: =PLUV_121!C13+B13 -> 426 | D13: HOME | E13: =I17 -> 10 | F13: =PLUV_121!F13+E13 -> 695 | H13: MAYO-GALKE | I13: 16
A15: TOTAL JOURNALIER = | C15: =SUM(B9:B13)+SUM(E9:E13) -> 131 | D15: CUMUL GENERAL = | F15: =SUM(C9:C13)+SUM(F9:F13) -> 7054
H16: TOUBORO | I16: 8
H17: HOME | I17: 10
A18: Transmis le : | B18: =IFERROR(+I2+1,0) -> 44077

Sheet PLUV_123
A1: SODECOTON
H2: JOURNEE | I2: 44077
A3: PLUVIOMETRIE JOURNALIERE ET PAR PENTADE
H4: TABLEAU DE SAISI
B5: JOURNEE DU : | D5: =I2 -> 44077 | H5: STATION | I5: RELEVES
H6: MAROUA | I6: 9
A7: STATION | B7: RELEVES | D7: STATION | E7: RELEVES | H7: KAELE | I7: 1
B8: JOURNALIER | C8: CUMUL | E8: JOURNALIER | F8: CUMUL | H8: TCHATIBALI | I8: 0
A9: MAROUA | B9: =I6 -> 9 | C9: =PLUV_122!C9+B9 -> 824 | D9: NGONG | E9: =I11 -> 34 | F9: =PLUV_122!F9+E9 -> 586 | H9: GUIDER | I9: 0
A10: KAELE | B10: =I7 -> 1 | C10: =PLUV_122!C10+B10 -> 682 | D10: POLI | E10: =I12 -> 8 | F10: =PLUV_122!F10+E10 -> 978 | H10: GAROUA | I10: 0
A11: TCHATIBALI | B11: =I8 -> 0 | C11: =PLUV_122!C11+B11 -> 632 | D11: MAYO-GALKE | E11: =I13 -> 0 | F11: =PLUV_122!F11+E11 -> 764 | H11: NGONG | I11: 34
A12: GUIDER | B12: =I9 -> 0 | C12: =PLUV_122!C12+B12 -> 520 | D12: TOUBORO | E12: =I16 -> 0 | F12: =PLUV_122!F12+E12 -> 999 | H12: POLI | I12: 8
A13: GAROUA | B13: =I10 -> 0 | C13: =PLUV_122!C13+B13 -> 426 | D13: HOME | E13: =I17 -> 0 | F13: =PLUV_122!F13+E13 -> 695 | H13: MAYO-GALKE | I13: 0
A15: TOTAL JOURNALIER = | C15: =SUM(B9:B13)+SUM(E9:E13) -> 52 | D15: CUMUL GENERAL = | F15: =SUM(C9:C13)+SUM(F9:F13) -> 7106
H16: TOUBORO | I16: 0
H17: HOME | I17: 0
A18: Transmis le : | B18: =IFERROR(+I2+1,0) -> 44078

Sheet PLUV_124
A1: SODECOTON
H2: JOURNEE | I2: 44078
A3: PLUVIOMETRIE JOURNALIERE ET PAR PENTADE
H4: TABLEAU DE SAISI
B5: JOURNEE DU : | D5: =I2 -> 44078 | H5: STATION | I5: RELEVES
H6: MAROUA | I6: 0
A7: STATION | B7: RELEVES | D7: STATION | E7: RELEVES | H7: KAELE | I7: 0
B8: JOURNALIER | C8: CUMUL | E8: JOURNALIER | F8: CUMUL | H8: TCHATIBALI | I8: 0
A9: MAROUA | B9: =I6 -> 0 | C9: =PLUV_123!C9+B9 -> 824 | D9: NGONG | E9: =I11 -> 0 | F9: =PLUV_123!F9+E9 -> 586 | H9: GUIDER | I9: 0
A10: KAELE | B10: =I7 -> 0 | C10: =PLUV_123!C10+B10 -> 682 | D10: POLI | E10: =I12 -> 10 | F10: =PLUV_123!F10+E10 -> 988 | H10: GAROUA | I10: 55
A11: TCHATIBALI | B11: =I8 -> 0 | C11: =PLUV_123!C11+B11 -> 632 | D11: MAYO-GALKE | E11: =I13 -> 0 | F11: =PLUV_123!F11+E11 -> 764 | H11: NGONG | I11: 0
A12: GUIDER | B12: =I9 -> 0 | C12: =PLUV_123!C12+B12 -> 520 | D12: TOUBORO | E12: =I16 -> 0 | F12: =PLUV_123!F12+E12 -> 999 | H12: POLI | I12: 10
A13: GAROUA | B13: =I10 -> 55 | C13: =PLUV_123!C13+B13 -> 481 | D13: HOME | E13: =I17 -> 0 | F13: =PLUV_123!F13+E13 -> 695 | H13: MAYO-GALKE | I13: 0
A15: TOTAL JOURNALIER = | C15: =SUM(B9:B13)+SUM(E9:E13) -> 65 | D15: CUMUL GENERAL = | F15: =SUM(C9:C13)+SUM(F9:F13) -> 7171
H16: TOUBORO | I16: 0
H17: HOME | I17: 0
A18: Transmis le : | B18: =IFERROR(+I2+1,0) -> 44079

Sheet PLUV_125
A1: SODECOTON
H2: JOURNEE | I2: 44079
A3: PLUVIOMETRIE JOURNALIERE ET PAR PENTADE
H4: TABLEAU DE SAISI
B5: JOURNEE DU : | D5: =I2 -> 44079 | H5: STATION | I5: RELEVES
H6: MAROUA | I6: 0
A7: STATION | B7: RELEVES | D7: STATION | E7: RELEVES | H7: KAELE | I7: 35
B8: JOURNALIER | C8: CUMUL | E8: JOURNALIER | F8: CUMUL | H8: TCHATIBALI | I8: 0
A9: MAROUA | B9: =I6 -> 0 | C9: =PLUV_124!C9+B9 -> 824 | D9: NGONG | E9: =I11 -> 0 | F9: =PLUV_124!F9+E9 -> 586 | H9: GUIDER | I9: 25
A10: KAELE | B10: =I7 -> 35 | C10: =PLUV_124!C10+B10 -> 717 | D10: POLI | E10: =I12 -> 0 | F10: =PLUV_124!F10+E10 -> 988 | H10: GAROUA | I10: 0
A11: TCHATIBALI | B11: =I8 -> 0 | C11: =PLUV_124!C11+B11 -> 632 | D11: MAYO-GALKE | E11: =I13 -> 0 | F11: =PLUV_124!F11+E11 -> 764 | H11: NGONG | I11: 0
A12: GUIDER | B12: =I9 -> 25 | C12: =PLUV_124!C12+B12 -> 545 | D12: TOUBORO | E12: =I16 -> 21 | F12: =PLUV_124!F12+E12 -> 1020 | H12: POLI | I12: 0
A13: GAROUA | B13: =I10 -> 0 | C13: =PLUV_124!C13+B13 -> 481 | D13: HOME | E13: =I17 -> 1 | F13: =PLUV_124!F13+E13 -> 696 | H13: MAYO-GALKE | I13: 0
A15: TOTAL JOURNALIER = | C15: =SUM(B9:B13)+SUM(E9:E13) -> 82 | D15: CUMUL GENERAL = | F15: =SUM(C9:C13)+SUM(F9:F13) -> 7253
H16: TOUBORO | I16: 21
H17: HOME | I17: 1
A18: Transmis le : | B18: =IFERROR(+I2+1,0) -> 44080

Sheet PLUV_126
A1: SODECOTON
H2: JOURNEE | I2: 44080
A3: PLUVIOMETRIE JOURNALIERE ET PAR PENTADE
H4: TABLEAU DE SAISI
B5: JOURNEE DU : | D5: =I2 -> 44080 | H5: STATION | I5: RELEVES
H6: MAROUA | I6: 10
A7: STATION | B7: RELEVES | D7: STATION | E7: RELEVES | H7: KAELE | I7: 9
B8: JOURNALIER | C8: CUMUL | E8: JOURNALIER | F8: CUMUL | H8: TCHATIBALI | I8: 35
A9: MAROUA | B9: =I6 -> 10 | C9: =PLUV_125!C9+B9 -> 834 | D9: NGONG | E9: =I11 -> 0 | F9: =PLUV_125!F9+E9 -> 586 | H9: GUIDER | I9: 0
A10: KAELE | B10: =I7 -> 9 | C10: =PLUV_125!C10+B10 -> 726 | D10: POLI | E10: =I12 -> 4 | F10: =PLUV_125!F10+E10 -> 992 | H10: GAROUA | I10: 0
A11: TCHATIBALI | B11: =I8 -> 35 | C11: =PLUV_125!C11+B11 -> 667 | D11: MAYO-GALKE | E11: =I13 -> 2 | F11: =PLUV_125!F11+E11 -> 766 | H11: NGONG | I11: 0
A12: GUIDER | B12: =I9 -> 0 | C12: =PLUV_125!C12+B12 -> 545 | D12: TOUBORO | E12: =I16 -> 0 | F12: =PLUV_125!F12+E12 -> 1020 | H12: POLI | I12: 4
A13: GAROUA | B13: =I10 -> 0 | C13: =PLUV_125!C13+B13 -> 481 | D13: HOME | E13: =I17 -> 8 | F13: =PLUV_125!F13+E13 -> 704 | H13: MAYO-GALKE | I13: 2
A15: TOTAL JOURNALIER = | C15: =SUM(B9:B13)+SUM(E9:E13) -> 68 | D15: CUMUL GENERAL = | F15: =SUM(C9:C13)+SUM(F9:F13) -> 7321
H16: TOUBORO | I16: 0
H17: HOME | I17: 8
A18: Transmis le : | B18: =IFERROR(+I2+1,0) -> 44081

Sheet PLUV_127
A1: SODECOTON
H2: JOURNEE | I2: 44081
A3: PLUVIOMETRIE JOURNALIERE ET PAR PENTADE
H4: TABLEAU DE SAISI
B5: JOURNEE DU : | D5: =I2 -> 44081 | H5: STATION | I5: RELEVES
H6: MAROUA | I6: 0
A7: STATION | B7: RELEVES | D7: STATION | E7: RELEVES | H7: KAELE | I7: 0
B8: JOURNALIER | C8: CUMUL | E8: JOURNALIER | F8: CUMUL | H8: TCHATIBALI | I8: 0
A9: MAROUA | B9: =I6 -> 0 | C9: =PLUV_126!C9+B9 -> 834 | D9: NGONG | E9: =I11 -> 0 | F9: =PLUV_126!F9+E9 -> 586 | H9: GUIDER | I9: 0
A10: KAELE | B10: =I7 -> 0 | C10: =PLUV_126!C10+B10 -> 726 | D10: POLI | E10: =I12 -> 8 | F10: =PLUV_126!F10+E10 -> 1000 | H10: GAROUA | I10: 0
A11: TCHATIBALI | B11: =I8 -> 0 | C11: =PLUV_126!C11+B11 -> 667 | D11: MAYO-GALKE | E11: =I13 -> 0 | F11: =PLUV_126!F11+E11 -> 766 | H11: NGONG | I11: 0
A12: GUIDER | B12: =I9 -> 0 | C12: =PLUV_126!C12+B12 -> 545 | D12: TOUBORO | E12: =I16 -> 17 | F12: =PLUV_126!F12+E12 -> 1037 | H12: POLI | I12: 8
A13: GAROUA | B13: =I10 -> 0 | C13: =PLUV_126!C13+B13 -> 481 | D13: HOME | E13: =I17 -> 0 | F13: =PLUV_126!F13+E13 -> 704 | H13: MAYO-GALKE | I13: 0
A15: TOTAL JOURNALIER = | C15: =SUM(B9:B13)+SUM(E9:E13) -> 25 | D15: CUMUL GENERAL = | F15: =SUM(C9:C13)+SUM(F9:F13) -> 7346
H16: TOUBORO | I16: 17
H17: HOME | I17: 0
A18: Transmis le : | B18: =IFERROR(+I2+1,0) -> 44082

Sheet PLUV_128
A1: SODECOTON
H2: JOURNEE | I2: 44082
A3: PLUVIOMETRIE JOURNALIERE ET PAR PENTADE
H4: TABLEAU DE SAISI
B5: JOURNEE DU : | D5: =I2 -> 44082 | H5: STATION | I5: RELEVES
H6: MAROUA | I6: 0
A7: STATION | B7: RELEVES | D7: STATION | E7: RELEVES | H7: KAELE | I7: 2
B8: JOURNALIER | C8: CUMUL | E8: JOURNALIER | F8: CUMUL | H8: TCHATIBALI | I8: 0
A9: MAROUA | B9: =I6 -> 0 | C9: =PLUV_127!C9+B9 -> 834 | D9: NGONG | E9: =I11 -> 0 | F9: =PLUV_127!F9+E9 -> 586 | H9: GUIDER | I9: 0
A10: KAELE | B10: =I7 -> 2 | C10: =PLUV_127!C10+B10 -> 728 | D10: POLI | E10: =I12 -> 5 | F10: =PLUV_127!F10+E10 -> 1005 | H10: GAROUA | I10: 0
A11: TCHATIBALI | B11: =I8 -> 0 | C11: =PLUV_127!C11+B11 -> 667 | D11: MAYO-GALKE | E11: =I13 -> 0 | F11: =PLUV_127!F11+E11 -> 766 | H11: NGONG | I11: 0
A12: GUIDER | B12: =I9 -> 0 | C12: =PLUV_127!C12+B12 -> 545 | D12: TOUBORO | E12: =I16 -> 2 | F12: =PLUV_127!F12+E12 -> 1039 | H12: POLI | I12: 5
A13: GAROUA | B13: =I10 -> 0 | C13: =PLUV_127!C13+B13 -> 481 | D13: HOME | E13: =I17 -> 0 | F13: =PLUV_127!F13+E13 -> 704 | H13: MAYO-GALKE | I13: 0
A15: TOTAL JOURNALIER = | C15: =SUM(B9:B13)+SUM(E9:E13) -> 9 | D15: CUMUL GENERAL = | F15: =SUM(C9:C13)+SUM(F9:F13) -> 7355
H16: TOUBORO | I16: 2
H17: HOME | I17: 0
A18: Transmis le : | B18: =IFERROR(+I2+1,0) -> 44083

Sheet PLUV_129
A1: SODECOTON
H2: JOURNEE | I2: 44083
A3: PLUVIOMETRIE JOURNALIERE ET PAR PENTADE
H4: TABLEAU DE SAISI
B5: JOURNEE DU : | D5: =I2 -> 44083 | H5: STATION | I5: RELEVES
H6: MAROUA | I6: 35
A7: STATION | B7: RELEVES | D7: STATION | E7: RELEVES | H7: KAELE | I7: 6
B8: JOURNALIER | C8: CUMUL | E8: JOURNALIER | F8: CUMUL | H8: TCHATIBALI | I8: 0
A9: MAROUA | B9: =I6 -> 35 | C9: =PLUV_128!C9+B9 -> 869 | D9: NGONG | E9: =I11 -> 0 | F9: =PLUV_128!F9+E9 -> 586 | H9: GUIDER | I9: 0
A10: KAELE | B10: =I7 -> 6 | C10: =PLUV_128!C10+B10 -> 734 | D10: POLI | E10: =I12 -> 25 | F10: =PLUV_128!F10+E10 -> 1030 | H10: GAROUA | I10: 0
A11: TCHATIBALI | B11: =I8 -> 0 | C11: =PLUV_128!C11+B11 -> 667 | D11: MAYO-GALKE | E11: =I13 -> 9 | F11: =PLUV_128!F11+E11 -> 775 | H11: NGONG | I11: 0
A12: GUIDER | B12: =I9 -> 0 | C12: =PLUV_128!C12+B12 -> 545 | D12: TOUBORO | E12: =I16 -> 0 | F12: =PLUV_128!F12+E12 -> 1039 | H12: POLI | I12: 25
A13: GAROUA | B13: =I10 -> 0 | C13: =PLUV_128!C13+B13 -> 481 | D13: HOME | E13: =I17 -> 31 | F13: =PLUV_128!F13+E13 -> 735 | H13: MAYO-GALKE | I13: 9
A15: TOTAL JOURNALIER = | C15: =SUM(B9:B13)+SUM(E9:E13) -> 106 | D15: CUMUL GENERAL = | F15: =SUM(C9:C13)+SUM(F9:F13) -> 7461
H16: TOUBORO | I16: 0
H17: HOME | I17: 31
A18: Transmis le : | B18: =IFERROR(+I2+1,0) -> 44084

Sheet PLUV_130
A1: SODECOTON
H2: JOURNEE | I2: 44084
A3: PLUVIOMETRIE JOURNALIERE ET PAR PENTADE
H4: TABLEAU DE SAISI
B5: JOURNEE DU : | D5: =I2 -> 44084 | H5: STATION | I5: RELEVES
H6: MAROUA | I6: 20
A7: STATION | B7: RELEVES | D7: STATION | E7: RELEVES | H7: KAELE | I7: 0
B8: JOURNALIER | C8: CUMUL | E8: JOURNALIER | F8: CUMUL | H8: TCHATIBALI | I8: 4
A9: MAROUA | B9: =I6 -> 20 | C9: =PLUV_129!C9+B9 -> 889 | D9: NGONG | E9: =I11 -> 7 | F9: =PLUV_129!F9+E9 -> 593 | H9: GUIDER | I9: 17
A10: KAELE | B10: =I7 -> 0 | C10: =PLUV_129!C10+B10 -> 734 | D10: POLI | E10: =I12 -> 0 | F10: =PLUV_129!F10+E10 -> 1030 | H10: GAROUA | I10: 13
A11: TCHATIBALI | B11: =I8 -> 4 | C11: =PLUV_129!C11+B11 -> 671 | D11: MAYO-GALKE | E11: =I13 -> 0 | F11: =PLUV_129!F11+E11 -> 775 | H11: NGONG | I11: 7
A12: GUIDER | B12: =I9 -> 17 | C12: =PLUV_129!C12+B12 -> 562 | D12: TOUBORO | E12: =I16 -> 76 | F12: =PLUV_129!F12+E12 -> 1115 | H12: POLI | I12: 0
A13: GAROUA | B13: =I10 -> 13 | C13: =PLUV_129!C13+B13 -> 494 | D13: HOME | E13: =I17 -> 4 | F13: =PLUV_129!F13+E13 -> 739 | H13: MAYO-GALKE | I13: 0
A15: TOTAL JOURNALIER = | C15: =SUM(B9:B13)+SUM(E9:E13) -> 141 | D15: CUMUL GENERAL = | F15: =SUM(C9:C13)+SUM(F9:F13) -> 7602
H16: TOUBORO | I16: 76
H17: HOME | I17: 4
A18: Transmis le : | B18: =IFERROR(+I2+1,0) -> 44085

Sheet PLUV_131
A1: SODECOTON
H2: JOURNEE | I2: 44085
A3: PLUVIOMETRIE JOURNALIERE ET PAR PENTADE
H4: TABLEAU DE SAISI
B5: JOURNEE DU : | D5: =I2 -> 44085 | H5: STATION | I5: RELEVES
H6: MAROUA | I6: 0
A7: STATION | B7: RELEVES | D7: STATION | E7: RELEVES | H7: KAELE | I7: 10
B8: JOURNALIER | C8: CUMUL | E8: JOURNALIER | F8: CUMUL | H8: TCHATIBALI | I8: 0
A9: MAROUA | B9: =I6 -> 0 | C9: =PLUV_130!C9+B9 -> 889 | D9: NGONG | E9: =I11 -> 0 | F9: =PLUV_130!F9+E9 -> 593 | H9: GUIDER | I9: 0
A10: KAELE | B10: =I7 -> 10 | C10: =PLUV_130!C10+B10 -> 744 | D10: POLI | E10: =I12 -> 0 | F10: =PLUV_130!F10+E10 -> 1030 | H10: GAROUA | I10: 0
A11: TCHATIBALI | B11: =I8 -> 0 | C11: =PLUV_130!C11+B11 -> 671 | D11: MAYO-GALKE | E11: =I13 -> 0 | F11: =PLUV_130!F11+E11 -> 775 | H11: NGONG | I11: 0
A12: GUIDER | B12: =I9 -> 0 | C12: =PLUV_130!C12+B12 -> 562 | D12: TOUBORO | E12: =I16 -> 25 | F12: =PLUV_130!F12+E12 -> 1140 | H12: POLI | I12: 0
A13: GAROUA | B13: =I10 -> 0 | C13: =PLUV_130!C13+B13 -> 494 | D13: HOME | E13: =I17 -> 0 | F13: =PLUV_130!F13+E13 -> 739 | H13: MAYO-GALKE | I13: 0
A15: TOTAL JOURNALIER = | C15: =SUM(B9:B13)+SUM(E9:E13) -> 35 | D15: CUMUL GENERAL = | F15: =SUM(C9:C13)+SUM(F9:F13) -> 7637
H16: TOUBORO | I16: 25
H17: HOME | I17: 0
A18: Transmis le : | B18: =IFERROR(+I2+1,0) -> 44086

Sheet PLUV_132
A1: SODECOTON
H2: JOURNEE | I2: 44086
A3: PLUVIOMETRIE JOURNALIERE ET PAR PENTADE
H4: TABLEAU DE SAISI
B5: JOURNEE DU : | D5: =I2 -> 44086 | H5: STATION | I5: RELEVES
H6: MAROUA | I6: 9
A7: STATION | B7: RELEVES | D7: STATION | E7: RELEVES | H7: KAELE | I7: 0
B8: JOURNALIER | C8: CUMUL | E8: JOURNALIER | F8: CUMUL | H8: TCHATIBALI | I8: 0
A9: MAROUA | B9: =I6 -> 9 | C9: =PLUV_131!C9+B9 -> 898 | D9: NGONG | E9: =I11 -> 0 | F9: =PLUV_131!F9+E9 -> 593 | H9: GUIDER | I9: 0
A10: KAELE | B10: =I7 -> 0 | C10: =PLUV_131!C10+B10 -> 744 | D10: POLI | E10: =I12 -> 30 | F10: =PLUV_131!F10+E10 -> 1060 | H10: GAROUA | I10: 3
A11: TCHATIBALI | B11: =I8 -> 0 | C11: =PLUV_131!C11+B11 -> 671 | D11: MAYO-GALKE | E11: =I13 -> 0 | F11: =PLUV_131!F11+E11 -> 775 | H11: NGONG | I11: 0
A12: GUIDER | B12: =I9 -> 0 | C12: =PLUV_131!C12+B12 -> 562 | D12: TOUBORO | E12: =I16 -> 0 | F12: =PLUV_131!F12+E12 -> 1140 | H12: POLI | I12: 30
A13: GAROUA | B13: =I10 -> 3 | C13: =PLUV_131!C13+B13 -> 497 | D13: HOME | E13: =I17 -> 18 | F13: =PLUV_131!F13+E13 -> 757 | H13: MAYO-GALKE | I13: 0
A15: TOTAL JOURNALIER = | C15: =SUM(B9:B13)+SUM(E9:E13) -> 60 | D15: CUMUL GENERAL = | F15: =SUM(C9:C13)+SUM(F9:F13) -> 7697
H16: TOUBORO | I16: 0
H17: HOME | I17: 18
A18: Transmis le : | B18: =IFERROR(+I2+1,0) -> 44087

Sheet PLUV_133
A1: SODECOTON
H2: JOURNEE | I2: 44087
A3: PLUVIOMETRIE JOURNALIERE ET PAR PENTADE
H4: TABLEAU DE SAISI
B5: JOURNEE DU : | D5: =I2 -> 44087 | H5: STATION | I5: RELEVES
H6: MAROUA | I6: 9
A7: STATION | B7: RELEVES | D7: STATION | E7: RELEVES | H7: KAELE | I7: 3
B8: JOURNALIER | C8: CUMUL | E8: JOURNALIER | F8: CUMUL | H8: TCHATIBALI | I8: 23
A9: MAROUA | B9: =I6 -> 9 | C9: =PLUV_132!C9+B9 -> 907 | D9: NGONG | E9: =I11 -> 11 | F9: =PLUV_132!F9+E9 -> 604 | H9: GUIDER | I9: 5
A10: KAELE | B10: =I7 -> 3 | C10: =PLUV_132!C10+B10 -> 747 | D10: POLI | E10: =I12 -> 26 | F10: =PLUV_132!F10+E10 -> 1086 | H10: GAROUA | I10: 3
A11: TCHATIBALI | B11: =I8 -> 23 | C11: =PLUV_132!C11+B11 -> 694 | D11: MAYO-GALKE | E11: =I13 -> 47 | F11: =PLUV_132!F11+E11 -> 822 | H11: NGONG | I11: 11
A12: GUIDER | B12: =I9 -> 5 | C12: =PLUV_132!C12+B12 -> 567 | D12: TOUBORO | E12: =I16 -> 4 | F12: =PLUV_132!F12+E12 -> 1144 | H12: POLI | I12: 26
A13: GAROUA | B13: =I10 -> 3 | C13: =PLUV_132!C13+B13 -> 500 | D13: HOME | E13: =I17 -> 8 | F13: =PLUV_132!F13+E13 -> 765 | H13: MAYO-GALKE | I13: 47
A15: TOTAL JOURNALIER = | C15: =SUM(B9:B13)+SUM(E9:E13) -> 139 | D15: CUMUL GENERAL = | F15: =SUM(C9:C13)+SUM(F9:F13) -> 7836
H16: TOUBORO | I16: 4
H17: HOME | I17: 8
A18: Transmis le : | B18: =IFERROR(+I2+1,0) -> 44088

Sheet PLUV_134
A1: SODECOTON
H2: JOURNEE | I2: 44088
A3: PLUVIOMETRIE JOURNALIERE ET PAR PENTADE
H4: TABLEAU DE SAISI
B5: JOURNEE DU : | D5: =I2 -> 44088 | H5: STATION | I5: RELEVES
H6: MAROUA | I6: 24
A7: STATION | B7: RELEVES | D7: STATION | E7: RELEVES | H7: KAELE | I7: 16
B8: JOURNALIER | C8: CUMUL | E8: JOURNALIER | F8: CUMUL | H8: TCHATIBALI | I8: 25
A9: MAROUA | B9: =I6 -> 24 | C9: =PLUV_133!C9+B9 -> 931 | D9: NGONG | E9: =I11 -> 0 | F9: =PLUV_133!F9+E9 -> 604 | H9: GUIDER | I9: 9
A10: KAELE | B10: =I7 -> 16 | C10: =PLUV_133!C10+B10 -> 763 | D10: POLI | E10: =I12 -> 7 | F10: =PLUV_133!F10+E10 -> 1093 | H10: GAROUA | I10: 22
A11: TCHATIBALI | B11: =I8 -> 25 | C11: =PLUV_133!C11+B11 -> 719 | D11: MAYO-GALKE | E11: =I13 -> 0 | F11: =PLUV_133!F11+E11 -> 822 | H11: NGONG | I11: 0
A12: GUIDER | B12: =I9 -> 9 | C12: =PLUV_133!C12+B12 -> 576 | D12: TOUBORO | E12: =I16 -> 0 | F12: =PLUV_133!F12+E12 -> 1144 | H12: POLI | I12: 7
A13: GAROUA | B13: =I10 -> 22 | C13: =PLUV_133!C13+B13 -> 522 | D13: HOME | E13: =I17 -> 0 | F13: =PLUV_133!F13+E13 -> 765 | H13: MAYO-GALKE | I13: 0
A15: TOTAL JOURNALIER = | C15: =SUM(B9:B13)+SUM(E9:E13) -> 103 | D15: CUMUL GENERAL = | F15: =SUM(C9:C13)+SUM(F9:F13) -> 7939
H16: TOUBORO | I16: 0
H17: HOME | I17: 0
A18: Transmis le : | B18: =IFERROR(+I2+1,0) -> 44089

Sheet PLUV_135
A1: SODECOTON
H2: JOURNEE | I2: 44089
A3: PLUVIOMETRIE JOURNALIERE ET PAR PENTADE
H4: TABLEAU DE SAISI
B5: JOURNEE DU : | D5: =I2 -> 44089 | H5: STATION | I5: RELEVES
H6: MAROUA | I6: 18
A7: STATION | B7: RELEVES | D7: STATION | E7: RELEVES | H7: KAELE | I7: 18
B8: JOURNALIER | C8: CUMUL | E8: JOURNALIER | F8: CUMUL | H8: TCHATIBALI | I8: 0
A9: MAROUA | B9: =I6 -> 18 | C9: =PLUV_134!C9+B9 -> 949 | D9: NGONG | E9: =I11 -> 52 | F9: =PLUV_134!F9+E9 -> 656 | H9: GUIDER | I9: 0
A10: KAELE | B10: =I7 -> 18 | C10: =PLUV_134!C10+B10 -> 781 | D10: POLI | E10: =I12 -> 25 | F10: =PLUV_134!F10+E10 -> 1118 | H10: GAROUA | I10: 44
A11: TCHATIBALI | B11: =I8 -> 0 | C11: =PLUV_134!C11+B11 -> 719 | D11: MAYO-GALKE | E11: =I13 -> 19 | F11: =PLUV_134!F11+E11 -> 841 | H11: NGONG | I11: 52
A12: GUIDER | B12: =I9 -> 0 | C12: =PLUV_134!C12+B12 -> 576 | D12: TOUBORO | E12: =I16 -> 20 | F12: =PLUV_134!F12+E12 -> 1164 | H12: POLI | I12: 25
A13: GAROUA | B13: =I10 -> 44 | C13: =PLUV_134!C13+B13 -> 566 | D13: HOME | E13: =I17 -> 0 | F13: =PLUV_134!F13+E13 -> 765 | H13: MAYO-GALKE | I13: 19
A15: TOTAL JOURNALIER = | C15: =SUM(B9:B13)+SUM(E9:E13) -> 196 | D15: CUMUL GENERAL = | F15: =SUM(C9:C13)+SUM(F9:F13) -> 8135
H16: TOUBORO | I16: 20
H17: HOME | I17: 0
A18: Transmis le : | B18: =IFERROR(+I2+1,0) -> 44090

Sheet PLUV_136
A1: SODECOTON
H2: JOURNEE | I2: 44090
A3: PLUVIOMETRIE JOURNALIERE ET PAR PENTADE
H4: TABLEAU DE SAISI
B5: JOURNEE DU : | D5: =I2 -> 44090 | H5: STATION | I5: RELEVES
H6: MAROUA | I6: 10
A7: STATION | B7: RELEVES | D7: STATION | E7: RELEVES | H7: KAELE | I7: 24
B8: JOURNALIER | C8: CUMUL | E8: JOURNALIER | F8: CUMUL | H8: TCHATIBALI | I8: 11
A9: MAROUA | B9: =I6 -> 10 | C9: =PLUV_135!C9+B9 -> 959 | D9: NGONG | E9: =I11 -> 0 | F9: =PLUV_135!F9+E9 -> 656 | H9: GUIDER | I9: 44
A10: KAELE | B10: =I7 -> 24 | C10: =PLUV_135!C10+B10 -> 805 | D10: POLI | E10: =I12 -> 5 | F10: =PLUV_135!F10+E10 -> 1123 | H10: GAROUA | I10: 1
A11: TCHATIBALI | B11: =I8 -> 11 | C11: =PLUV_135!C11+B11 -> 730 | D11: MAYO-GALKE | E11: =I13 -> 2 | F11: =PLUV_135!F11+E11 -> 843 | H11: NGONG | I11: 0
A12: GUIDER | B12: =I9 -> 44 | C12: =PLUV_135!C12+B12 -> 620 | D12: TOUBORO | E12: =I16 -> 10 | F12: =PLUV_135!F12+E12 -> 1174 | H12: POLI | I12: 5
A13: GAROUA | B13: =I10 -> 1 | C13: =PLUV_135!C13+B13 -> 567 | D13: HOME | E13: =I17 -> 4 | F13: =PLUV_135!F13+E13 -> 769 | H13: MAYO-GALKE | I13: 2
A15: TOTAL JOURNALIER = | C15: =SUM(B9:B13)+SUM(E9:E13) -> 111 | D15: CUMUL GENERAL = | F15: =SUM(C9:C13)+SUM(F9:F13) -> 8246
H16: TOUBORO | I16: 10
H17: HOME | I17: 4
A18: Transmis le : | B18: =IFERROR(+I2+1,0) -> 44091

Sheet PLUV_137
A1: SODECOTON
H2: JOURNEE | I2: 44091
A3: PLUVIOMETRIE JOURNALIERE ET PAR PENTADE
H4: TABLEAU DE SAISI
B5: JOURNEE DU : | D5: =I2 -> 44091 | H5: STATION | I5: RELEVES
H6: MAROUA | I6: 0
A7: STATION | B7: RELEVES | D7: STATION | E7: RELEVES | H7: KAELE | I7: 1
B8: JOURNALIER | C8: CUMUL | E8: JOURNALIER | F8: CUMUL | H8: TCHATIBALI | I8: 1
A9: MAROUA | B9: =I6 -> 0 | C9: =PLUV_136!C9+B9 -> 959 | D9: NGONG | E9: =I11 -> 0 | F9: =PLUV_136!F9+E9 -> 656 | H9: GUIDER | I9: 0
A10: KAELE | B10: =I7 -> 1 | C10: =PLUV_136!C10+B10 -> 806 | D10: POLI | E10: =I12 -> 3 | F10: =PLUV_136!F10+E10 -> 1126 | H10: GAROUA | I10: 1
A11: TCHATIBALI | B11: =I8 -> 1 | C11: =PLUV_136!C11+B11 -> 731 | D11: MAYO-GALKE | E11: =I13 -> 0 | F11: =PLUV_136!F11+E11 -> 843 | H11: NGONG | I11: 0
A12: GUIDER | B12: =I9 -> 0 | C12: =PLUV_136!C12+B12 -> 620 | D12: TOUBORO | E12: =I16 -> 8 | F12: =PLUV_136!F12+E12 -> 1182 | H12: POLI | I12: 3
A13: GAROUA | B13: =I10 -> 1 | C13: =PLUV_136!C13+B13 -> 568 | D13: HOME | E13: =I17 -> 2 | F13: =PLUV_136!F13+E13 -> 771 | H13: MAYO-GALKE | I13: 0
A15: TOTAL JOURNALIER = | C15: =SUM(B9:B13)+SUM(E9:E13) -> 16 | D15: CUMUL GENERAL = | F15: =SUM(C9:C13)+SUM(F9:F13) -> 8262
H16: TOUBORO | I16: 8
H17: HOME | I17: 2
A18: Transmis le : | B18: =IFERROR(+I2+1,0) -> 44092

Sheet PLUV_138
A1: SODECOTON
H2: JOURNEE | I2: 44093
A3: PLUVIOMETRIE JOURNALIERE ET PAR PENTADE
H4: TABLEAU DE SAISI
B5: JOURNEE DU : | D5: =I2 -> 44093 | H5: STATION | I5: RELEVES
H6: MAROUA | I6: 9
A7: STATION | B7: RELEVES | D7: STATION | E7: RELEVES | H7: KAELE | I7: 11
B8: JOURNALIER | C8: CUMUL | E8: JOURNALIER | F8: CUMUL | H8: TCHATIBALI | I8: 0
A9: MAROUA | B9: =I6 -> 9 | C9: =PLUV_137!C9+B9 -> 968 | D9: NGONG | E9: =I11 -> 0 | F9: =PLUV_137!F9+E9 -> 656 | H9: GUIDER | I9: 5
A10: KAELE | B10: =I7 -> 11 | C10: =PLUV_137!C10+B10 -> 817 | D10: POLI | E10: =I12 -> 31 | F10: =PLUV_137!F10+E10 -> 1157 | H10: GAROUA | I10: 18
A11: TCHATIBALI | B11: =I8 -> 0 | C11: =PLUV_137!C11+B11 -> 731 | D11: MAYO-GALKE | E11: =I13 -> 16 | F11: =PLUV_137!F11+E11 -> 859 | H11: NGONG | I11: 0
A12: GUIDER | B12: =I9 -> 5 | C12: =PLUV_137!C12+B12 -> 625 | D12: TOUBORO | E12: =I16 -> 0 | F12: =PLUV_137!F12+E12 -> 1182 | H12: POLI | I12: 31
A13: GAROUA | B13: =I10 -> 18 | C13: =PLUV_137!C13+B13 -> 586 | D13: HOME | E13: =I17 -> 0 | F13: =PLUV_137!F13+E13 -> 771 | H13: MAYO-GALKE | I13: 16
A15: TOTAL JOURNALIER = | C15: =SUM(B9:B13)+SUM(E9:E13) -> 90 | D15: CUMUL GENERAL = | F15: =SUM(C9:C13)+SUM(F9:F13) -> 8352
H16: TOUBORO | I16: 0
H17: HOME | I17: 0
A18: Transmis le : | B18: =IFERROR(+I2+1,0) -> 44094

Sheet PLUV_139
A1: SODECOTON
H2: JOURNEE | I2: 44094
A3: PLUVIOMETRIE JOURNALIERE ET PAR PENTADE
H4: TABLEAU DE SAISI
B5: JOURNEE DU : | D5: =I2 -> 44094 | H5: STATION | I5: RELEVES
H6: MAROUA | I6: 1
A7: STATION | B7: RELEVES | D7: STATION | E7: RELEVES | H7: KAELE | I7: 23
B8: JOURNALIER | C8: CUMUL | E8: JOURNALIER | F8: CUMUL | H8: TCHATIBALI | I8: 4
A9: MAROUA | B9: =I6 -> 1 | C9: =PLUV_138!C9+B9 -> 969 | D9: NGONG | E9: =I11 -> 5 | F9: =PLUV_138!F9+E9 -> 661 | H9: GUIDER | I9: 46
A10: KAELE | B10: =I7 -> 23 | C10: =PLUV_138!C10+B10 -> 840 | D10: POLI | E10: =I12 -> 0 | F10: =PLUV_138!F10+E10 -> 1157 | H10: GAROUA | I10: 0
A11: TCHATIBALI | B11: =I8 -> 4 | C11: =PLUV_138!C11+B11 -> 735 | D11: MAYO-GALKE | E11: =I13 -> 0 | F11: =PLUV_138!F11+E11 -> 859 | H11: NGONG | I11: 5
A12: GUIDER | B12: =I9 -> 46 | C12: =PLUV_138!C12+B12 -> 671 | D12: TOUBORO | E12: =I16 -> 0 | F12: =PLUV_138!F12+E12 -> 1182 | H12: POLI | I12: 0
A13: GAROUA | B13: =I10 -> 0 | C13: =PLUV_138!C13+B13 -> 586 | D13: HOME | E13: =I17 -> 2 | F13: =PLUV_138!F13+E13 -> 773 | H13: MAYO-GALKE | I13: 0
A15: TOTAL JOURNALIER = | C15: =SUM(B9:B13)+SUM(E9:E13) -> 81 | D15: CUMUL GENERAL = | F15: =SUM(C9:C13)+SUM(F9:F13) -> 8433
H16: TOUBORO | I16: 0
H17: HOME | I17: 2
A18: Transmis le : | B18: =IFERROR(+I2+1,0) -> 44095

Sheet PLUV_140
A1: SODECOTON
H2: JOURNEE | I2: 44095
A3: PLUVIOMETRIE JOURNALIERE ET PAR PENTADE
H4: TABLEAU DE SAISI
B5: JOURNEE DU : | D5: =I2 -> 44095 | H5: STATION | I5: RELEVES
H6: MAROUA | I6: 0
A7: STATION | B7: RELEVES | D7: STATION | E7: RELEVES | H7: KAELE | I7: 0
B8: JOURNALIER | C8: CUMUL | E8: JOURNALIER | F8: CUMUL | H8: TCHATIBALI | I8: 0
A9: MAROUA | B9: =I6 -> 0 | C9: =PLUV_139!C9+B9 -> 969 | D9: NGONG | E9: =I11 -> 0 | F9: =PLUV_139!F9+E9 -> 661 | H9: GUIDER | I9: 0
A10: KAELE | B10: =I7 -> 0 | C10: =PLUV_139!C10+B10 -> 840 | D10: POLI | E10: =I12 -> 0 | F10: =PLUV_139!F10+E10 -> 1157 | H10: GAROUA | I10: 0
A11: TCHATIBALI | B11: =I8 -> 0 | C11: =PLUV_139!C11+B11 -> 735 | D11: MAYO-GALKE | E11: =I13 -> 0 | F11: =PLUV_139!F11+E11 -> 859 | H11: NGONG | I11: 0
A12: GUIDER | B12: =I9 -> 0 | C12: =PLUV_139!C12+B12 -> 671 | D12: TOUBORO | E12: =I16 -> 2 | F12: =PLUV_139!F12+E12 -> 1184 | H12: POLI | I12: 0
A13: GAROUA | B13: =I10 -> 0 | C13: =PLUV_139!C13+B13 -> 586 | D13: HOME | E13: =I17 -> 0 | F13: =PLUV_139!F13+E13 -> 773 | H13: MAYO-GALKE | I13: 0
A15: TOTAL JOURNALIER = | C15: =SUM(B9:B13)+SUM(E9:E13) -> 2 | D15: CUMUL GENERAL = | F15: =SUM(C9:C13)+SUM(F9:F13) -> 8435
H16: TOUBORO | I16: 2
H17: HOME | I17: 0
A18: Transmis le : | B18: =IFERROR(+I2+1,0) -> 44096

Sheet PLUV_141
A1: SODECOTON
H2: JOURNEE | I2: 44096
A3: PLUVIOMETRIE JOURNALIERE ET PAR PENTADE
H4: TABLEAU DE SAISI
B5: JOURNEE DU : | D5: =I2 -> 44096 | H5: STATION | I5: RELEVES
H6: MAROUA | I6: 0
A7: STATION | B7: RELEVES | D7: STATION | E7: RELEVES | H7: KAELE | I7: 0
B8: JOURNALIER | C8: CUMUL | E8: JOURNALIER | F8: CUMUL | H8: TCHATIBALI | I8: 0
A9: MAROUA | B9: =I6 -> 0 | C9: =PLUV_140!C9+B9 -> 969 | D9: NGONG | E9: =I11 -> 0 | F9: =PLUV_140!F9+E9 -> 661 | H9: GUIDER | I9: 0
A10: KAELE | B10: =I7 -> 0 | C10: =PLUV_140!C10+B10 -> 840 | D10: POLI | E10: =I12 -> 0 | F10: =PLUV_140!F10+E10 -> 1157 | H10: GAROUA | I10: 0
A11: TCHATIBALI | B11: =I8 -> 0 | C11: =PLUV_140!C11+B11 -> 735 | D11: MAYO-GALKE | E11: =I13 -> 0 | F11: =PLUV_140!F11+E11 -> 859 | H11: NGONG | I11: 0
A12: GUIDER | B12: =I9 -> 0 | C12: =PLUV_140!C12+B12 -> 671 | D12: TOUBORO | E12: =I16 -> 35 | F12: =PLUV_140!F12+E12 -> 1219 | H12: POLI | I12: 0
A13: GAROUA | B13: =I10 -> 0 | C13: =PLUV_140!C13+B13 -> 586 | D13: HOME | E13: =I17 -> 3 | F13: =PLUV_140!F13+E13 -> 776 | H13: MAYO-GALKE | I13: 0
A15: TOTAL JOURNALIER = | C15: =SUM(B9:B13)+SUM(E9:E13) -> 38 | D15: CUMUL GENERAL = | F15: =SUM(C9:C13)+SUM(F9:F13) -> 8473
H16: TOUBORO | I16: 35
H17: HOME | I17: 3
A18: Transmis le : | B18: =IFERROR(+I2+1,0) -> 44097

Sheet PLUV_142
A1: SODECOTON
H2: JOURNEE | I2: 44097
A3: PLUVIOMETRIE JOURNALIERE ET PAR PENTADE
H4: TABLEAU DE SAISI
B5: JOURNEE DU : | D5: =I2 -> 44097 | H5: STATION | I5: RELEVES
H6: MAROUA | I6: 0
A7: STATION | B7: RELEVES | D7: STATION | E7: RELEVES | H7: KAELE | I7: 0
B8: JOURNALIER | C8: CUMUL | E8: JOURNALIER | F8: CUMUL | H8: TCHATIBALI | I8: 0
A9: MAROUA | B9: =I6 -> 0 | C9: =PLUV_141!C9+B9 -> 969 | D9: NGONG | E9: =I11 -> 0 | F9: =PLUV_141!F9+E9 -> 661 | H9: GUIDER | I9: 0
A10: KAELE | B10: =I7 -> 0 | C10: =PLUV_141!C10+B10 -> 840 | D10: POLI | E10: =I12 -> 5 | F10: =PLUV_141!F10+E10 -> 1162 | H10: GAROUA | I10: 10
A11: TCHATIBALI | B11: =I8 -> 0 | C11: =PLUV_141!C11+B11 -> 735 | D11: MAYO-GALKE | E11: =I13 -> 10 | F11: =PLUV_141!F11+E11 -> 869 | H11: NGONG | I11: 0
A12: GUIDER | B12: =I9 -> 0 | C12: =PLUV_141!C12+B12 -> 671 | D12: TOUBORO | E12: =I16 -> 5 | F12: =PLUV_141!F12+E12 -> 1224 | H12: POLI | I12: 5
A13: GAROUA | B13: =I10 -> 10 | C13: =PLUV_141!C13+B13 -> 596 | D13: HOME | E13: =I17 -> 0 | F13: =PLUV_141!F13+E13 -> 776 | H13: MAYO-GALKE | I13: 10
A15: TOTAL JOURNALIER = | C15: =SUM(B9:B13)+SUM(E9:E13) -> 30 | D15: CUMUL GENERAL = | F15: =SUM(C9:C13)+SUM(F9:F13) -> 8503
H16: TOUBORO | I16: 5
H17: HOME | I17: 0
A18: Transmis le : | B18: =IFERROR(+I2+1,0) -> 44098

Sheet PLUV_143
A1: SODECOTON
H2: JOURNEE | I2: 44098
A3: PLUVIOMETRIE JOURNALIERE ET PAR PENTADE
H4: TABLEAU DE SAISI
B5: JOURNEE DU : | D5: =I2 -> 44098 | H5: STATION | I5: RELEVES
H6: MAROUA | I6: 0
A7: STATION | B7: RELEVES | D7: STATION | E7: RELEVES | H7: KAELE | I7: 0
B8: JOURNALIER | C8: CUMUL | E8: JOURNALIER | F8: CUMUL | H8: TCHATIBALI | I8: 0
A9: MAROUA | B9: =I6 -> 0 | C9: =PLUV_142!C9+B9 -> 969 | D9: NGONG | E9: =I11 -> 0 | F9: =PLUV_142!F9+E9 -> 661 | H9: GUIDER | I9: 0
A10: KAELE | B10: =I7 -> 0 | C10: =PLUV_142!C10+B10 -> 840 | D10: POLI | E10: =I12 -> 0 | F10: =PLUV_142!F10+E10 -> 1162 | H10: GAROUA | I10: 0
A11: TCHATIBALI | B11: =I8 -> 0 | C11: =PLUV_142!C11+B11 -> 735 | D11: MAYO-GALKE | E11: =I13 -> 0 | F11: =PLUV_142!F11+E11 -> 869 | H11: NGONG | I11: 0
A12: GUIDER | B12: =I9 -> 0 | C12: =PLUV_142!C12+B12 -> 671 | D12: TOUBORO | E12: =I16 -> 0 | F12: =PLUV_142!F12+E12 -> 1224 | H12: POLI | I12: 0
A13: GAROUA | B13: =I10 -> 0 | C13: =PLUV_142!C13+B13 -> 596 | D13: HOME | E13: =I17 -> 44 | F13: =PLUV_142!F13+E13 -> 820 | H13: MAYO-GALKE | I13: 0
A15: TOTAL JOURNALIER = | C15: =SUM(B9:B13)+SUM(E9:E13) -> 44 | D15: CUMUL GENERAL = | F15: =SUM(C9:C13)+SUM(F9:F13) -> 8547
H16: TOUBORO | I16: 0
H17: HOME | I17: 44
A18: Transmis le : | B18: =IFERROR(+I2+1,0) -> 44099

Sheet PLUV_144
A1: SODECOTON
H2: JOURNEE | I2: 44099
A3: PLUVIOMETRIE JOURNALIERE ET PAR PENTADE
H4: TABLEAU DE SAISI
B5: JOURNEE DU : | D5: =I2 -> 44099 | H5: STATION | I5: RELEVES
H6: MAROUA | I6: 25
A7: STATION | B7: RELEVES | D7: STATION | E7: RELEVES | H7: KAELE | I7: 10
B8: JOURNALIER | C8: CUMUL | E8: JOURNALIER | F8: CUMUL | H8: TCHATIBALI | I8: 31
A9: MAROUA | B9: =I6 -> 25 | C9: =PLUV_143!C9+B9 -> 994 | D9: NGONG | E9: =I11 -> 8 | F9: =PLUV_143!F9+E9 -> 669 | H9: GUIDER | I9: 26
A10: KAELE | B10: =I7 -> 10 | C10: =PLUV_143!C10+B10 -> 850 | D10: POLI | E10: =I12 -> 14 | F10: =PLUV_143!F10+E10 -> 1176 | H10: GAROUA | I10: 14
A11: TCHATIBALI | B11: =I8 -> 31 | C11: =PLUV_143!C11+B11 -> 766 | D11: MAYO-GALKE | E11: =I13 -> 7 | F11: =PLUV_143!F11+E11 -> 876 | H11: NGONG | I11: 8
A12: GUIDER | B12: =I9 -> 26 | C12: =PLUV_143!C12+B12 -> 697 | D12: TOUBORO | E12: =I16 -> 0 | F12: =PLUV_143!F12+E12 -> 1224 | H12: POLI | I12: 14
A13: GAROUA | B13: =I10 -> 14 | C13: =PLUV_143!C13+B13 -> 610 | D13: HOME | E13: =I17 -> 0 | F13: =PLUV_143!F13+E13 -> 820 | H13: MAYO-GALKE | I13: 7
A15: TOTAL JOURNALIER = | C15: =SUM(B9:B13)+SUM(E9:E13) -> 135 | D15: CUMUL GENERAL = | F15: =SUM(C9:C13)+SUM(F9:F13) -> 8682
H16: TOUBORO | I16: 0
H17: HOME | I17: 0
A18: Transmis le : | B18: =IFERROR(+I2+1,0) -> 44100

Sheet PLUV_145
A1: SODECOTON
H2: JOURNEE | I2: 44100
A3: PLUVIOMETRIE JOURNALIERE ET PAR PENTADE
H4: TABLEAU DE SAISI
B5: JOURNEE DU : | D5: =I2 -> 44100 | H5: STATION | I5: RELEVES
H6: MAROUA | I6: 0
A7: STATION | B7: RELEVES | D7: STATION | E7: RELEVES | H7: KAELE | I7: 1
B8: JOURNALIER | C8: CUMUL | E8: JOURNALIER | F8: CUMUL | H8: TCHATIBALI | I8: 0
A9: MAROUA | B9: =I6 -> 0 | C9: =PLUV_144!C9+B9 -> 994 | D9: NGONG | E9: =I11 -> 21 | F9: =PLUV_144!F9+E9 -> 690 | H9: GUIDER | I9: 0
A10: KAELE | B10: =I7 -> 1 | C10: =PLUV_144!C10+B10 -> 851 | D10: POLI | E10: =I12 -> 9 | F10: =PLUV_144!F10+E10 -> 1185 | H10: GAROUA | I10: 52
A11: TCHATIBALI | B11: =I8 -> 0 | C11: =PLUV_144!C11+B11 -> 766 | D11: MAYO-GALKE | E11: =I13 -> 25 | F11: =PLUV_144!F11+E11 -> 901 | H11: NGONG | I11: 21
A12: GUIDER | B12: =I9 -> 0 | C12: =PLUV_144!C12+B12 -> 697 | D12: TOUBORO | E12: =I16 -> 18 | F12: =PLUV_144!F12+E12 -> 1242 | H12: POLI | I12: 9
A13: GAROUA | B13: =I10 -> 52 | C13: =PLUV_144!C13+B13 -> 662 | D13: HOME | E13: =I17 -> 8 | F13: =PLUV_144!F13+E13 -> 828 | H13: MAYO-GALKE | I13: 25
A15: TOTAL JOURNALIER = | C15: =SUM(B9:B13)+SUM(E9:E13) -> 134 | D15: CUMUL GENERAL = | F15: =SUM(C9:C13)+SUM(F9:F13) -> 8816
H16: TOUBORO | I16: 18
H17: HOME | I17: 8
A18: Transmis le : | B18: =IFERROR(+I2+1,0) -> 44101

Sheet PLUV_146
A1: SODECOTON
H2: JOURNEE | I2: 44101
A3: PLUVIOMETRIE JOURNALIERE ET PAR PENTADE
H4: TABLEAU DE SAISI
B5: JOURNEE DU : | D5: =I2 -> 44101 | H5: STATION | I5: RELEVES
H6: MAROUA | I6: 0
A7: STATION | B7: RELEVES | D7: STATION | E7: RELEVES | H7: KAELE | I7: 0
B8: JOURNALIER | C8: CUMUL | E8: JOURNALIER | F8: CUMUL | H8: TCHATIBALI | I8: 0
A9: MAROUA | B9: =I6 -> 0 | C9: =PLUV_145!C9+B9 -> 994 | D9: NGONG | E9: =I11 -> 0 | F9: =PLUV_145!F9+E9 -> 690 | H9: GUIDER | I9: 0
A10: KAELE | B10: =I7 -> 0 | C10: =PLUV_145!C10+B10 -> 851 | D10: POLI | E10: =I12 -> 0 | F10: =PLUV_145!F10+E10 -> 1185 | H10: GAROUA | I10: 0
A11: TCHATIBALI | B11: =I8 -> 0 | C11: =PLUV_145!C11+B11 -> 766 | D11: MAYO-GALKE | E11: =I13 -> 0 | F11: =PLUV_145!F11+E11 -> 901 | H11: NGONG | I11: 0
A12: GUIDER | B12: =I9 -> 0 | C12: =PLUV_145!C12+B12 -> 697 | D12: TOUBORO | E12: =I16 -> 6 | F12: =PLUV_145!F12+E12 -> 1248 | H12: POLI | I12: 0
A13: GAROUA | B13: =I10 -> 0 | C13: =PLUV_145!C13+B13 -> 662 | D13: HOME | E13: =I17 -> 6 | F13: =PLUV_145!F13+E13 -> 834 | H13: MAYO-GALKE | I13: 0
A15: TOTAL JOURNALIER = | C15: =SUM(B9:B13)+SUM(E9:E13) -> 12 | D15: CUMUL GENERAL = | F15: =SUM(C9:C13)+SUM(F9:F13) -> 8828
H16: TOUBORO | I16: 6
H17: HOME | I17: 6
A18: Transmis le : | B18: =IFERROR(+I2+1,0) -> 44102

Sheet PLUV_147
A1: SODECOTON
H2: JOURNEE | I2: 44102
A3: PLUVIOMETRIE JOURNALIERE ET PAR PENTADE
H4: TABLEAU DE SAISI
B5: JOURNEE DU : | D5: =I2 -> 44102 | H5: STATION
H6: MAROUA | I6: 20
A7: STATION | B7: RELEVES | D7: STATION | E7: RELEVES | H7: KAELE | I7: 25
B8: JOURNALIER | C8: CUMUL | E8: JOURNALIER | F8: CUMUL | H8: TCHATIBALI | I8: 16
A9: MAROUA | B9: =I6 -> 20 | C9: =PLUV_146!C9+B9 -> 1014 | D9: NGONG | E9: =I11 -> 7 | F9: =PLUV_146!F9+E9 -> 697 | H9: GUIDER | I9: 33
A10: KAELE | B10: =I7 -> 25 | C10: =PLUV_146!C10+B10 -> 876 | D10: POLI | E10: =I12 -> 24 | F10: =PLUV_146!F10+E10 -> 1209 | H10: GAROUA | I10: 21
A11: TCHATIBALI | B11: =I8 -> 16 | C11: =PLUV_146!C11+B11 -> 782 | D11: MAYO-GALKE | E11: =I13 -> 8 | F11: =PLUV_146!F11+E11 -> 909 | H11: NGONG | I11: 7
A12: GUIDER | B12: =I9 -> 33 | C12: =PLUV_146!C12+B12 -> 730 | D12: TOUBORO | E12: =I16 -> 20 | F12: =PLUV_146!F12+E12 -> 1268 | H12: POLI | I12: 24
A13: GAROUA | B13: =I10 -> 21 | C13: =PLUV_146!C13+B13 -> 683 | D13: HOME | E13: =I17 -> 82 | F13: =PLUV_146!F13+E13 -> 916 | H13: MAYO-GALKE | I13: 8
A15: TOTAL JOURNALIER = | C15: =SUM(B9:B13)+SUM(E9:E13) -> 256 | D15: CUMUL GENERAL = | F15: =SUM(C9:C13)+SUM(F9:F13) -> 9084
H16: TOUBORO | I16: 20
H17: HOME | I17: 82
A18: Transmis le : | B18: =IFERROR(+I2+1,0) -> 44103

Sheet PLUV_148
A1: SODECOTON
H2: JOURNEE | I2: 44103
A3: PLUVIOMETRIE JOURNALIERE ET PAR PENTADE
H4: TABLEAU DE SAISI
B5: JOURNEE DU : | D5: =I2 -> 44103 | H5: STATION | I5: RELEVES
H6: MAROUA | I6: 0
A7: STATION | B7: RELEVES | D7: STATION | E7: RELEVES | H7: KAELE | I7: 0
B8: JOURNALIER | C8: CUMUL | E8: JOURNALIER | F8: CUMUL | H8: TCHATIBALI | I8: 0
A9: MAROUA | B9: =I6 -> 0 | C9: =PLUV_147!C9+B9 -> 1014 | D9: NGONG | E9: =I11 -> 0 | F9: =PLUV_147!F9+E9 -> 697 | H9: GUIDER | I9: 0
A10: KAELE | B10: =I7 -> 0 | C10: =PLUV_147!C10+B10 -> 876 | D10: POLI | E10: =I12 -> 4 | F10: =PLUV_147!F10+E10 -> 1213 | H10: GAROUA | I10: 0
A11: TCHATIBALI | B11: =I8 -> 0 | C11: =PLUV_147!C11+B11 -> 782 | D11: MAYO-GALKE | E11: =I13 -> 0 | F11: =PLUV_147!F11+E11 -> 909 | H11: NGONG | I11: 0
A12: GUIDER | B12: =I9 -> 0 | C12: =PLUV_147!C12+B12 -> 730 | D12: TOUBORO | E12: =I16 -> 0 | F12: =PLUV_147!F12+E12 -> 1268 | H12: POLI | I12: 4
A13: GAROUA | B13: =I10 -> 0 | C13: =PLUV_147!C13+B13 -> 683 | D13: HOME | E13: =I17 -> 1 | F13: =PLUV_147!F13+E13 -> 917 | H13: MAYO-GALKE | I13: 0
A15: TOTAL JOURNALIER = | C15: =SUM(B9:B13)+SUM(E9:E13) -> 5 | D15: CUMUL GENERAL = | F15: =SUM(C9:C13)+SUM(F9:F13) -> 9089
H16: TOUBORO | I16: 0
H17: HOME | I17: 1
A18: Transmis le : | B18: =IFERROR(+I2+1,0) -> 44104

Sheet PLUV_149
A1: SODECOTON
H2: JOURNEE | I2: 44104
A3: PLUVIOMETRIE JOURNALIERE ET PAR PENTADE
H4: TABLEAU DE SAISI
B5: JOURNEE DU : | D5: =I2 -> 44104 | H5: STATION | I5: RELEVES
H6: MAROUA | I6: 0
A7: STATION | B7: RELEVES | D7: STATION | E7: RELEVES | H7: KAELE | I7: 0
B8: JOURNALIER | C8: CUMUL | E8: JOURNALIER | F8: CUMUL | H8: TCHATIBALI | I8: 0
A9: MAROUA | B9: =I6 -> 0 | C9: =PLUV_148!C9+B9 -> 1014 | D9: NGONG | E9: =I11 -> 0 | F9: =PLUV_148!F9+E9 -> 697 | H9: GUIDER | I9: 0
A10: KAELE | B10: =I7 -> 0 | C10: =PLUV_148!C10+B10 -> 876 | D10: POLI | E10: =I12 -> 0 | F10: =PLUV_148!F10+E10 -> 1213 | H10: GAROUA | I10: 0
A11: TCHATIBALI | B11: =I8 -> 0 | C11: =PLUV_148!C11+B11 -> 782 | D11: MAYO-GALKE | E11: =I13 -> 0 | F11: =PLUV_148!F11+E11 -> 909 | H11: NGONG | I11: 0
A12: GUIDER | B12: =I9 -> 0 | C12: =PLUV_148!C12+B12 -> 730 | D12: TOUBORO | E12: =I16 -> 8 | F12: =PLUV_148!F12+E12 -> 1276 | H12: POLI | I12: 0
A13: GAROUA | B13: =I10 -> 0 | C13: =PLUV_148!C13+B13 -> 683 | D13: HOME | E13: =I17 -> 0 | F13: =PLUV_148!F13+E13 -> 917 | H13: MAYO-GALKE | I13: 0
A15: TOTAL JOURNALIER = | C15: =SUM(B9:B13)+SUM(E9:E13) -> 8 | D15: CUMUL GENERAL = | F15: =SUM(C9:C13)+SUM(F9:F13) -> 9097
H16: TOUBORO | I16: 8
H17: HOME | I17: 0
A18: Transmis le : | B18: =IFERROR(+I2+1,0) -> 44105

Sheet PLUV_150
A1: SODECOTON
H2: JOURNEE | I2: 44105
A3: PLUVIOMETRIE JOURNALIERE ET PAR PENTADE
H4: TABLEAU DE SAISI
B5: JOURNEE DU : | D5: =I2 -> 44105 | H5: STATION | I5: RELEVES
H6: MAROUA | I6: 0
A7: STATION | B7: RELEVES | D7: STATION | E7: RELEVES | H7: KAELE | I7: 12
B8: JOURNALIER | C8: CUMUL | E8: JOURNALIER | F8: CUMUL | H8: TCHATIBALI | I8: 2
A9: MAROUA | B9: =I6 -> 0 | C9: =PLUV_149!C9+B9 -> 1014 | D9: NGONG | E9: =I11 -> 3 | F9: =PLUV_149!F9+E9 -> 700 | H9: GUIDER | I9: 0
A10: KAELE | B10: =I7 -> 12 | C10: =PLUV_149!C10+B10 -> 888 | D10: POLI | E10: =I12 -> 43 | F10: =PLUV_149!F10+E10 -> 1256 | H10: GAROUA | I10: 28
A11: TCHATIBALI | B11: =I8 -> 2 | C11: =PLUV_149!C11+B11 -> 784 | D11: MAYO-GALKE | E11: =I13 -> 11 | F11: =PLUV_149!F11+E11 -> 920 | H11: NGONG | I11: 3
A12: GUIDER | B12: =I9 -> 0 | C12: =PLUV_149!C12+B12 -> 730 | D12: TOUBORO | E12: =I16 -> 56 | F12: =PLUV_149!F12+E12 -> 1332 | H12: POLI | I12: 43
A13: GAROUA | B13: =I10 -> 28 | C13: =PLUV_149!C13+B13 -> 711 | D13: HOME | E13: =I17 -> 8 | F13: =PLUV_149!F13+E13 -> 925 | H13: MAYO-GALKE | I13: 11
A15: TOTAL JOURNALIER = | C15: =SUM(B9:B13)+SUM(E9:E13) -> 163 | D15: CUMUL GENERAL = | F15: =SUM(C9:C13)+SUM(F9:F13) -> 9260
H16: TOUBORO | I16: 56
H17: HOME | I17: 8
A18: Transmis le : | B18: =IFERROR(+I2+1,0) -> 44106

Sheet PLUV_151
A1: SODECOTON
H2: JOURNEE | I2: 44106
A3: PLUVIOMETRIE JOURNALIERE ET PAR PENTADE
H4: TABLEAU DE SAISI
B5: JOURNEE DU : | D5: =I2 -> 44106 | H5: STATION | I5: RELEVES
H6: MAROUA | I6: 33
A7: STATION | B7: RELEVES | D7: STATION | E7: RELEVES | H7: KAELE | I7: 11
B8: JOURNALIER | C8: CUMUL | E8: JOURNALIER | F8: CUMUL | H8: TCHATIBALI | I8: 0
A9: MAROUA | B9: =I6 -> 33 | C9: =PLUV_150!C9+B9 -> 1047 | D9: NGONG | E9: =I11 -> 0 | F9: =PLUV_150!F9+E9 -> 700 | H9: GUIDER | I9: 19
A10: KAELE | B10: =I7 -> 11 | C10: =PLUV_150!C10+B10 -> 899 | D10: POLI | E10: =I12 -> 9 | F10: =PLUV_150!F10+E10 -> 1265 | H10: GAROUA | I10: 2
A11: TCHATIBALI | B11: =I8 -> 0 | C11: =PLUV_150!C11+B11 -> 784 | D11: MAYO-GALKE | E11: =I13 -> 0 | F11: =PLUV_150!F11+E11 -> 920 | H11: NGONG | I11: 0
A12: GUIDER | B12: =I9 -> 19 | C12: =PLUV_150!C12+B12 -> 749 | D12: TOUBORO | E12: =I16 -> 0 | F12: =PLUV_150!F12+E12 -> 1332 | H12: POLI | I12: 9
A13: GAROUA | B13: =I10 -> 2 | C13: =PLUV_150!C13+B13 -> 713 | D13: HOME | E13: =I17 -> 0 | F13: =PLUV_150!F13+E13 -> 925 | H13: MAYO-GALKE | I13: 0
A15: TOTAL JOURNALIER = | C15: =SUM(B9:B13)+SUM(E9:E13) -> 74 | D15: CUMUL GENERAL = | F15: =SUM(C9:C13)+SUM(F9:F13) -> 9334
H16: TOUBORO | I16: 0
H17: HOME | I17: 0
A18: Transmis le : | B18: =IFERROR(+I2+1,0) -> 44107

Sheet PLUV_152
A1: SODECOTON
H2: JOURNEE | I2: 44107
A3: PLUVIOMETRIE JOURNALIERE ET PAR PENTADE
H4: TABLEAU DE SAISI
B5: JOURNEE DU : | D5: =I2 -> 44107 | H5: STATION | I5: RELEVES
H6: MAROUA | I6: 0
A7: STATION | B7: RELEVES | D7: STATION | E7: RELEVES | H7: KAELE | I7: 0
B8: JOURNALIER | C8: CUMUL | E8: JOURNALIER | F8: CUMUL | H8: TCHATIBALI | I8: 0
A9: MAROUA | B9: =I6 -> 0 | C9: =PLUV_151!C9+B9 -> 1047 | D9: NGONG | E9: =I11 -> 0 | F9: =PLUV_151!F9+E9 -> 700 | H9: GUIDER | I9: 0
A10: KAELE | B10: =I7 -> 0 | C10: =PLUV_151!C10+B10 -> 899 | D10: POLI | E10: =I12 -> 0 | F10: =PLUV_151!F10+E10 -> 1265 | H10: GAROUA | I10: 0
A11: TCHATIBALI | B11: =I8 -> 0 | C11: =PLUV_151!C11+B11 -> 784 | D11: MAYO-GALKE | E11: =I13 -> 0 | F11: =PLUV_151!F11+E11 -> 920 | H11: NGONG | I11: 0
A12: GUIDER | B12: =I9 -> 0 | C12: =PLUV_151!C12+B12 -> 749 | D12: TOUBORO | E12: =I16 -> 13 | F12: =PLUV_151!F12+E12 -> 1345 | H12: POLI | I12: 0
A13: GAROUA | B13: =I10 -> 0 | C13: =PLUV_151!C13+B13 -> 713 | D13: HOME | E13: =I17 -> 0 | F13: =PLUV_151!F13+E13 -> 925 | H13: MAYO-GALKE | I13: 0
A15: TOTAL JOURNALIER = | C15: =SUM(B9:B13)+SUM(E9:E13) -> 13 | D15: CUMUL GENERAL = | F15: =SUM(C9:C13)+SUM(F9:F13) -> 9347
H16: TOUBORO | I16: 13
H17: HOME | I17: 0
A18: Transmis le : | B18: =IFERROR(+I2+1,0) -> 44108

Sheet PLUV_153
A1: SODECOTON
H2: JOURNEE | I2: 44108
A3: PLUVIOMETRIE JOURNALIERE ET PAR PENTADE
H4: TABLEAU DE SAISI
B5: JOURNEE DU : | D5: =I2 -> 44108 | H5: STATION | I5: RELEVES
H6: MAROUA | I6: 0
A7: STATION | B7: RELEVES | D7: STATION | E7: RELEVES | H7: KAELE | I7: 0
B8: JOURNALIER | C8: CUMUL | E8: JOURNALIER | F8: CUMUL | H8: TCHATIBALI | I8: 11
A9: MAROUA | B9: =I6 -> 0 | C9: =PLUV_152!C9+B9 -> 1047 | D9: NGONG | E9: =I11 -> 8 | F9: =PLUV_152!F9+E9 -> 708 | H9: GUIDER | I9: 0
A10: KAELE | B10: =I7 -> 0 | C10: =PLUV_152!C10+B10 -> 899 | D10: POLI | E10: =I12 -> 3 | F10: =PLUV_152!F10+E10 -> 1268 | H10: GAROUA | I10: 0
A11: TCHATIBALI | B11: =I8 -> 11 | C11: =PLUV_152!C11+B11 -> 795 | D11: MAYO-GALKE | E11: =I13 -> 0 | F11: =PLUV_152!F11+E11 -> 920 | H11: NGONG | I11: 8
A12: GUIDER | B12: =I9 -> 0 | C12: =PLUV_152!C12+B12 -> 749 | D12: TOUBORO | E12: =I16 -> 0 | F12: =PLUV_152!F12+E12 -> 1345 | H12: POLI | I12: 3
A13: GAROUA | B13: =I10 -> 0 | C13: =PLUV_152!C13+B13 -> 713 | D13: HOME | E13: =I17 -> 0 | F13: =PLUV_152!F13+E13 -> 925 | H13: MAYO-GALKE | I13: 0
A15: TOTAL JOURNALIER = | C15: =SUM(B9:B13)+SUM(E9:E13) -> 22 | D15: CUMUL GENERAL = | F15: =SUM(C9:C13)+SUM(F9:F13) -> 9369
H16: TOUBORO | I16: 0
H17: HOME | I17: 0
A18: Transmis le : | B18: =IFERROR(+I2+1,0) -> 44109

Sheet PLUV_154
A1: SODECOTON
H2: JOURNEE | I2: 44109
A3: PLUVIOMETRIE JOURNALIERE ET PAR PENTADE
H4: TABLEAU DE SAISI
B5: JOURNEE DU : | D5: =I2 -> 44109 | H5: STATION | I5: RELEVES
H6: MAROUA | I6: 1
A7: STATION | B7: RELEVES | D7: STATION | E7: RELEVES | H7: KAELE | I7: 22
B8: JOURNALIER | C8: CUMUL | E8: JOURNALIER | F8: CUMUL | H8: TCHATIBALI | I8: 0
A9: MAROUA | B9: =I6 -> 1 | C9: =PLUV_153!C9+B9 -> 1048 | D9: NGONG | E9: =I11 -> 30 | F9: =PLUV_153!F9+E9 -> 738 | H9: GUIDER | I9: 6
A10: KAELE | B10: =I7 -> 22 | C10: =PLUV_153!C10+B10 -> 921 | D10: POLI | E10: =I12 -> 4 | F10: =PLUV_153!F10+E10 -> 1272 | H10: GAROUA | I10: 14
A11: TCHATIBALI | B11: =I8 -> 0 | C11: =PLUV_153!C11+B11 -> 795 | D11: MAYO-GALKE | E11: =I13 -> 10 | F11: =PLUV_153!F11+E11 -> 930 | H11: NGONG | I11: 30
A12: GUIDER | B12: =I9 -> 6 | C12: =PLUV_153!C12+B12 -> 755 | D12: TOUBORO | E12: =I16 -> 0 | F12: =PLUV_153!F12+E12 -> 1345 | H12: POLI | I12: 4
A13: GAROUA | B13: =I10 -> 14 | C13: =PLUV_153!C13+B13 -> 727 | D13: HOME | E13: =I17 -> 5 | F13: =PLUV_153!F13+E13 -> 930 | H13: MAYO-GALKE | I13: 10
A15: TOTAL JOURNALIER = | C15: =SUM(B9:B13)+SUM(E9:E13) -> 92 | D15: CUMUL GENERAL = | F15: =SUM(C9:C13)+SUM(F9:F13) -> 9461
H16: TOUBORO | I16: 0
H17: HOME | I17: 5
A18: Transmis le : | B18: =IFERROR(+I2+1,0) -> 44110

Sheet PLUV_155
A1: SODECOTON
H2: JOURNEE | I2: 44110
A3: PLUVIOMETRIE JOURNALIERE ET PAR PENTADE
H4: TABLEAU DE SAISI
B5: JOURNEE DU : | D5: =I2 -> 44110 | H5: STATION | I5: RELEVES
H6: MAROUA | I6: 0
A7: STATION | B7: RELEVES | D7: STATION | E7: RELEVES | H7: KAELE | I7: 1
B8: JOURNALIER | C8: CUMUL | E8: JOURNALIER | F8: CUMUL | H8: TCHATIBALI | I8: 13
A9: MAROUA | B9: =I6 -> 0 | C9: =PLUV_154!C9+B9 -> 1048 | D9: NGONG | E9: =I11 -> 0 | F9: =PLUV_154!F9+E9 -> 738 | H9: GUIDER | I9: 0
A10: KAELE | B10: =I7 -> 1 | C10: =PLUV_154!C10+B10 -> 922 | D10: POLI | E10: =I12 -> 0 | F10: =PLUV_154!F10+E10 -> 1272 | H10: GAROUA | I10: 0
A11: TCHATIBALI | B11: =I8 -> 13 | C11: =PLUV_154!C11+B11 -> 808 | D11: MAYO-GALKE | E11: =I13 -> 0 | F11: =PLUV_154!F11+E11 -> 930 | H11: NGONG | I11: 0
A12: GUIDER | B12: =I9 -> 0 | C12: =PLUV_154!C12+B12 -> 755 | D12: TOUBORO | E12: =I16 -> 0 | F12: =PLUV_154!F12+E12 -> 1345 | H12: POLI | I12: 0
