Workbook

Sheet 26-03-15
A1: SODECOTON
H2: TABLEAU DE SAISI
A3: PLUVIOMETRIE JOURNALIERE ET PAR PENTADE | H3: STATION | I3: RELEVES
H4: MAROUA | I4: 0
B5: JOURNEE DU : | D5: =I15 -> 42089 | H5: KAELE | I5: 0
H6: TCHATIBALI | I6: 0
A7: STATION | B7: RELEVES | D7: STATION | E7: RELEVES | H7: GUIDER | I7: 0
B8: JOURNALIER | C8: CUMUL | E8: JOURNALIER | F8: CUMUL | H8: GAROUA | I8: 0
A9: MAROUA | B9: =I4 -> 0 | C9: =B9 -> 0 | D9: NGONG | E9: =I9 -> 0 | F9: =E9 -> 0 | H9: NGONG | I9: 0
A10: KAELE | B10: =I5 -> 0 | C10: =B10 -> 0 | D10: POLI | E10: =I10 -> 0 | F10: =E10 -> 0 | H10: POLI | I10: 0
A11: TCHATIBALI | B11: =I6 -> 0 | C11: =B11 -> 0 | D11: MAYO-GALKE | E11: =I11 -> 0 | F11: =E11 -> 0 | H11: MAYO-GALKE | I11: 0
A12: GUIDER | B12: =I7 -> 0 | C12: =B12 -> 0 | D12: TOUBOURO | E12: =I12 -> 0 | F12: =E12 -> 0 | H12: TOUBOURO | I12: 0
A13: GAROUA | B13: =I8 -> 0 | C13: =B13 -> 0 | D13: HOME | E13: =I13 -> 0 | F13: =E13 -> 0 | H13: HOME | I13: 0
A15: TOTAL JOURNALIER = | C15: =SUM(B9:B13)+SUM(E9:E13) -> 0 | D15: CUMUL GENERAL = | F15: =SUM(C9:C13)+SUM(F9:F13) -> 0 | H15: JOURNEE | I15: 42089
H16: TRANSMISSION | I16: =I15+1 -> 42090
A20: Transmis le : | B20: =I16 -> 42090

Sheet 27-03-15
A1: SODECOTON
H2: TABLEAU DE SAISI
A3: PLUVIOMETRIE JOURNALIERE ET PAR PENTADE | H3: STATION | I3: RELEVES
H4: MAROUA | I4: 0
B5: JOURNEE DU : | D5: =I15 -> 42090 | H5: KAELE | I5: 0
H6: TCHATIBALI | I6: 0
A7: STATION | B7: RELEVES | D7: STATION | E7: RELEVES | H7: GUIDER | I7: 0
B8: JOURNALIER | C8: CUMUL | E8: JOURNALIER | F8: CUMUL | H8: GAROUA | I8: 0
A9: MAROUA | B9: =I4 -> 0 | C9: ='26-03-15'!C9+B9 -> 0 | D9: NGONG | E9: =I9 -> 0 | F9: ='26-03-15'!F9+E9 -> 0 | H9: NGONG | I9: 0
A10: KAELE | B10: =I5 -> 0 | C10: ='26-03-15'!C10+B10 -> 0 | D10: POLI | E10: =I10 -> 0 | F10: ='26-03-15'!F10+E10 -> 0 | H10: POLI | I10: 0
A11: TCHATIBALI | B11: =I6 -> 0 | C11: ='26-03-15'!C11+B11 -> 0 | D11: MAYO-GALKE | E11: =I11 -> 0 | F11: ='26-03-15'!F11+E11 -> 0 | H11: MAYO-GALKE | I11: 0
A12: GUIDER | B12: =I7 -> 0 | C12: ='26-03-15'!C12+B12 -> 0 | D12: TOUBOURO | E12: =I12 -> 0 | F12: ='26-03-15'!F12+E12 -> 0 | H12: TOUBOURO | I12: 0
A13: GAROUA | B13: =I8 -> 0 | C13: ='26-03-15'!C13+B13 -> 0 | D13: HOME | E13: =I13 -> 0 | F13: ='26-03-15'!F13+E13 -> 0 | H13: HOME | I13: 0
A15: TOTAL JOURNALIER = | C15: =SUM(B9:B13)+SUM(E9:E13) -> 0 | D15: CUMUL GENERAL = | F15: =SUM(C9:C13)+SUM(F9:F13) -> 0 | H15: JOURNEE | I15: 42090
H16: TRANSMISSION | I16: =I15+1 -> 42091
A20: Transmis le : | B20: =I16 -> 42091

Sheet 28-03-15
A1: SODECOTON
H2: TABLEAU DE SAISI
A3: PLUVIOMETRIE JOURNALIERE ET PAR PENTADE | H3: STATION | I3: RELEVES
H4: MAROUA | I4: 0
B5: JOURNEE DU : | D5: =I15 -> 42091 | H5: KAELE | I5: 0
H6: TCHATIBALI | I6: 0
A7: STATION | B7: RELEVES | D7: STATION | E7: RELEVES | H7: GUIDER | I7: 0
B8: JOURNALIER | C8: CUMUL | E8: JOURNALIER | F8: CUMUL | H8: GAROUA | I8: 0
A9: MAROUA | B9: =I4 -> 0 | C9: ='27-03-15'!C9+B9 -> 0 | D9: NGONG | E9: =I9 -> 0 | F9: ='27-03-15'!F9+E9 -> 0 | H9: NGONG | I9: 0
A10: KAELE | B10: =I5 -> 0 | C10: ='27-03-15'!C10+B10 -> 0 | D10: POLI | E10: =I10 -> 0 | F10: ='27-03-15'!F10+E10 -> 0 | H10: POLI | I10: 0
A11: TCHATIBALI | B11: =I6 -> 0 | C11: ='27-03-15'!C11+B11 -> 0 | D11: MAYO-GALKE | E11: =I11 -> 0 | F11: ='27-03-15'!F11+E11 -> 0 | H11: MAYO-GALKE | I11: 0
A12: GUIDER | B12: =I7 -> 0 | C12: ='27-03-15'!C12+B12 -> 0 | D12: TOUBOURO | E12: =I12 -> 0 | F12: ='27-03-15'!F12+E12 -> 0 | H12: TOUBOURO | I12: 0
A13: GAROUA | B13: =I8 -> 0 | C13: ='27-03-15'!C13+B13 -> 0 | D13: HOME | E13: =I13 -> 0 | F13: ='27-03-15'!F13+E13 -> 0 | H13: HOME | I13: 0
A15: TOTAL JOURNALIER = | C15: =SUM(B9:B13)+SUM(E9:E13) -> 0 | D15: CUMUL GENERAL = | F15: =SUM(C9:C13)+SUM(F9:F13) -> 0 | H15: JOURNEE | I15: 42091
H16: TRANSMISSION | I16: =I15+1 -> 42092
A20: Transmis le : | B20: =I16 -> 42092

Sheet 29-03-15
A1: SODECOTON
H2: TABLEAU DE SAISI
A3: PLUVIOMETRIE JOURNALIERE ET PAR PENTADE | H3: STATION | I3: RELEVES
H4: MAROUA | I4: 0
B5: JOURNEE DU : | D5: =I15 -> 42092 | H5: KAELE | I5: 0
H6: TCHATIBALI | I6: 0
A7: STATION | B7: RELEVES | D7: STATION | E7: RELEVES | H7: GUIDER | I7: 0
B8: JOURNALIER | C8: CUMUL | E8: JOURNALIER | F8: CUMUL | H8: GAROUA | I8: 0
A9: MAROUA | B9: =I4 -> 0 | C9: ='28-03-15'!C9+B9 -> 0 | D9: NGONG | E9: =I9 -> 0 | F9: ='28-03-15'!F9+E9 -> 0 | H9: NGONG | I9: 0
A10: KAELE | B10: =I5 -> 0 | C10: ='28-03-15'!C10+B10 -> 0 | D10: POLI | E10: =I10 -> 0 | F10: ='28-03-15'!F10+E10 -> 0 | H10: POLI | I10: 0
A11: TCHATIBALI | B11: =I6 -> 0 | C11: ='28-03-15'!C11+B11 -> 0 | D11: MAYO-GALKE | E11: =I11 -> 0 | F11: ='28-03-15'!F11+E11 -> 0 | H11: MAYO-GALKE | I11: 0
A12: GUIDER | B12: =I7 -> 0 | C12: ='28-03-15'!C12+B12 -> 0 | D12: TOUBOURO | E12: =I12 -> 0 | F12: ='28-03-15'!F12+E12 -> 0 | H12: TOUBOURO | I12: 0
A13: GAROUA | B13: =I8 -> 0 | C13: ='28-03-15'!C13+B13 -> 0 | D13: HOME | E13: =I13 -> 0 | F13: ='28-03-15'!F13+E13 -> 0 | H13: HOME | I13: 0
A15: TOTAL JOURNALIER = | C15: =SUM(B9:B13)+SUM(E9:E13) -> 0 | D15: CUMUL GENERAL = | F15: =SUM(C9:C13)+SUM(F9:F13) -> 0 | H15: JOURNEE | I15: 42092
H16: TRANSMISSION | I16: =I15+1 -> 42093
A20: Transmis le : | B20: =I16 -> 42093

Sheet 30-03-15
A1: SODECOTON
H2: TABLEAU DE SAISI
A3: PLUVIOMETRIE JOURNALIERE ET PAR PENTADE | H3: STATION | I3: RELEVES
H4: MAROUA | I4: 0
B5: JOURNEE DU : | D5: =I15 -> 42093 | H5: KAELE | I5: 0
H6: TCHATIBALI | I6: 0
A7: STATION | B7: RELEVES | D7: STATION | E7: RELEVES | H7: GUIDER | I7: 0
B8: JOURNALIER | C8: CUMUL | E8: JOURNALIER | F8: CUMUL | H8: GAROUA | I8: 0
A9: MAROUA | B9: =I4 -> 0 | C9: ='29-03-15'!C9+B9 -> 0 | D9: NGONG | E9: =I9 -> 0 | F9: ='29-03-15'!F9+E9 -> 0 | H9: NGONG | I9: 0
A10: KAELE | B10: =I5 -> 0 | C10: ='29-03-15'!C10+B10 -> 0 | D10: POLI | E10: =I10 -> 0 | F10: ='29-03-15'!F10+E10 -> 0 | H10: POLI | I10: 0
A11: TCHATIBALI | B11: =I6 -> 0 | C11: ='29-03-15'!C11+B11 -> 0 | D11: MAYO-GALKE | E11: =I11 -> 0 | F11: ='29-03-15'!F11+E11 -> 0 | H11: MAYO-GALKE | I11: 0
A12: GUIDER | B12: =I7 -> 0 | C12: ='29-03-15'!C12+B12 -> 0 | D12: TOUBOURO | E12: =I12 -> 0 | F12: ='29-03-15'!F12+E12 -> 0 | H12: TOUBOURO | I12: 0
A13: GAROUA | B13: =I8 -> 0 | C13: ='29-03-15'!C13+B13 -> 0 | D13: HOME | E13: =I13 -> 0 | F13: ='29-03-15'!F13+E13 -> 0 | H13: HOME | I13: 0
A15: TOTAL JOURNALIER = | C15: =SUM(B9:B13)+SUM(E9:E13) -> 0 | D15: CUMUL GENERAL = | F15: =SUM(C9:C13)+SUM(F9:F13) -> 0 | H15: JOURNEE | I15: 42093
H16: TRANSMISSION | I16: =I15+1 -> 42094
A20: Transmis le : | B20: =I16 -> 42094

Sheet 31-03-15
A1: SODECOTON
H2: TABLEAU DE SAISI
A3: PLUVIOMETRIE JOURNALIERE ET PAR PENTADE | H3: STATION | I3: RELEVES
H4: MAROUA | I4: 0
B5: JOURNEE DU : | D5: =I15 -> 42094 | H5: KAELE | I5: 0
H6: TCHATIBALI | I6: 0
A7: STATION | B7: RELEVES | D7: STATION | E7: RELEVES | H7: GUIDER | I7: 0
B8: JOURNALIER | C8: CUMUL | E8: JOURNALIER | F8: CUMUL | H8: GAROUA | I8: 0
A9: MAROUA | B9: =I4 -> 0 | C9: ='30-03-15'!C9+B9 -> 0 | D9: NGONG | E9: =I9 -> 0 | F9: ='30-03-15'!F9+E9 -> 0 | H9: NGONG | I9: 0
A10: KAELE | B10: =I5 -> 0 | C10: ='30-03-15'!C10+B10 -> 0 | D10: POLI | E10: =I10 -> 0 | F10: ='30-03-15'!F10+E10 -> 0 | H10: POLI | I10: 0
A11: TCHATIBALI | B11: =I6 -> 0 | C11: ='30-03-15'!C11+B11 -> 0 | D11: MAYO-GALKE | E11: =I11 -> 0 | F11: ='30-03-15'!F11+E11 -> 0 | H11: MAYO-GALKE | I11: 0
A12: GUIDER | B12: =I7 -> 0 | C12: ='30-03-15'!C12+B12 -> 0 | D12: TOUBOURO | E12: =I12 -> 0 | F12: ='30-03-15'!F12+E12 -> 0 | H12: TOUBOURO | I12: 0
A13: GAROUA | B13: =I8 -> 0 | C13: ='30-03-15'!C13+B13 -> 0 | D13: HOME | E13: =I13 -> 0 | F13: ='30-03-15'!F13+E13 -> 0 | H13: HOME | I13: 0
A15: TOTAL JOURNALIER = | C15: =SUM(B9:B13)+SUM(E9:E13) -> 0 | D15: CUMUL GENERAL = | F15: =SUM(C9:C13)+SUM(F9:F13) -> 0 | H15: JOURNEE | I15: 42094
H16: TRANSMISSION | I16: =I15+1 -> 42095
A20: Transmis le : | B20: =I16 -> 42095

Sheet 01-04-15
A1: SODECOTON
H2: TABLEAU DE SAISI
A3: PLUVIOMETRIE JOURNALIERE ET PAR PENTADE | H3: STATION | I3: RELEVES
H4: MAROUA | I4: 0
B5: JOURNEE DU : | D5: =I15 -> 42095 | H5: KAELE | I5: 0
H6: TCHATIBALI | I6: 0
A7: STATION | B7: RELEVES | D7: STATION | E7: RELEVES | H7: GUIDER | I7: 0
B8: JOURNALIER | C8: CUMUL | E8: JOURNALIER | F8: CUMUL | H8: GAROUA | I8: 0
A9: MAROUA | B9: =I4 -> 0 | C9: ='31-03-15'!C9+B9 -> 0 | D9: NGONG | E9: =I9 -> 0 | F9: ='31-03-15'!F9+E9 -> 0 | H9: NGONG | I9: 0
A10: KAELE | B10: =I5 -> 0 | C10: ='31-03-15'!C10+B10 -> 0 | D10: POLI | E10: =I10 -> 0 | F10: ='31-03-15'!F10+E10 -> 0 | H10: POLI | I10: 0
A11: TCHATIBALI | B11: =I6 -> 0 | C11: ='31-03-15'!C11+B11 -> 0 | D11: MAYO-GALKE | E11: =I11 -> 0 | F11: ='31-03-15'!F11+E11 -> 0 | H11: MAYO-GALKE | I11: 0
A12: GUIDER | B12: =I7 -> 0 | C12: ='31-03-15'!C12+B12 -> 0 | D12: TOUBOURO | E12: =I12 -> 0 | F12: ='31-03-15'!F12+E12 -> 0 | H12: TOUBOURO | I12: 0
A13: GAROUA | B13: =I8 -> 0 | C13: ='31-03-15'!C13+B13 -> 0 | D13: HOME | E13: =I13 -> 0 | F13: ='31-03-15'!F13+E13 -> 0 | H13: HOME | I13: 0
A15: TOTAL JOURNALIER = | C15: =SUM(B9:B13)+SUM(E9:E13) -> 0 | D15: CUMUL GENERAL = | F15: =SUM(C9:C13)+SUM(F9:F13) -> 0 | H15: JOURNEE | I15: 42095
H16: TRANSMISSION | I16: =I15+1 -> 42096
A20: Transmis le : | B20: =I16 -> 42096

Sheet 02-04-15
A1: SODECOTON
H2: TABLEAU DE SAISI
A3: PLUVIOMETRIE JOURNALIERE ET PAR PENTADE | H3: STATION | I3: RELEVES
H4: MAROUA | I4: 0
B5: JOURNEE DU : | D5: =I15 -> 42096 | H5: KAELE | I5: 0
H6: TCHATIBALI | I6: 0
A7: STATION | B7: RELEVES | D7: STATION | E7: RELEVES | H7: GUIDER | I7: 0
B8: JOURNALIER | C8: CUMUL | E8: JOURNALIER | F8: CUMUL | H8: GAROUA | I8: 0
A9: MAROUA | B9: =I4 -> 0 | C9: ='01-04-15'!C9+B9 -> 0 | D9: NGONG | E9: =I9 -> 0 | F9: ='01-04-15'!F9+E9 -> 0 | H9: NGONG | I9: 0
A10: KAELE | B10: =I5 -> 0 | C10: ='01-04-15'!C10+B10 -> 0 | D10: POLI | E10: =I10 -> 0 | F10: ='01-04-15'!F10+E10 -> 0 | H10: POLI | I10: 0
A11: TCHATIBALI | B11: =I6 -> 0 | C11: ='01-04-15'!C11+B11 -> 0 | D11: MAYO-GALKE | E11: =I11 -> 0 | F11: ='01-04-15'!F11+E11 -> 0 | H11: MAYO-GALKE | I11: 0
A12: GUIDER | B12: =I7 -> 0 | C12: ='01-04-15'!C12+B12 -> 0 | D12: TOUBOURO | E12: =I12 -> 0 | F12: ='01-04-15'!F12+E12 -> 0 | H12: TOUBOURO | I12: 0
A13: GAROUA | B13: =I8 -> 0 | C13: ='01-04-15'!C13+B13 -> 0 | D13: HOME | E13: =I13 -> 0 | F13: ='01-04-15'!F13+E13 -> 0 | H13: HOME | I13: 0
A15: TOTAL JOURNALIER = | C15: =SUM(B9:B13)+SUM(E9:E13) -> 0 | D15: CUMUL GENERAL = | F15: =SUM(C9:C13)+SUM(F9:F13) -> 0 | H15: JOURNEE | I15: 42096
H16: TRANSMISSION | I16: =I15+1 -> 42097
A20: Transmis le : | B20: =I16 -> 42097

Sheet 03-04-15
A1: SODECOTON
H2: TABLEAU DE SAISI
A3: PLUVIOMETRIE JOURNALIERE ET PAR PENTADE | H3: STATION | I3: RELEVES
H4: MAROUA | I4: 0
B5: JOURNEE DU : | D5: =I15 -> 42097 | H5: KAELE | I5: 0
H6: TCHATIBALI | I6: 0
A7: STATION | B7: RELEVES | D7: STATION | E7: RELEVES | H7: GUIDER | I7: 0
B8: JOURNALIER | C8: CUMUL | E8: JOURNALIER | F8: CUMUL | H8: GAROUA | I8: 0
A9: MAROUA | B9: =I4 -> 0 | C9: ='02-04-15'!C9+B9 -> 0 | D9: NGONG | E9: =I9 -> 0 | F9: ='02-04-15'!F9+E9 -> 0 | H9: NGONG | I9: 0
A10: KAELE | B10: =I5 -> 0 | C10: ='02-04-15'!C10+B10 -> 0 | D10: POLI | E10: =I10 -> 0 | F10: ='02-04-15'!F10+E10 -> 0 | H10: POLI | I10: 0
A11: TCHATIBALI | B11: =I6 -> 0 | C11: ='02-04-15'!C11+B11 -> 0 | D11: MAYO-GALKE | E11: =I11 -> 0 | F11: ='02-04-15'!F11+E11 -> 0 | H11: MAYO-GALKE | I11: 0
A12: GUIDER | B12: =I7 -> 0 | C12: ='02-04-15'!C12+B12 -> 0 | D12: TOUBOURO | E12: =I12 -> 0 | F12: ='02-04-15'!F12+E12 -> 0 | H12: TOUBOURO | I12: 0
A13: GAROUA | B13: =I8 -> 0 | C13: ='02-04-15'!C13+B13 -> 0 | D13: HOME | E13: =I13 -> 0 | F13: ='02-04-15'!F13+E13 -> 0 | H13: HOME | I13: 0
A15: TOTAL JOURNALIER = | C15: =SUM(B9:B13)+SUM(E9:E13) -> 0 | D15: CUMUL GENERAL = | F15: =SUM(C9:C13)+SUM(F9:F13) -> 0 | H15: JOURNEE | I15: 42097
H16: TRANSMISSION | I16: =I15+1 -> 42098
A20: Transmis le : | B20: =I16 -> 42098

Sheet 04-04-15
A1: SODECOTON
H2: TABLEAU DE SAISI
A3: PLUVIOMETRIE JOURNALIERE ET PAR PENTADE | H3: STATION | I3: RELEVES
H4: MAROUA | I4: 0
B5: JOURNEE DU : | D5: =I15 -> 42098 | H5: KAELE | I5: 0
H6: TCHATIBALI | I6: 0
A7: STATION | B7: RELEVES | D7: STATION | E7: RELEVES | H7: GUIDER | I7: 0
B8: JOURNALIER | C8: CUMUL | E8: JOURNALIER | F8: CUMUL | H8: GAROUA | I8: 0
A9: MAROUA | B9: =I4 -> 0 | C9: ='03-04-15'!C9+B9 -> 0 | D9: NGONG | E9: =I9 -> 0 | F9: ='03-04-15'!F9+E9 -> 0 | H9: NGONG | I9: 0
A10: KAELE | B10: =I5 -> 0 | C10: ='03-04-15'!C10+B10 -> 0 | D10: POLI | E10: =I10 -> 0 | F10: ='03-04-15'!F10+E10 -> 0 | H10: POLI | I10: 0
A11: TCHATIBALI | B11: =I6 -> 0 | C11: ='03-04-15'!C11+B11 -> 0 | D11: MAYO-GALKE | E11: =I11 -> 0 | F11: ='03-04-15'!F11+E11 -> 0 | H11: MAYO-GALKE | I11: 0
A12: GUIDER | B12: =I7 -> 0 | C12: ='03-04-15'!C12+B12 -> 0 | D12: TOUBOURO | E12: =I12 -> 0 | F12: ='03-04-15'!F12+E12 -> 0 | H12: TOUBOURO | I12: 0
A13: GAROUA | B13: =I8 -> 0 | C13: ='03-04-15'!C13+B13 -> 0 | D13: HOME | E13: =I13 -> 0 | F13: ='03-04-15'!F13+E13 -> 0 | H13: HOME | I13: 0
A15: TOTAL JOURNALIER = | C15: =SUM(B9:B13)+SUM(E9:E13) -> 0 | D15: CUMUL GENERAL = | F15: =SUM(C9:C13)+SUM(F9:F13) -> 0 | H15: JOURNEE | I15: 42098
H16: TRANSMISSION | I16: =I15+1 -> 42099
A20: Transmis le : | B20: =I16 -> 42099

Sheet 05-04-15
A1: SODECOTON
H2: TABLEAU DE SAISI
A3: PLUVIOMETRIE JOURNALIERE ET PAR PENTADE | H3: STATION | I3: RELEVES
H4: MAROUA | I4: 0
B5: JOURNEE DU : | D5: =I15 -> 42099 | H5: KAELE | I5: 0
H6: TCHATIBALI | I6: 0
A7: STATION | B7: RELEVES | D7: STATION | E7: RELEVES | H7: GUIDER | I7: 0
B8: JOURNALIER | C8: CUMUL | E8: JOURNALIER | F8: CUMUL | H8: GAROUA | I8: 0
A9: MAROUA | B9: =I4 -> 0 | C9: ='04-04-15'!C9+B9 -> 0 | D9: NGONG | E9: =I9 -> 0 | F9: ='04-04-15'!F9+E9 -> 0 | H9: NGONG | I9: 0
A10: KAELE | B10: =I5 -> 0 | C10: ='04-04-15'!C10+B10 -> 0 | D10: POLI | E10: =I10 -> 0 | F10: ='04-04-15'!F10+E10 -> 0 | H10: POLI | I10: 0
A11: TCHATIBALI | B11: =I6 -> 0 | C11: ='04-04-15'!C11+B11 -> 0 | D11: MAYO-GALKE | E11: =I11 -> 0 | F11: ='04-04-15'!F11+E11 -> 0 | H11: MAYO-GALKE | I11: 0
A12: GUIDER | B12: =I7 -> 0 | C12: ='04-04-15'!C12+B12 -> 0 | D12: TOUBOURO | E12: =I12 -> 0 | F12: ='04-04-15'!F12+E12 -> 0 | H12: TOUBOURO | I12: 0
A13: GAROUA | B13: =I8 -> 0 | C13: ='04-04-15'!C13+B13 -> 0 | D13: HOME | E13: =I13 -> 0 | F13: ='04-04-15'!F13+E13 -> 0 | H13: HOME | I13: 0
A15: TOTAL JOURNALIER = | C15: =SUM(B9:B13)+SUM(E9:E13) -> 0 | D15: CUMUL GENERAL = | F15: =SUM(C9:C13)+SUM(F9:F13) -> 0 | H15: JOURNEE | I15: 42099
H16: TRANSMISSION | I16: =I15+1 -> 42100
A20: Transmis le : | B20: =I16 -> 42100

Sheet 06-04-15
A1: SODECOTON
H2: TABLEAU DE SAISI
A3: PLUVIOMETRIE JOURNALIERE ET PAR PENTADE | H3: STATION | I3: RELEVES
H4: MAROUA | I4: 0
B5: JOURNEE DU : | D5: =I15 -> 42100 | H5: KAELE | I5: 0
H6: TCHATIBALI | I6: 0
A7: STATION | B7: RELEVES | D7: STATION | E7: RELEVES | H7: GUIDER | I7: 0
B8: JOURNALIER | C8: CUMUL | E8: JOURNALIER | F8: CUMUL | H8: GAROUA | I8: 0
A9: MAROUA | B9: =I4 -> 0 | C9: ='05-04-15'!C9+B9 -> 0 | D9: NGONG | E9: =I9 -> 0 | F9: ='05-04-15'!F9+E9 -> 0 | H9: NGONG | I9: 0
A10: KAELE | B10: =I5 -> 0 | C10: ='05-04-15'!C10+B10 -> 0 | D10: POLI | E10: =I10 -> 0 | F10: ='05-04-15'!F10+E10 -> 0 | H10: POLI | I10: 0
A11: TCHATIBALI | B11: =I6 -> 0 | C11: ='05-04-15'!C11+B11 -> 0 | D11: MAYO-GALKE | E11: =I11 -> 0 | F11: ='05-04-15'!F11+E11 -> 0 | H11: MAYO-GALKE | I11: 0
A12: GUIDER | B12: =I7 -> 0 | C12: ='05-04-15'!C12+B12 -> 0 | D12: TOUBOURO | E12: =I12 -> 0 | F12: ='05-04-15'!F12+E12 -> 0 | H12: TOUBOURO | I12: 0
A13: GAROUA | B13: =I8 -> 0 | C13: ='05-04-15'!C13+B13 -> 0 | D13: HOME | E13: =I13 -> 0 | F13: ='05-04-15'!F13+E13 -> 0 | H13: HOME | I13: 0
A15: TOTAL JOURNALIER = | C15: =SUM(B9:B13)+SUM(E9:E13) -> 0 | D15: CUMUL GENERAL = | F15: =SUM(C9:C13)+SUM(F9:F13) -> 0 | H15: JOURNEE | I15: 42100
H16: TRANSMISSION | I16: =I15+1 -> 42101
A20: Transmis le : | B20: =I16 -> 42101

Sheet 07-04-15
A1: SODECOTON
H2: TABLEAU DE SAISI
A3: PLUVIOMETRIE JOURNALIERE ET PAR PENTADE | H3: STATION | I3: RELEVES
H4: MAROUA | I4: 0
B5: JOURNEE DU : | D5: =I15 -> 42101 | H5: KAELE | I5: 0
H6: TCHATIBALI | I6: 0
A7: STATION | B7: RELEVES | D7: STATION | E7: RELEVES | H7: GUIDER | I7: 0
B8: JOURNALIER | C8: CUMUL | E8: JOURNALIER | F8: CUMUL | H8: GAROUA | I8: 0
A9: MAROUA | B9: =I4 -> 0 | C9: ='06-04-15'!C9+B9 -> 0 | D9: NGONG | E9: =I9 -> 0 | F9: ='06-04-15'!F9+E9 -> 0 | H9: NGONG | I9: 0
A10: KAELE | B10: =I5 -> 0 | C10: ='06-04-15'!C10+B10 -> 0 | D10: POLI | E10: =I10 -> 0 | F10: ='06-04-15'!F10+E10 -> 0 | H10: POLI | I10: 0
A11: TCHATIBALI | B11: =I6 -> 0 | C11: ='06-04-15'!C11+B11 -> 0 | D11: MAYO-GALKE | E11: =I11 -> 0 | F11: ='06-04-15'!F11+E11 -> 0 | H11: MAYO-GALKE | I11: 0
A12: GUIDER | B12: =I7 -> 0 | C12: ='06-04-15'!C12+B12 -> 0 | D12: TOUBOURO | E12: =I12 -> 0 | F12: ='06-04-15'!F12+E12 -> 0 | H12: TOUBOURO | I12: 0
A13: GAROUA | B13: =I8 -> 0 | C13: ='06-04-15'!C13+B13 -> 0 | D13: HOME | E13: =I13 -> 0 | F13: ='06-04-15'!F13+E13 -> 0 | H13: HOME | I13: 0
A15: TOTAL JOURNALIER = | C15: =SUM(B9:B13)+SUM(E9:E13) -> 0 | D15: CUMUL GENERAL = | F15: =SUM(C9:C13)+SUM(F9:F13) -> 0 | H15: JOURNEE | I15: 42101
H16: TRANSMISSION | I16: =I15+1 -> 42102
A20: Transmis le : | B20: =I16 -> 42102

Sheet 08-04-15
A1: SODECOTON
H2: TABLEAU DE SAISI
A3: PLUVIOMETRIE JOURNALIERE ET PAR PENTADE | H3: STATION | I3: RELEVES
H4: MAROUA | I4: 0
B5: JOURNEE DU : | D5: =I15 -> 42102 | H5: KAELE | I5: 0
H6: TCHATIBALI | I6: 0
A7: STATION | B7: RELEVES | D7: STATION | E7: RELEVES | H7: GUIDER | I7: 0
B8: JOURNALIER | C8: CUMUL | E8: JOURNALIER | F8: CUMUL | H8: GAROUA | I8: 0
A9: MAROUA | B9: =I4 -> 0 | C9: ='07-04-15'!C9+B9 -> 0 | D9: NGONG | E9: =I9 -> 0 | F9: ='07-04-15'!F9+E9 -> 0 | H9: NGONG | I9: 0
A10: KAELE | B10: =I5 -> 0 | C10: ='07-04-15'!C10+B10 -> 0 | D10: POLI | E10: =I10 -> 0 | F10: ='07-04-15'!F10+E10 -> 0 | H10: POLI | I10: 0
A11: TCHATIBALI | B11: =I6 -> 0 | C11: ='07-04-15'!C11+B11 -> 0 | D11: MAYO-GALKE | E11: =I11 -> 0 | F11: ='07-04-15'!F11+E11 -> 0 | H11: MAYO-GALKE | I11: 0
A12: GUIDER | B12: =I7 -> 0 | C12: ='07-04-15'!C12+B12 -> 0 | D12: TOUBOURO | E12: =I12 -> 0 | F12: ='07-04-15'!F12+E12 -> 0 | H12: TOUBOURO | I12: 0
A13: GAROUA | B13: =I8 -> 0 | C13: ='07-04-15'!C13+B13 -> 0 | D13: HOME | E13: =I13 -> 0 | F13: ='07-04-15'!F13+E13 -> 0 | H13: HOME | I13: 0
A15: TOTAL JOURNALIER = | C15: =SUM(B9:B13)+SUM(E9:E13) -> 0 | D15: CUMUL GENERAL = | F15: =SUM(C9:C13)+SUM(F9:F13) -> 0 | H15: JOURNEE | I15: 42102
H16: TRANSMISSION | I16: =I15+1 -> 42103
A20: Transmis le : | B20: =I16 -> 42103

Sheet 09-04-15
A1: SODECOTON
H2: TABLEAU DE SAISI
A3: PLUVIOMETRIE JOURNALIERE ET PAR PENTADE | H3: STATION | I3: RELEVES
H4: MAROUA | I4: 0
B5: JOURNEE DU : | D5: =I15 -> 42103 | H5: KAELE | I5: 0
H6: TCHATIBALI | I6: 0
A7: STATION | B7: RELEVES | D7: STATION | E7: RELEVES | H7: GUIDER | I7: 0
B8: JOURNALIER | C8: CUMUL | E8: JOURNALIER | F8: CUMUL | H8: GAROUA | I8: 0
A9: MAROUA | B9: =I4 -> 0 | C9: ='08-04-15'!C9+B9 -> 0 | D9: NGONG | E9: =I9 -> 0 | F9: ='08-04-15'!F9+E9 -> 0 | H9: NGONG | I9: 0
A10: KAELE | B10: =I5 -> 0 | C10: ='08-04-15'!C10+B10 -> 0 | D10: POLI | E10: =I10 -> 0 | F10: ='08-04-15'!F10+E10 -> 0 | H10: POLI | I10: 0
A11: TCHATIBALI | B11: =I6 -> 0 | C11: ='08-04-15'!C11+B11 -> 0 | D11: MAYO-GALKE | E11: =I11 -> 0 | F11: ='08-04-15'!F11+E11 -> 0 | H11: MAYO-GALKE | I11: 0
A12: GUIDER | B12: =I7 -> 0 | C12: ='08-04-15'!C12+B12 -> 0 | D12: TOUBOURO | E12: =I12 -> 0 | F12: ='08-04-15'!F12+E12 -> 0 | H12: TOUBOURO | I12: 0
A13: GAROUA | B13: =I8 -> 0 | C13: ='08-04-15'!C13+B13 -> 0 | D13: HOME | E13: =I13 -> 0 | F13: ='08-04-15'!F13+E13 -> 0 | H13: HOME | I13: 0
A15: TOTAL JOURNALIER = | C15: =SUM(B9:B13)+SUM(E9:E13) -> 0 | D15: CUMUL GENERAL = | F15: =SUM(C9:C13)+SUM(F9:F13) -> 0 | H15: JOURNEE | I15: 42103
H16: TRANSMISSION | I16: =I15+1 -> 42104
A20: Transmis le : | B20: =I16 -> 42104

Sheet 10-04-15
A1: SODECOTON
H2: TABLEAU DE SAISI
A3: PLUVIOMETRIE JOURNALIERE ET PAR PENTADE | H3: STATION | I3: RELEVES
H4: MAROUA | I4: 0
B5: JOURNEE DU : | D5: =I15 -> 42104 | H5: KAELE | I5: 0
H6: TCHATIBALI | I6: 0
A7: STATION | B7: RELEVES | D7: STATION | E7: RELEVES | H7: GUIDER | I7: 0
B8: JOURNALIER | C8: CUMUL | E8: JOURNALIER | F8: CUMUL | H8: GAROUA | I8: 0
A9: MAROUA | B9: =I4 -> 0 | C9: ='09-04-15'!C9+B9 -> 0 | D9: NGONG | E9: =I9 -> 0 | F9: ='09-04-15'!F9+E9 -> 0 | H9: NGONG | I9: 0
A10: KAELE | B10: =I5 -> 0 | C10: ='09-04-15'!C10+B10 -> 0 | D10: POLI | E10: =I10 -> 0 | F10: ='09-04-15'!F10+E10 -> 0 | H10: POLI | I10: 0
A11: TCHATIBALI | B11: =I6 -> 0 | C11: ='09-04-15'!C11+B11 -> 0 | D11: MAYO-GALKE | E11: =I11 -> 0 | F11: ='09-04-15'!F11+E11 -> 0 | H11: MAYO-GALKE | I11: 0
A12: GUIDER | B12: =I7 -> 0 | C12: ='09-04-15'!C12+B12 -> 0 | D12: TOUBOURO | E12: =I12 -> 0 | F12: ='09-04-15'!F12+E12 -> 0 | H12: TOUBOURO | I12: 0
A13: GAROUA | B13: =I8 -> 0 | C13: ='09-04-15'!C13+B13 -> 0 | D13: HOME | E13: =I13 -> 0 | F13: ='09-04-15'!F13+E13 -> 0 | H13: HOME | I13: 0
A15: TOTAL JOURNALIER = | C15: =SUM(B9:B13)+SUM(E9:E13) -> 0 | D15: CUMUL GENERAL = | F15: =SUM(C9:C13)+SUM(F9:F13) -> 0 | H15: JOURNEE | I15: 42104
H16: TRANSMISSION | I16: =I15+1 -> 42105
A20: Transmis le : | B20: =I16 -> 42105

Sheet 11-04-15
A1: SODECOTON
H2: TABLEAU DE SAISI
A3: PLUVIOMETRIE JOURNALIERE ET PAR PENTADE | H3: STATION | I3: RELEVES
H4: MAROUA | I4: 0
B5: JOURNEE DU : | D5: =I15 -> 42105 | H5: KAELE | I5: 0
H6: TCHATIBALI | I6: 0
A7: STATION | B7: RELEVES | D7: STATION | E7: RELEVES | H7: GUIDER | I7: 0
B8: JOURNALIER | C8: CUMUL | E8: JOURNALIER | F8: CUMUL | H8: GAROUA | I8: 0
A9: MAROUA | B9: =I4 -> 0 | C9: ='10-04-15'!C9+B9 -> 0 | D9: NGONG | E9: =I9 -> 0 | F9: ='10-04-15'!F9+E9 -> 0 | H9: NGONG | I9: 0
A10: KAELE | B10: =I5 -> 0 | C10: ='10-04-15'!C10+B10 -> 0 | D10: POLI | E10: =I10 -> 0 | F10: ='10-04-15'!F10+E10 -> 0 | H10: POLI | I10: 0
A11: TCHATIBALI | B11: =I6 -> 0 | C11: ='10-04-15'!C11+B11 -> 0 | D11: MAYO-GALKE | E11: =I11 -> 0 | F11: ='10-04-15'!F11+E11 -> 0 | H11: MAYO-GALKE | I11: 0
A12: GUIDER | B12: =I7 -> 0 | C12: ='10-04-15'!C12+B12 -> 0 | D12: TOUBOURO | E12: =I12 -> 0 | F12: ='10-04-15'!F12+E12 -> 0 | H12: TOUBOURO | I12: 0
A13: GAROUA | B13: =I8 -> 0 | C13: ='10-04-15'!C13+B13 -> 0 | D13: HOME | E13: =I13 -> 0 | F13: ='10-04-15'!F13+E13 -> 0 | H13: HOME | I13: 0
A15: TOTAL JOURNALIER = | C15: =SUM(B9:B13)+SUM(E9:E13) -> 0 | D15: CUMUL GENERAL = | F15: =SUM(C9:C13)+SUM(F9:F13) -> 0 | H15: JOURNEE | I15: 42105
H16: TRANSMISSION | I16: =I15+1 -> 42106
A20: Transmis le : | B20: =I16 -> 42106

Sheet 12-04-15
A1: SODECOTON
H2: TABLEAU DE SAISI
A3: PLUVIOMETRIE JOURNALIERE ET PAR PENTADE | H3: STATION | I3: RELEVES
H4: MAROUA | I4: 0
B5: JOURNEE DU : | D5: =I15 -> 42106 | H5: KAELE | I5: 0
H6: TCHATIBALI | I6: 0
A7: STATION | B7: RELEVES | D7: STATION | E7: RELEVES | H7: GUIDER | I7: 0
B8: JOURNALIER | C8: CUMUL | E8: JOURNALIER | F8: CUMUL | H8: GAROUA | I8: 0
A9: MAROUA | B9: =I4 -> 0 | C9: ='11-04-15'!C9+B9 -> 0 | D9: NGONG | E9: =I9 -> 0 | F9: ='11-04-15'!F9+E9 -> 0 | H9: NGONG | I9: 0
A10: KAELE | B10: =I5 -> 0 | C10: ='11-04-15'!C10+B10 -> 0 | D10: POLI | E10: =I10 -> 0 | F10: ='11-04-15'!F10+E10 -> 0 | H10: POLI | I10: 0
A11: TCHATIBALI | B11: =I6 -> 0 | C11: ='11-04-15'!C11+B11 -> 0 | D11: MAYO-GALKE | E11: =I11 -> 0 | F11: ='11-04-15'!F11+E11 -> 0 | H11: MAYO-GALKE | I11: 0
A12: GUIDER | B12: =I7 -> 0 | C12: ='11-04-15'!C12+B12 -> 0 | D12: TOUBOURO | E12: =I12 -> 0 | F12: ='11-04-15'!F12+E12 -> 0 | H12: TOUBOURO | I12: 0
A13: GAROUA | B13: =I8 -> 0 | C13: ='11-04-15'!C13+B13 -> 0 | D13: HOME | E13: =I13 -> 0 | F13: ='11-04-15'!F13+E13 -> 0 | H13: HOME | I13: 0
A15: TOTAL JOURNALIER = | C15: =SUM(B9:B13)+SUM(E9:E13) -> 0 | D15: CUMUL GENERAL = | F15: =SUM(C9:C13)+SUM(F9:F13) -> 0 | H15: JOURNEE | I15: 42106
H16: TRANSMISSION | I16: =I15+1 -> 42107
A20: Transmis le : | B20: =I16 -> 42107

Sheet 13-04-15
A1: SODECOTON
H2: TABLEAU DE SAISI
A3: PLUVIOMETRIE JOURNALIERE ET PAR PENTADE | H3: STATION | I3: RELEVES
H4: MAROUA | I4: 0
B5: JOURNEE DU : | D5: =I15 -> 42107 | H5: KAELE | I5: 0
H6: TCHATIBALI | I6: 0
A7: STATION | B7: RELEVES | D7: STATION | E7: RELEVES | H7: GUIDER | I7: 0
B8: JOURNALIER | C8: CUMUL | E8: JOURNALIER | F8: CUMUL | H8: GAROUA | I8: 0
A9: MAROUA | B9: =I4 -> 0 | C9: ='12-04-15'!C9+B9 -> 0 | D9: NGONG | E9: =I9 -> 0 | F9: ='12-04-15'!F9+E9 -> 0 | H9: NGONG | I9: 0
A10: KAELE | B10: =I5 -> 0 | C10: ='12-04-15'!C10+B10 -> 0 | D10: POLI | E10: =I10 -> 0 | F10: ='12-04-15'!F10+E10 -> 0 | H10: POLI | I10: 0
A11: TCHATIBALI | B11: =I6 -> 0 | C11: ='12-04-15'!C11+B11 -> 0 | D11: MAYO-GALKE | E11: =I11 -> 0 | F11: ='12-04-15'!F11+E11 -> 0 | H11: MAYO-GALKE | I11: 0
A12: GUIDER | B12: =I7 -> 0 | C12: ='12-04-15'!C12+B12 -> 0 | D12: TOUBOURO | E12: =I12 -> 0 | F12: ='12-04-15'!F12+E12 -> 0 | H12: TOUBOURO | I12: 0
A13: GAROUA | B13: =I8 -> 0 | C13: ='12-04-15'!C13+B13 -> 0 | D13: HOME | E13: =I13 -> 0 | F13: ='12-04-15'!F13+E13 -> 0 | H13: HOME | I13: 0
A15: TOTAL JOURNALIER = | C15: =SUM(B9:B13)+SUM(E9:E13) -> 0 | D15: CUMUL GENERAL = | F15: =SUM(C9:C13)+SUM(F9:F13) -> 0 | H15: JOURNEE | I15: 42107
H16: TRANSMISSION | I16: =I15+1 -> 42108
A20: Transmis le : | B20: =I16 -> 42108

Sheet 14-04-15
A1: SODECOTON
H2: TABLEAU DE SAISI
A3: PLUVIOMETRIE JOURNALIERE ET PAR PENTADE | H3: STATION | I3: RELEVES
H4: MAROUA | I4: 0
B5: JOURNEE DU : | D5: =I15 -> 42108 | H5: KAELE | I5: 0
H6: TCHATIBALI | I6: 0
A7: STATION | B7: RELEVES | D7: STATION | E7: RELEVES | H7: GUIDER | I7: 0
B8: JOURNALIER | C8: CUMUL | E8: JOURNALIER | F8: CUMUL | H8: GAROUA | I8: 0
A9: MAROUA | B9: =I4 -> 0 | C9: ='13-04-15'!C9+B9 -> 0 | D9: NGONG | E9: =I9 -> 0 | F9: ='13-04-15'!F9+E9 -> 0 | H9: NGONG | I9: 0
A10: KAELE | B10: =I5 -> 0 | C10: ='13-04-15'!C10+B10 -> 0 | D10: POLI | E10: =I10 -> 0 | F10: ='13-04-15'!F10+E10 -> 0 | H10: POLI | I10: 0
A11: TCHATIBALI | B11: =I6 -> 0 | C11: ='13-04-15'!C11+B11 -> 0 | D11: MAYO-GALKE | E11: =I11 -> 0 | F11: ='13-04-15'!F11+E11 -> 0 | H11: MAYO-GALKE | I11: 0
A12: GUIDER | B12: =I7 -> 0 | C12: ='13-04-15'!C12+B12 -> 0 | D12: TOUBOURO | E12: =I12 -> 0 | F12: ='13-04-15'!F12+E12 -> 0 | H12: TOUBOURO | I12: 0
A13: GAROUA | B13: =I8 -> 0 | C13: ='13-04-15'!C13+B13 -> 0 | D13: HOME | E13: =I13 -> 0 | F13: ='13-04-15'!F13+E13 -> 0 | H13: HOME | I13: 0
A15: TOTAL JOURNALIER = | C15: =SUM(B9:B13)+SUM(E9:E13) -> 0 | D15: CUMUL GENERAL = | F15: =SUM(C9:C13)+SUM(F9:F13) -> 0 | H15: JOURNEE | I15: 42108
H16: TRANSMISSION | I16: =I15+1 -> 42109
A20: Transmis le : | B20: =I16 -> 42109

Sheet 15-04-15
A1: SODECOTON
H2: TABLEAU DE SAISI
A3: PLUVIOMETRIE JOURNALIERE ET PAR PENTADE | H3: STATION | I3: RELEVES
H4: MAROUA | I4: 0
B5: JOURNEE DU : | D5: =I15 -> 42109 | H5: KAELE | I5: 0
H6: TCHATIBALI | I6: 0
A7: STATION | B7: RELEVES | D7: STATION | E7: RELEVES | H7: GUIDER | I7: 0
B8: JOURNALIER | C8: CUMUL | E8: JOURNALIER | F8: CUMUL | H8: GAROUA | I8: 0
A9: MAROUA | B9: =I4 -> 0 | C9: ='14-04-15'!C9+B9 -> 0 | D9: NGONG | E9: =I9 -> 0 | F9: ='14-04-15'!F9+E9 -> 0 | H9: NGONG | I9: 0
A10: KAELE | B10: =I5 -> 0 | C10: ='14-04-15'!C10+B10 -> 0 | D10: POLI | E10: =I10 -> 0 | F10: ='14-04-15'!F10+E10 -> 0 | H10: POLI | I10: 0
A11: TCHATIBALI | B11: =I6 -> 0 | C11: ='14-04-15'!C11+B11 -> 0 | D11: MAYO-GALKE | E11: =I11 -> 0 | F11: ='14-04-15'!F11+E11 -> 0 | H11: MAYO-GALKE | I11: 0
A12: GUIDER | B12: =I7 -> 0 | C12: ='14-04-15'!C12+B12 -> 0 | D12: TOUBOURO | E12: =I12 -> 0 | F12: ='14-04-15'!F12+E12 -> 0 | H12: TOUBOURO | I12: 0
A13: GAROUA | B13: =I8 -> 0 | C13: ='14-04-15'!C13+B13 -> 0 | D13: HOME | E13: =I13 -> 0 | F13: ='14-04-15'!F13+E13 -> 0 | H13: HOME | I13: 0
A15: TOTAL JOURNALIER = | C15: =SUM(B9:B13)+SUM(E9:E13) -> 0 | D15: CUMUL GENERAL = | F15: =SUM(C9:C13)+SUM(F9:F13) -> 0 | H15: JOURNEE | I15: 42109
H16: TRANSMISSION | I16: =I15+1 -> 42110
A20: Transmis le : | B20: =I16 -> 42110

Sheet 16-04-15
A1: SODECOTON
H2: TABLEAU DE SAISI
A3: PLUVIOMETRIE JOURNALIERE ET PAR PENTADE | H3: STATION | I3: RELEVES
H4: MAROUA | I4: 0
B5: JOURNEE DU : | D5: =I15 -> 42110 | H5: KAELE | I5: 0
H6: TCHATIBALI | I6: 0
A7: STATION | B7: RELEVES | D7: STATION | E7: RELEVES | H7: GUIDER | I7: 0
B8: JOURNALIER | C8: CUMUL | E8: JOURNALIER | F8: CUMUL | H8: GAROUA | I8: 0
A9: MAROUA | B9: =I4 -> 0 | C9: ='15-04-15'!C9+B9 -> 0 | D9: NGONG | E9: =I9 -> 0 | F9: ='15-04-15'!F9+E9 -> 0 | H9: NGONG | I9: 0
A10: KAELE | B10: =I5 -> 0 | C10: ='15-04-15'!C10+B10 -> 0 | D10: POLI | E10: =I10 -> 0 | F10: ='15-04-15'!F10+E10 -> 0 | H10: POLI | I10: 0
A11: TCHATIBALI | B11: =I6 -> 0 | C11: ='15-04-15'!C11+B11 -> 0 | D11: MAYO-GALKE | E11: =I11 -> 0 | F11: ='15-04-15'!F11+E11 -> 0 | H11: MAYO-GALKE | I11: 0
A12: GUIDER | B12: =I7 -> 0 | C12: ='15-04-15'!C12+B12 -> 0 | D12: TOUBOURO | E12: =I12 -> 0 | F12: ='15-04-15'!F12+E12 -> 0 | H12: TOUBOURO | I12: 0
A13: GAROUA | B13: =I8 -> 0 | C13: ='15-04-15'!C13+B13 -> 0 | D13: HOME | E13: =I13 -> 0 | F13: ='15-04-15'!F13+E13 -> 0 | H13: HOME | I13: 0
A15: TOTAL JOURNALIER = | C15: =SUM(B9:B13)+SUM(E9:E13) -> 0 | D15: CUMUL GENERAL = | F15: =SUM(C9:C13)+SUM(F9:F13) -> 0 | H15: JOURNEE | I15: 42110
H16: TRANSMISSION | I16: =I15+1 -> 42111
A20: Transmis le : | B20: =I16 -> 42111

Sheet 17-04-15
A1: SODECOTON
H2: TABLEAU DE SAISI
A3: PLUVIOMETRIE JOURNALIERE ET PAR PENTADE | H3: STATION | I3: RELEVES
H4: MAROUA | I4: 0
B5: JOURNEE DU : | D5: =I15 -> 42111 | H5: KAELE | I5: 0
H6: TCHATIBALI | I6: 0
A7: STATION | B7: RELEVES | D7: STATION | E7: RELEVES | H7: GUIDER | I7: 0
B8: JOURNALIER | C8: CUMUL | E8: JOURNALIER | F8: CUMUL | H8: GAROUA | I8: 0
A9: MAROUA | B9: =I4 -> 0 | C9: ='16-04-15'!C9+B9 -> 0 | D9: NGONG | E9: =I9 -> 0 | F9: ='16-04-15'!F9+E9 -> 0 | H9: NGONG | I9: 0
A10: KAELE | B10: =I5 -> 0 | C10: ='16-04-15'!C10+B10 -> 0 | D10: POLI | E10: =I10 -> 0 | F10: ='16-04-15'!F10+E10 -> 0 | H10: POLI | I10: 0
A11: TCHATIBALI | B11: =I6 -> 0 | C11: ='16-04-15'!C11+B11 -> 0 | D11: MAYO-GALKE | E11: =I11 -> 0 | F11: ='16-04-15'!F11+E11 -> 0 | H11: MAYO-GALKE | I11: 0
A12: GUIDER | B12: =I7 -> 0 | C12: ='16-04-15'!C12+B12 -> 0 | D12: TOUBOURO | E12: =I12 -> 0 | F12: ='16-04-15'!F12+E12 -> 0 | H12: TOUBOURO | I12: 0
A13: GAROUA | B13: =I8 -> 0 | C13: ='16-04-15'!C13+B13 -> 0 | D13: HOME | E13: =I13 -> 0 | F13: ='16-04-15'!F13+E13 -> 0 | H13: HOME | I13: 0
A15: TOTAL JOURNALIER = | C15: =SUM(B9:B13)+SUM(E9:E13) -> 0 | D15: CUMUL GENERAL = | F15: =SUM(C9:C13)+SUM(F9:F13) -> 0 | H15: JOURNEE | I15: 42111
H16: TRANSMISSION | I16: =I15+1 -> 42112
A20: Transmis le : | B20: =I16 -> 42112

Sheet 18-04-15
A1: SODECOTON
H2: TABLEAU DE SAISI
A3: PLUVIOMETRIE JOURNALIERE ET PAR PENTADE | H3: STATION | I3: RELEVES
H4: MAROUA | I4: 0
B5: JOURNEE DU : | D5: =I15 -> 42112 | H5: KAELE | I5: 0
H6: TCHATIBALI | I6: 0
A7: STATION | B7: RELEVES | D7: STATION | E7: RELEVES | H7: GUIDER | I7: 0
B8: JOURNALIER | C8: CUMUL | E8: JOURNALIER | F8: CUMUL | H8: GAROUA | I8: 0
A9: MAROUA | B9: =I4 -> 0 | C9: ='17-04-15'!C9+B9 -> 0 | D9: NGONG | E9: =I9 -> 0 | F9: ='17-04-15'!F9+E9 -> 0 | H9: NGONG | I9: 0
A10: KAELE | B10: =I5 -> 0 | C10: ='17-04-15'!C10+B10 -> 0 | D10: POLI | E10: =I10 -> 0 | F10: ='17-04-15'!F10+E10 -> 0 | H10: POLI | I10: 0
A11: TCHATIBALI | B11: =I6 -> 0 | C11: ='17-04-15'!C11+B11 -> 0 | D11: MAYO-GALKE | E11: =I11 -> 0 | F11: ='17-04-15'!F11+E11 -> 0 | H11: MAYO-GALKE | I11: 0
A12: GUIDER | B12: =I7 -> 0 | C12: ='17-04-15'!C12+B12 -> 0 | D12: TOUBOURO | E12: =I12 -> 0 | F12: ='17-04-15'!F12+E12 -> 0 | H12: TOUBOURO | I12: 0
A13: GAROUA | B13: =I8 -> 0 | C13: ='17-04-15'!C13+B13 -> 0 | D13: HOME | E13: =I13 -> 0 | F13: ='17-04-15'!F13+E13 -> 0 | H13: HOME | I13: 0
A15: TOTAL JOURNALIER = | C15: =SUM(B9:B13)+SUM(E9:E13) -> 0 | D15: CUMUL GENERAL = | F15: =SUM(C9:C13)+SUM(F9:F13) -> 0 | H15: JOURNEE | I15: 42112
H16: TRANSMISSION | I16: =I15+1 -> 42113
A20: Transmis le : | B20: =I16 -> 42113

Sheet 19-04-15
A1: SODECOTON
H2: TABLEAU DE SAISI
A3: PLUVIOMETRIE JOURNALIERE ET PAR PENTADE | H3: STATION | I3: RELEVES
H4: MAROUA | I4: 0
B5: JOURNEE DU : | D5: =I15 -> 42113 | H5: KAELE | I5: 0
H6: TCHATIBALI | I6: 0
A7: STATION | B7: RELEVES | D7: STATION | E7: RELEVES | H7: GUIDER | I7: 0
B8: JOURNALIER | C8: CUMUL | E8: JOURNALIER | F8: CUMUL | H8: GAROUA | I8: 0
A9: MAROUA | B9: =I4 -> 0 | C9: ='18-04-15'!C9+B9 -> 0 | D9: NGONG | E9: =I9 -> 0 | F9: ='18-04-15'!F9+E9 -> 0 | H9: NGONG | I9: 0
A10: KAELE | B10: =I5 -> 0 | C10: ='18-04-15'!C10+B10 -> 0 | D10: POLI | E10: =I10 -> 0 | F10: ='18-04-15'!F10+E10 -> 0 | H10: POLI | I10: 0
A11: TCHATIBALI | B11: =I6 -> 0 | C11: ='18-04-15'!C11+B11 -> 0 | D11: MAYO-GALKE | E11: =I11 -> 0 | F11: ='18-04-15'!F11+E11 -> 0 | H11: MAYO-GALKE | I11: 0
A12: GUIDER | B12: =I7 -> 0 | C12: ='18-04-15'!C12+B12 -> 0 | D12: TOUBOURO | E12: =I12 -> 0 | F12: ='18-04-15'!F12+E12 -> 0 | H12: TOUBOURO | I12: 0
A13: GAROUA | B13: =I8 -> 0 | C13: ='18-04-15'!C13+B13 -> 0 | D13: HOME | E13: =I13 -> 0 | F13: ='18-04-15'!F13+E13 -> 0 | H13: HOME | I13: 0
A15: TOTAL JOURNALIER = | C15: =SUM(B9:B13)+SUM(E9:E13) -> 0 | D15: CUMUL GENERAL = | F15: =SUM(C9:C13)+SUM(F9:F13) -> 0 | H15: JOURNEE | I15: 42113
H16: TRANSMISSION | I16: =I15+1 -> 42114
A20: Transmis le : | B20: =I16 -> 42114

Sheet 20-04-15
A1: SODECOTON
H2: TABLEAU DE SAISI
A3: PLUVIOMETRIE JOURNALIERE ET PAR PENTADE | H3: STATION | I3: RELEVES
H4: MAROUA | I4: 0
B5: JOURNEE DU : | D5: =I15 -> 42114 | H5: KAELE | I5: 0
H6: TCHATIBALI | I6: 0
A7: STATION | B7: RELEVES | D7: STATION | E7: RELEVES | H7: GUIDER | I7: 0
B8: JOURNALIER | C8: CUMUL | E8: JOURNALIER | F8: CUMUL | H8: GAROUA | I8: 0
A9: MAROUA | B9: =I4 -> 0 | C9: ='19-04-15'!C9+B9 -> 0 | D9: NGONG | E9: =I9 -> 0 | F9: ='19-04-15'!F9+E9 -> 0 | H9: NGONG | I9: 0
A10: KAELE | B10: =I5 -> 0 | C10: ='19-04-15'!C10+B10 -> 0 | D10: POLI | E10: =I10 -> 0 | F10: ='19-04-15'!F10+E10 -> 0 | H10: POLI | I10: 0
A11: TCHATIBALI | B11: =I6 -> 0 | C11: ='19-04-15'!C11+B11 -> 0 | D11: MAYO-GALKE | E11: =I11 -> 0 | F11: ='19-04-15'!F11+E11 -> 0 | H11: MAYO-GALKE | I11: 0
A12: GUIDER | B12: =I7 -> 0 | C12: ='19-04-15'!C12+B12 -> 0 | D12: TOUBOURO | E12: =I12 -> 0 | F12: ='19-04-15'!F12+E12 -> 0 | H12: TOUBOURO | I12: 0
A13: GAROUA | B13: =I8 -> 0 | C13: ='19-04-15'!C13+B13 -> 0 | D13: HOME | E13: =I13 -> 0 | F13: ='19-04-15'!F13+E13 -> 0 | H13: HOME | I13: 0
A15: TOTAL JOURNALIER = | C15: =SUM(B9:B13)+SUM(E9:E13) -> 0 | D15: CUMUL GENERAL = | F15: =SUM(C9:C13)+SUM(F9:F13) -> 0 | H15: JOURNEE | I15: 42114
H16: TRANSMISSION | I16: =I15+1 -> 42115
A20: Transmis le : | B20: =I16 -> 42115

Sheet 21-04-15
A1: SODECOTON
H2: TABLEAU DE SAISI
A3: PLUVIOMETRIE JOURNALIERE ET PAR PENTADE | H3: STATION | I3: RELEVES
H4: MAROUA | I4: 0
B5: JOURNEE DU : | D5: =I15 -> 42115 | H5: KAELE | I5: 0
H6: TCHATIBALI | I6: 0
A7: STATION | B7: RELEVES | D7: STATION | E7: RELEVES | H7: GUIDER | I7: 0
B8: JOURNALIER | C8: CUMUL | E8: JOURNALIER | F8: CUMUL | H8: GAROUA | I8: 0
A9: MAROUA | B9: =I4 -> 0 | C9: ='20-04-15'!C9+B9 -> 0 | D9: NGONG | E9: =I9 -> 0 | F9: ='20-04-15'!F9+E9 -> 0 | H9: NGONG | I9: 0
A10: KAELE | B10: =I5 -> 0 | C10: ='20-04-15'!C10+B10 -> 0 | D10: POLI | E10: =I10 -> 0 | F10: ='20-04-15'!F10+E10 -> 0 | H10: POLI | I10: 0
A11: TCHATIBALI | B11: =I6 -> 0 | C11: ='20-04-15'!C11+B11 -> 0 | D11: MAYO-GALKE | E11: =I11 -> 0 | F11: ='20-04-15'!F11+E11 -> 0 | H11: MAYO-GALKE | I11: 0
A12: GUIDER | B12: =I7 -> 0 | C12: ='20-04-15'!C12+B12 -> 0 | D12: TOUBOURO | E12: =I12 -> 0 | F12: ='20-04-15'!F12+E12 -> 0 | H12: TOUBOURO | I12: 0
A13: GAROUA | B13: =I8 -> 0 | C13: ='20-04-15'!C13+B13 -> 0 | D13: HOME | E13: =I13 -> 0 | F13: ='20-04-15'!F13+E13 -> 0 | H13: HOME | I13: 0
A15: TOTAL JOURNALIER = | C15: =SUM(B9:B13)+SUM(E9:E13) -> 0 | D15: CUMUL GENERAL = | F15: =SUM(C9:C13)+SUM(F9:F13) -> 0 | H15: JOURNEE | I15: 42115
H16: TRANSMISSION | I16: =I15+1 -> 42116
A20: Transmis le : | B20: =I16 -> 42116

Sheet 22-04-15
A1: SODECOTON
H2: TABLEAU DE SAISI
A3: PLUVIOMETRIE JOURNALIERE ET PAR PENTADE | H3: STATION | I3: RELEVES
H4: MAROUA | I4: 0
B5: JOURNEE DU : | D5: =I15 -> 42116 | H5: KAELE | I5: 0
H6: TCHATIBALI | I6: 0
A7: STATION | B7: RELEVES | D7: STATION | E7: RELEVES | H7: GUIDER | I7: 0
B8: JOURNALIER | C8: CUMUL | E8: JOURNALIER | F8: CUMUL | H8: GAROUA | I8: 0
A9: MAROUA | B9: =I4 -> 0 | C9: ='21-04-15'!C9+B9 -> 0 | D9: NGONG | E9: =I9 -> 0 | F9: ='21-04-15'!F9+E9 -> 0 | H9: NGONG | I9: 0
A10: KAELE | B10: =I5 -> 0 | C10: ='21-04-15'!C10+B10 -> 0 | D10: POLI | E10: =I10 -> 0 | F10: ='21-04-15'!F10+E10 -> 0 | H10: POLI | I10: 0
A11: TCHATIBALI | B11: =I6 -> 0 | C11: ='21-04-15'!C11+B11 -> 0 | D11: MAYO-GALKE | E11: =I11 -> 0 | F11: ='21-04-15'!F11+E11 -> 0 | H11: MAYO-GALKE | I11: 0
A12: GUIDER | B12: =I7 -> 0 | C12: ='21-04-15'!C12+B12 -> 0 | D12: TOUBOURO | E12: =I12 -> 0 | F12: ='21-04-15'!F12+E12 -> 0 | H12: TOUBOURO | I12: 0
A13: GAROUA | B13: =I8 -> 0 | C13: ='21-04-15'!C13+B13 -> 0 | D13: HOME | E13: =I13 -> 0 | F13: ='21-04-15'!F13+E13 -> 0 | H13: HOME | I13: 0
A15: TOTAL JOURNALIER = | C15: =SUM(B9:B13)+SUM(E9:E13) -> 0 | D15: CUMUL GENERAL = | F15: =SUM(C9:C13)+SUM(F9:F13) -> 0 | H15: JOURNEE | I15: 42116
H16: TRANSMISSION | I16: =I15+1 -> 42117
A20: Transmis le : | B20: =I16 -> 42117

Sheet 23-04-15
A1: SODECOTON
H2: TABLEAU DE SAISI
A3: PLUVIOMETRIE JOURNALIERE ET PAR PENTADE | H3: STATION | I3: RELEVES
H4: MAROUA | I4: 0
B5: JOURNEE DU : | D5: =I15 -> 42117 | H5: KAELE | I5: 0
H6: TCHATIBALI | I6: 0
A7: STATION | B7: RELEVES | D7: STATION | E7: RELEVES | H7: GUIDER | I7: 0
B8: JOURNALIER | C8: CUMUL | E8: JOURNALIER | F8: CUMUL | H8: GAROUA | I8: 0
A9: MAROUA | B9: =I4 -> 0 | C9: ='22-04-15'!C9+B9 -> 0 | D9: NGONG | E9: =I9 -> 0 | F9: ='22-04-15'!F9+E9 -> 0 | H9: NGONG | I9: 0
A10: KAELE | B10: =I5 -> 0 | C10: ='22-04-15'!C10+B10 -> 0 | D10: POLI | E10: =I10 -> 0 | F10: ='22-04-15'!F10+E10 -> 0 | H10: POLI | I10: 0
A11: TCHATIBALI | B11: =I6 -> 0 | C11: ='22-04-15'!C11+B11 -> 0 | D11: MAYO-GALKE | E11: =I11 -> 0 | F11: ='22-04-15'!F11+E11 -> 0 | H11: MAYO-GALKE | I11: 0
A12: GUIDER | B12: =I7 -> 0 | C12: ='22-04-15'!C12+B12 -> 0 | D12: TOUBOURO | E12: =I12 -> 0 | F12: ='22-04-15'!F12+E12 -> 0 | H12: TOUBOURO | I12: 0
A13: GAROUA | B13: =I8 -> 0 | C13: ='22-04-15'!C13+B13 -> 0 | D13: HOME | E13: =I13 -> 0 | F13: ='22-04-15'!F13+E13 -> 0 | H13: HOME | I13: 0
A15: TOTAL JOURNALIER = | C15: =SUM(B9:B13)+SUM(E9:E13) -> 0 | D15: CUMUL GENERAL = | F15: =SUM(C9:C13)+SUM(F9:F13) -> 0 | H15: JOURNEE | I15: 42117
H16: TRANSMISSION | I16: =I15+1 -> 42118
A20: Transmis le : | B20: =I16 -> 42118

Sheet 24-04-15
A1: SODECOTON
H2: TABLEAU DE SAISI
A3: PLUVIOMETRIE JOURNALIERE ET PAR PENTADE | H3: STATION | I3: RELEVES
H4: MAROUA | I4: 0
B5: JOURNEE DU : | D5: =I15 -> 42118 | H5: KAELE | I5: 0
H6: TCHATIBALI | I6: 0
A7: STATION | B7: RELEVES | D7: STATION | E7: RELEVES | H7: GUIDER | I7: 0
B8: JOURNALIER | C8: CUMUL | E8: JOURNALIER | F8: CUMUL | H8: GAROUA | I8: 0
A9: MAROUA | B9: =I4 -> 0 | C9: ='23-04-15'!C9+B9 -> 0 | D9: NGONG | E9: =I9 -> 0 | F9: ='23-04-15'!F9+E9 -> 0 | H9: NGONG | I9: 0
A10: KAELE | B10: =I5 -> 0 | C10: ='23-04-15'!C10+B10 -> 0 | D10: POLI | E10: =I10 -> 0 | F10: ='23-04-15'!F10+E10 -> 0 | H10: POLI | I10: 0
A11: TCHATIBALI | B11: =I6 -> 0 | C11: ='23-04-15'!C11+B11 -> 0 | D11: MAYO-GALKE | E11: =I11 -> 0 | F11: ='23-04-15'!F11+E11 -> 0 | H11: MAYO-GALKE | I11: 0
A12: GUIDER | B12: =I7 -> 0 | C12: ='23-04-15'!C12+B12 -> 0 | D12: TOUBOURO | E12: =I12 -> 0 | F12: ='23-04-15'!F12+E12 -> 0 | H12: TOUBOURO | I12: 0
A13: GAROUA | B13: =I8 -> 0 | C13: ='23-04-15'!C13+B13 -> 0 | D13: HOME | E13: =I13 -> 0 | F13: ='23-04-15'!F13+E13 -> 0 | H13: HOME | I13: 0
A15: TOTAL JOURNALIER = | C15: =SUM(B9:B13)+SUM(E9:E13) -> 0 | D15: CUMUL GENERAL = | F15: =SUM(C9:C13)+SUM(F9:F13) -> 0 | H15: JOURNEE | I15: 42118
H16: TRANSMISSION | I16: =I15+1 -> 42119
A20: Transmis le : | B20: =I16 -> 42119

Sheet 25-04-15
A1: SODECOTON
H2: TABLEAU DE SAISI
A3: PLUVIOMETRIE JOURNALIERE ET PAR PENTADE | H3: STATION | I3: RELEVES
H4: MAROUA | I4: 0
B5: JOURNEE DU : | D5: =I15 -> 42119 | H5: KAELE | I5: 0
H6: TCHATIBALI | I6: 0
A7: STATION | B7: RELEVES | D7: STATION | E7: RELEVES | H7: GUIDER | I7: 0
B8: JOURNALIER | C8: CUMUL | E8: JOURNALIER | F8: CUMUL | H8: GAROUA | I8: 0
A9: MAROUA | B9: =I4 -> 0 | C9: ='24-04-15'!C9+B9 -> 0 | D9: NGONG | E9: =I9 -> 0 | F9: ='24-04-15'!F9+E9 -> 0 | H9: NGONG | I9: 0
A10: KAELE | B10: =I5 -> 0 | C10: ='24-04-15'!C10+B10 -> 0 | D10: POLI | E10: =I10 -> 0 | F10: ='24-04-15'!F10+E10 -> 0 | H10: POLI | I10: 0
A11: TCHATIBALI | B11: =I6 -> 0 | C11: ='24-04-15'!C11+B11 -> 0 | D11: MAYO-GALKE | E11: =I11 -> 0 | F11: ='24-04-15'!F11+E11 -> 0 | H11: MAYO-GALKE | I11: 0
A12: GUIDER | B12: =I7 -> 0 | C12: ='24-04-15'!C12+B12 -> 0 | D12: TOUBOURO | E12: =I12 -> 0 | F12: ='24-04-15'!F12+E12 -> 0 | H12: TOUBOURO | I12: 0
A13: GAROUA | B13: =I8 -> 0 | C13: ='24-04-15'!C13+B13 -> 0 | D13: HOME | E13: =I13 -> 0 | F13: ='24-04-15'!F13+E13 -> 0 | H13: HOME | I13: 0
A15: TOTAL JOURNALIER = | C15: =SUM(B9:B13)+SUM(E9:E13) -> 0 | D15: CUMUL GENERAL = | F15: =SUM(C9:C13)+SUM(F9:F13) -> 0 | H15: JOURNEE | I15: 42119
H16: TRANSMISSION | I16: =I15+1 -> 42120
A20: Transmis le : | B20: =I16 -> 42120

Sheet 26-04-15
A1: SODECOTON
H2: TABLEAU DE SAISI
A3: PLUVIOMETRIE JOURNALIERE ET PAR PENTADE | H3: STATION | I3: RELEVES
H4: MAROUA | I4: 0
B5: JOURNEE DU : | D5: =I15 -> 42120 | H5: KAELE | I5: 0
H6: TCHATIBALI | I6: 0
A7: STATION | B7: RELEVES | D7: STATION | E7: RELEVES | H7: GUIDER | I7: 0
B8: JOURNALIER | C8: CUMUL | E8: JOURNALIER | F8: CUMUL | H8: GAROUA | I8: 0
A9: MAROUA | B9: =I4 -> 0 | C9: ='25-04-15'!C9+B9 -> 0 | D9: NGONG | E9: =I9 -> 0 | F9: ='25-04-15'!F9+E9 -> 0 | H9: NGONG | I9: 0
A10: KAELE | B10: =I5 -> 0 | C10: ='25-04-15'!C10+B10 -> 0 | D10: POLI | E10: =I10 -> 0 | F10: ='25-04-15'!F10+E10 -> 0 | H10: POLI | I10: 0
A11: TCHATIBALI | B11: =I6 -> 0 | C11: ='25-04-15'!C11+B11 -> 0 | D11: MAYO-GALKE | E11: =I11 -> 0 | F11: ='25-04-15'!F11+E11 -> 0 | H11: MAYO-GALKE | I11: 0
A12: GUIDER | B12: =I7 -> 0 | C12: ='25-04-15'!C12+B12 -> 0 | D12: TOUBOURO | E12: =I12 -> 0 | F12: ='25-04-15'!F12+E12 -> 0 | H12: TOUBOURO | I12: 0
A13: GAROUA | B13: =I8 -> 0 | C13: ='25-04-15'!C13+B13 -> 0 | D13: HOME | E13: =I13 -> 0 | F13: ='25-04-15'!F13+E13 -> 0 | H13: HOME | I13: 0
A15: TOTAL JOURNALIER = | C15: =SUM(B9:B13)+SUM(E9:E13) -> 0 | D15: CUMUL GENERAL = | F15: =SUM(C9:C13)+SUM(F9:F13) -> 0 | H15: JOURNEE | I15: 42120
H16: TRANSMISSION | I16: =I15+1 -> 42121
A20: Transmis le : | B20: =I16 -> 42121

Sheet 27-04-15
A1: SODECOTON
H2: TABLEAU DE SAISI
A3: PLUVIOMETRIE JOURNALIERE ET PAR PENTADE | H3: STATION | I3: RELEVES
H4: MAROUA | I4: 0
B5: JOURNEE DU : | D5: =I15 -> 42121 | H5: KAELE | I5: 0
H6: TCHATIBALI | I6: 0
A7: STATION | B7: RELEVES | D7: STATION | E7: RELEVES | H7: GUIDER | I7: 0
B8: JOURNALIER | C8: CUMUL | E8: JOURNALIER | F8: CUMUL | H8: GAROUA | I8: 0
A9: MAROUA | B9: =I4 -> 0 | C9: ='26-04-15'!C9+B9 -> 0 | D9: NGONG | E9: =I9 -> 0 | F9: ='26-04-15'!F9+E9 -> 0 | H9: NGONG | I9: 0
A10: KAELE | B10: =I5 -> 0 | C10: ='26-04-15'!C10+B10 -> 0 | D10: POLI | E10: =I10 -> 0 | F10: ='26-04-15'!F10+E10 -> 0 | H10: POLI | I10: 0
A11: TCHATIBALI | B11: =I6 -> 0 | C11: ='26-04-15'!C11+B11 -> 0 | D11: MAYO-GALKE | E11: =I11 -> 0 | F11: ='26-04-15'!F11+E11 -> 0 | H11: MAYO-GALKE | I11: 0
A12: GUIDER | B12: =I7 -> 0 | C12: ='26-04-15'!C12+B12 -> 0 | D12: TOUBOURO | E12: =I12 -> 0 | F12: ='26-04-15'!F12+E12 -> 0 | H12: TOUBOURO | I12: 0
A13: GAROUA | B13: =I8 -> 0 | C13: ='26-04-15'!C13+B13 -> 0 | D13: HOME | E13: =I13 -> 0 | F13: ='26-04-15'!F13+E13 -> 0 | H13: HOME | I13: 0
A15: TOTAL JOURNALIER = | C15: =SUM(B9:B13)+SUM(E9:E13) -> 0 | D15: CUMUL GENERAL = | F15: =SUM(C9:C13)+SUM(F9:F13) -> 0 | H15: JOURNEE | I15: 42121
H16: TRANSMISSION | I16: =I15+1 -> 42122
A20: Transmis le : | B20: =I16 -> 42122

Sheet 28-04-15
A1: SODECOTON
H2: TABLEAU DE SAISI
A3: PLUVIOMETRIE JOURNALIERE ET PAR PENTADE | H3: STATION | I3: RELEVES
H4: MAROUA | I4: 0
B5: JOURNEE DU : | D5: =I15 -> 42122 | H5: KAELE | I5: 0
H6: TCHATIBALI | I6: 0
A7: STATION | B7: RELEVES | D7: STATION | E7: RELEVES | H7: GUIDER | I7: 0
B8: JOURNALIER | C8: CUMUL | E8: JOURNALIER | F8: CUMUL | H8: GAROUA | I8: 0
A9: MAROUA | B9: =I4 -> 0 | C9: ='27-04-15'!C9+B9 -> 0 | D9: NGONG | E9: =I9 -> 0 | F9: ='27-04-15'!F9+E9 -> 0 | H9: NGONG | I9: 0
A10: KAELE | B10: =I5 -> 0 | C10: ='27-04-15'!C10+B10 -> 0 | D10: POLI | E10: =I10 -> 0 | F10: ='27-04-15'!F10+E10 -> 0 | H10: POLI | I10: 0
A11: TCHATIBALI | B11: =I6 -> 0 | C11: ='27-04-15'!C11+B11 -> 0 | D11: MAYO-GALKE | E11: =I11 -> 0 | F11: ='27-04-15'!F11+E11 -> 0 | H11: MAYO-GALKE | I11: 0
A12: GUIDER | B12: =I7 -> 0 | C12: ='27-04-15'!C12+B12 -> 0 | D12: TOUBOURO | E12: =I12 -> 0 | F12: ='27-04-15'!F12+E12 -> 0 | H12: TOUBOURO | I12: 0
A13: GAROUA | B13: =I8 -> 0 | C13: ='27-04-15'!C13+B13 -> 0 | D13: HOME | E13: =I13 -> 0 | F13: ='27-04-15'!F13+E13 -> 0 | H13: HOME | I13: 0
A15: TOTAL JOURNALIER = | C15: =SUM(B9:B13)+SUM(E9:E13) -> 0 | D15: CUMUL GENERAL = | F15: =SUM(C9:C13)+SUM(F9:F13) -> 0 | H15: JOURNEE | I15: 42122
H16: TRANSMISSION | I16: =I15+1 -> 42123
A20: Transmis le : | B20: =I16 -> 42123

Sheet 29-04-15
A1: SODECOTON
H2: TABLEAU DE SAISI
A3: PLUVIOMETRIE JOURNALIERE ET PAR PENTADE | H3: STATION | I3: RELEVES
H4: MAROUA | I4: 0
B5: JOURNEE DU : | D5: =I15 -> 42123 | H5: KAELE | I5: 0
H6: TCHATIBALI | I6: 0
A7: STATION | B7: RELEVES | D7: STATION | E7: RELEVES | H7: GUIDER | I7: 0
B8: JOURNALIER | C8: CUMUL | E8: JOURNALIER | F8: CUMUL | H8: GAROUA | I8: 0
A9: MAROUA | B9: =I4 -> 0 | C9: ='28-04-15'!C9+B9 -> 0 | D9: NGONG | E9: =I9 -> 0 | F9: ='28-04-15'!F9+E9 -> 0 | H9: NGONG | I9: 0
A10: KAELE | B10: =I5 -> 0 | C10: ='28-04-15'!C10+B10 -> 0 | D10: POLI | E10: =I10 -> 0 | F10: ='28-04-15'!F10+E10 -> 0 | H10: POLI | I10: 0
A11: TCHATIBALI | B11: =I6 -> 0 | C11: ='28-04-15'!C11+B11 -> 0 | D11: MAYO-GALKE | E11: =I11 -> 0 | F11: ='28-04-15'!F11+E11 -> 0 | H11: MAYO-GALKE | I11: 0
A12: GUIDER | B12: =I7 -> 0 | C12: ='28-04-15'!C12+B12 -> 0 | D12: TOUBOURO | E12: =I12 -> 0 | F12: ='28-04-15'!F12+E12 -> 0 | H12: TOUBOURO | I12: 0
A13: GAROUA | B13: =I8 -> 0 | C13: ='28-04-15'!C13+B13 -> 0 | D13: HOME | E13: =I13 -> 0 | F13: ='28-04-15'!F13+E13 -> 0 | H13: HOME | I13: 0
A15: TOTAL JOURNALIER = | C15: =SUM(B9:B13)+SUM(E9:E13) -> 0 | D15: CUMUL GENERAL = | F15: =SUM(C9:C13)+SUM(F9:F13) -> 0 | H15: JOURNEE | I15: 42123
H16: TRANSMISSION | I16: =I15+1 -> 42124
A20: Transmis le : | B20: =I16 -> 42124

Sheet 30-04-15
A1: SODECOTON
H2: TABLEAU DE SAISI
A3: PLUVIOMETRIE JOURNALIERE ET PAR PENTADE | H3: STATION | I3: RELEVES
H4: MAROUA | I4: 0
B5: JOURNEE DU : | D5: =I15 -> 42124 | H5: KAELE | I5: 0
H6: TCHATIBALI | I6: 0
A7: STATION | B7: RELEVES | D7: STATION | E7: RELEVES | H7: GUIDER | I7: 0
B8: JOURNALIER | C8: CUMUL | E8: JOURNALIER | F8: CUMUL | H8: GAROUA | I8: 0
A9: MAROUA | B9: =I4 -> 0 | C9: ='29-04-15'!C9+B9 -> 0 | D9: NGONG | E9: =I9 -> 0 | F9: ='29-04-15'!F9+E9 -> 0 | H9: NGONG | I9: 0
A10: KAELE | B10: =I5 -> 0 | C10: ='29-04-15'!C10+B10 -> 0 | D10: POLI | E10: =I10 -> 0 | F10: ='29-04-15'!F10+E10 -> 0 | H10: POLI | I10: 0
A11: TCHATIBALI | B11: =I6 -> 0 | C11: ='29-04-15'!C11+B11 -> 0 | D11: MAYO-GALKE | E11: =I11 -> 0 | F11: ='29-04-15'!F11+E11 -> 0 | H11: MAYO-GALKE | I11: 0
A12: GUIDER | B12: =I7 -> 0 | C12: ='29-04-15'!C12+B12 -> 0 | D12: TOUBOURO | E12: =I12 -> 0 | F12: ='29-04-15'!F12+E12 -> 0 | H12: TOUBOURO | I12: 0
A13: GAROUA | B13: =I8 -> 0 | C13: ='29-04-15'!C13+B13 -> 0 | D13: HOME | E13: =I13 -> 0 | F13: ='29-04-15'!F13+E13 -> 0 | H13: HOME | I13: 0
A15: TOTAL JOURNALIER = | C15: =SUM(B9:B13)+SUM(E9:E13) -> 0 | D15: CUMUL GENERAL = | F15: =SUM(C9:C13)+SUM(F9:F13) -> 0 | H15: JOURNEE | I15: 42124
H16: TRANSMISSION | I16: =I15+1 -> 42125
A20: Transmis le : | B20: =I16 -> 42125

Sheet 01-05-15
A1: SODECOTON
H2: TABLEAU DE SAISI
A3: PLUVIOMETRIE JOURNALIERE ET PAR PENTADE | H3: STATION | I3: RELEVES
H4: MAROUA | I4: 0
B5: JOURNEE DU : | D5: =I15 -> 42125 | H5: KAELE | I5: 0
H6: TCHATIBALI | I6: 0
A7: STATION | B7: RELEVES | D7: STATION | E7: RELEVES | H7: GUIDER | I7: 0
B8: JOURNALIER | C8: CUMUL | E8: JOURNALIER | F8: CUMUL | H8: GAROUA | I8: 0
A9: MAROUA | B9: =I4 -> 0 | C9: ='30-04-15'!C9+B9 -> 0 | D9: NGONG | E9: =I9 -> 0 | F9: ='30-04-15'!F9+E9 -> 0 | H9: NGONG | I9: 0
A10: KAELE | B10: =I5 -> 0 | C10: ='30-04-15'!C10+B10 -> 0 | D10: POLI | E10: =I10 -> 0 | F10: ='30-04-15'!F10+E10 -> 0 | H10: POLI | I10: 0
A11: TCHATIBALI | B11: =I6 -> 0 | C11: ='30-04-15'!C11+B11 -> 0 | D11: MAYO-GALKE | E11: =I11 -> 0 | F11: ='30-04-15'!F11+E11 -> 0 | H11: MAYO-GALKE | I11: 0
A12: GUIDER | B12: =I7 -> 0 | C12: ='30-04-15'!C12+B12 -> 0 | D12: TOUBOURO | E12: =I12 -> 0 | F12: ='30-04-15'!F12+E12 -> 0 | H12: TOUBOURO | I12: 0
A13: GAROUA | B13: =I8 -> 0 | C13: ='30-04-15'!C13+B13 -> 0 | D13: HOME | E13: =I13 -> 0 | F13: ='30-04-15'!F13+E13 -> 0 | H13: HOME | I13: 0
A15: TOTAL JOURNALIER = | C15: =SUM(B9:B13)+SUM(E9:E13) -> 0 | D15: CUMUL GENERAL = | F15: =SUM(C9:C13)+SUM(F9:F13) -> 0 | H15: JOURNEE | I15: 42125
H16: TRANSMISSION | I16: =I15+1 -> 42126
A20: Transmis le : | B20: =I16 -> 42126

Sheet 02-05-15
A1: SODECOTON
H2: TABLEAU DE SAISI
A3: PLUVIOMETRIE JOURNALIERE ET PAR PENTADE | H3: STATION | I3: RELEVES
H4: MAROUA | I4: 0
B5: JOURNEE DU : | D5: =I15 -> 42126 | H5: KAELE | I5: 0
H6: TCHATIBALI | I6: 0
A7: STATION | B7: RELEVES | D7: STATION | E7: RELEVES | H7: GUIDER | I7: 0
B8: JOURNALIER | C8: CUMUL | E8: JOURNALIER | F8: CUMUL | H8: GAROUA | I8: 0
A9: MAROUA | B9: =I4 -> 0 | C9: ='01-05-15'!C9+B9 -> 0 | D9: NGONG | E9: =I9 -> 0 | F9: ='01-05-15'!F9+E9 -> 0 | H9: NGONG | I9: 0
A10: KAELE | B10: =I5 -> 0 | C10: ='01-05-15'!C10+B10 -> 0 | D10: POLI | E10: =I10 -> 0 | F10: ='01-05-15'!F10+E10 -> 0 | H10: POLI | I10: 0
A11: TCHATIBALI | B11: =I6 -> 0 | C11: ='01-05-15'!C11+B11 -> 0 | D11: MAYO-GALKE | E11: =I11 -> 0 | F11: ='01-05-15'!F11+E11 -> 0 | H11: MAYO-GALKE | I11: 0
A12: GUIDER | B12: =I7 -> 0 | C12: ='01-05-15'!C12+B12 -> 0 | D12: TOUBOURO | E12: =I12 -> 0 | F12: ='01-05-15'!F12+E12 -> 0 | H12: TOUBOURO | I12: 0
A13: GAROUA | B13: =I8 -> 0 | C13: ='01-05-15'!C13+B13 -> 0 | D13: HOME | E13: =I13 -> 0 | F13: ='01-05-15'!F13+E13 -> 0 | H13: HOME | I13: 0
A15: TOTAL JOURNALIER = | C15: =SUM(B9:B13)+SUM(E9:E13) -> 0 | D15: CUMUL GENERAL = | F15: =SUM(C9:C13)+SUM(F9:F13) -> 0 | H15: JOURNEE | I15: 42126
H16: TRANSMISSION | I16: =I15+1 -> 42127
A20: Transmis le : | B20: =I16 -> 42127

Sheet 03-05-15
A1: SODECOTON
H2: TABLEAU DE SAISI
A3: PLUVIOMETRIE JOURNALIERE ET PAR PENTADE | H3: STATION | I3: RELEVES
H4: MAROUA | I4: 0
B5: JOURNEE DU : | D5: =I15 -> 42127 | H5: KAELE | I5: 0
H6: TCHATIBALI | I6: 0
A7: STATION | B7: RELEVES | D7: STATION | E7: RELEVES | H7: GUIDER | I7: 0
B8: JOURNALIER | C8: CUMUL | E8: JOURNALIER | F8: CUMUL | H8: GAROUA | I8: 0
A9: MAROUA | B9: =I4 -> 0 | C9: ='02-05-15'!C9+B9 -> 0 | D9: NGONG | E9: =I9 -> 0 | F9: ='02-05-15'!F9+E9 -> 0 | H9: NGONG | I9: 0
A10: KAELE | B10: =I5 -> 0 | C10: ='02-05-15'!C10+B10 -> 0 | D10: POLI | E10: =I10 -> 0 | F10: ='02-05-15'!F10+E10 -> 0 | H10: POLI | I10: 0
A11: TCHATIBALI | B11: =I6 -> 0 | C11: ='02-05-15'!C11+B11 -> 0 | D11: MAYO-GALKE | E11: =I11 -> 0 | F11: ='02-05-15'!F11+E11 -> 0 | H11: MAYO-GALKE | I11: 0
A12: GUIDER | B12: =I7 -> 0 | C12: ='02-05-15'!C12+B12 -> 0 | D12: TOUBOURO | E12: =I12 -> 0 | F12: ='02-05-15'!F12+E12 -> 0 | H12: TOUBOURO | I12: 0
A13: GAROUA | B13: =I8 -> 0 | C13: ='02-05-15'!C13+B13 -> 0 | D13: HOME | E13: =I13 -> 0 | F13: ='02-05-15'!F13+E13 -> 0 | H13: HOME | I13: 0
A15: TOTAL JOURNALIER = | C15: =SUM(B9:B13)+SUM(E9:E13) -> 0 | D15: CUMUL GENERAL = | F15: =SUM(C9:C13)+SUM(F9:F13) -> 0 | H15: JOURNEE | I15: 42127
H16: TRANSMISSION | I16: =I15+1 -> 42128
A20: Transmis le : | B20: =I16 -> 42128

Sheet 04-05-15
A1: SODECOTON
H2: TABLEAU DE SAISI
A3: PLUVIOMETRIE JOURNALIERE ET PAR PENTADE | H3: STATION | I3: RELEVES
H4: MAROUA | I4: 0
B5: JOURNEE DU : | D5: =I15 -> 42128 | H5: KAELE | I5: 0
H6: TCHATIBALI | I6: 0
A7: STATION | B7: RELEVES | D7: STATION | E7: RELEVES | H7: GUIDER | I7: 0
B8: JOURNALIER | C8: CUMUL | E8: JOURNALIER | F8: CUMUL | H8: GAROUA | I8: 0
A9: MAROUA | B9: =I4 -> 0 | C9: ='03-05-15'!C9+B9 -> 0 | D9: NGONG | E9: =I9 -> 0 | F9: ='03-05-15'!F9+E9 -> 0 | H9: NGONG | I9: 0
A10: KAELE | B10: =I5 -> 0 | C10: ='03-05-15'!C10+B10 -> 0 | D10: POLI | E10: =I10 -> 0 | F10: ='03-05-15'!F10+E10 -> 0 | H10: POLI | I10: 0
A11: TCHATIBALI | B11: =I6 -> 0 | C11: ='03-05-15'!C11+B11 -> 0 | D11: MAYO-GALKE | E11: =I11 -> 0 | F11: ='03-05-15'!F11+E11 -> 0 | H11: MAYO-GALKE | I11: 0
A12: GUIDER | B12: =I7 -> 0 | C12: ='03-05-15'!C12+B12 -> 0 | D12: TOUBOURO | E12: =I12 -> 0 | F12: ='03-05-15'!F12+E12 -> 0 | H12: TOUBOURO | I12: 0
A13: GAROUA | B13: =I8 -> 0 | C13: ='03-05-15'!C13+B13 -> 0 | D13: HOME | E13: =I13 -> 0 | F13: ='03-05-15'!F13+E13 -> 0 | H13: HOME | I13: 0
A15: TOTAL JOURNALIER = | C15: =SUM(B9:B13)+SUM(E9:E13) -> 0 | D15: CUMUL GENERAL = | F15: =SUM(C9:C13)+SUM(F9:F13) -> 0 | H15: JOURNEE | I15: 42128
H16: TRANSMISSION | I16: =I15+1 -> 42129
A20: Transmis le : | B20: =I16 -> 42129

Sheet 05-05-15
A1: SODECOTON
H2: TABLEAU DE SAISI
A3: PLUVIOMETRIE JOURNALIERE ET PAR PENTADE | H3: STATION | I3: RELEVES
H4: MAROUA | I4: 0
B5: JOURNEE DU : | D5: =I15 -> 42129 | H5: KAELE | I5: 0
H6: TCHATIBALI | I6: 0
A7: STATION | B7: RELEVES | D7: STATION | E7: RELEVES | H7: GUIDER | I7: 0
B8: JOURNALIER | C8: CUMUL | E8: JOURNALIER | F8: CUMUL | H8: GAROUA | I8: 0
A9: MAROUA | B9: =I4 -> 0 | C9: ='04-05-15'!C9+B9 -> 0 | D9: NGONG | E9: =I9 -> 0 | F9: ='04-05-15'!F9+E9 -> 0 | H9: NGONG | I9: 0
A10: KAELE | B10: =I5 -> 0 | C10: ='04-05-15'!C10+B10 -> 0 | D10: POLI | E10: =I10 -> 0 | F10: ='04-05-15'!F10+E10 -> 0 | H10: POLI | I10: 0
A11: TCHATIBALI | B11: =I6 -> 0 | C11: ='04-05-15'!C11+B11 -> 0 | D11: MAYO-GALKE | E11: =I11 -> 0 | F11: ='04-05-15'!F11+E11 -> 0 | H11: MAYO-GALKE | I11: 0
A12: GUIDER | B12: =I7 -> 0 | C12: ='04-05-15'!C12+B12 -> 0 | D12: TOUBOURO | E12: =I12 -> 0 | F12: ='04-05-15'!F12+E12 -> 0 | H12: TOUBOURO | I12: 0
A13: GAROUA | B13: =I8 -> 0 | C13: ='04-05-15'!C13+B13 -> 0 | D13: HOME | E13: =I13 -> 0 | F13: ='04-05-15'!F13+E13 -> 0 | H13: HOME | I13: 0
A15: TOTAL JOURNALIER = | C15: =SUM(B9:B13)+SUM(E9:E13) -> 0 | D15: CUMUL GENERAL = | F15: =SUM(C9:C13)+SUM(F9:F13) -> 0 | H15: JOURNEE | I15: 42129
H16: TRANSMISSION | I16: =I15+1 -> 42130
A20: Transmis le : | B20: =I16 -> 42130

Sheet 06-05-15
A1: SODECOTON
H2: TABLEAU DE SAISI
A3: PLUVIOMETRIE JOURNALIERE ET PAR PENTADE | H3: STATION | I3: RELEVES
H4: MAROUA | I4: 0
B5: JOURNEE DU : | D5: =I15 -> 42130 | H5: KAELE | I5: 0
H6: TCHATIBALI | I6: 0
A7: STATION | B7: RELEVES | D7: STATION | E7: RELEVES | H7: GUIDER | I7: 0
B8: JOURNALIER | C8: CUMUL | E8: JOURNALIER | F8: CUMUL | H8: GAROUA | I8: 0
A9: MAROUA | B9: =I4 -> 0 | C9: ='05-05-15'!C9+B9 -> 0 | D9: NGONG | E9: =I9 -> 0 | F9: ='05-05-15'!F9+E9 -> 0 | H9: NGONG | I9: 0
A10: KAELE | B10: =I5 -> 0 | C10: ='05-05-15'!C10+B10 -> 0 | D10: POLI | E10: =I10 -> 0 | F10: ='05-05-15'!F10+E10 -> 0 | H10: POLI | I10: 0
A11: TCHATIBALI | B11: =I6 -> 0 | C11: ='05-05-15'!C11+B11 -> 0 | D11: MAYO-GALKE | E11: =I11 -> 0 | F11: ='05-05-15'!F11+E11 -> 0 | H11: MAYO-GALKE | I11: 0
A12: GUIDER | B12: =I7 -> 0 | C12: ='05-05-15'!C12+B12 -> 0 | D12: TOUBOURO | E12: =I12 -> 0 | F12: ='05-05-15'!F12+E12 -> 0 | H12: TOUBOURO | I12: 0
A13: GAROUA | B13: =I8 -> 0 | C13: ='05-05-15'!C13+B13 -> 0 | D13: HOME | E13: =I13 -> 0 | F13: ='05-05-15'!F13+E13 -> 0 | H13: HOME | I13: 0
A15: TOTAL JOURNALIER = | C15: =SUM(B9:B13)+SUM(E9:E13) -> 0 | D15: CUMUL GENERAL = | F15: =SUM(C9:C13)+SUM(F9:F13) -> 0 | H15: JOURNEE | I15: 42130
H16: TRANSMISSION | I16: =I15+1 -> 42131
A20: Transmis le : | B20: =I16 -> 42131

Sheet 07-05-15
A1: SODECOTON
H2: TABLEAU DE SAISI
A3: PLUVIOMETRIE JOURNALIERE ET PAR PENTADE | H3: STATION | I3: RELEVES
H4: MAROUA | I4: 0
B5: JOURNEE DU : | D5: =I15 -> 42131 | H5: KAELE | I5: 0
H6: TCHATIBALI | I6: 0
A7: STATION | B7: RELEVES | D7: STATION | E7: RELEVES | H7: GUIDER | I7: 0
B8: JOURNALIER | C8: CUMUL | E8: JOURNALIER | F8: CUMUL | H8: GAROUA | I8: 0
A9: MAROUA | B9: =I4 -> 0 | C9: ='06-05-15'!C9+B9 -> 0 | D9: NGONG | E9: =I9 -> 0 | F9: ='06-05-15'!F9+E9 -> 0 | H9: NGONG | I9: 0
A10: KAELE | B10: =I5 -> 0 | C10: ='06-05-15'!C10+B10 -> 0 | D10: POLI | E10: =I10 -> 0 | F10: ='06-05-15'!F10+E10 -> 0 | H10: POLI | I10: 0
A11: TCHATIBALI | B11: =I6 -> 0 | C11: ='06-05-15'!C11+B11 -> 0 | D11: MAYO-GALKE | E11: =I11 -> 0 | F11: ='06-05-15'!F11+E11 -> 0 | H11: MAYO-GALKE | I11: 0
A12: GUIDER | B12: =I7 -> 0 | C12: ='06-05-15'!C12+B12 -> 0 | D12: TOUBOURO | E12: =I12 -> 0 | F12: ='06-05-15'!F12+E12 -> 0 | H12: TOUBOURO | I12: 0
A13: GAROUA | B13: =I8 -> 0 | C13: ='06-05-15'!C13+B13 -> 0 | D13: HOME | E13: =I13 -> 0 | F13: ='06-05-15'!F13+E13 -> 0 | H13: HOME | I13: 0
A15: TOTAL JOURNALIER = | C15: =SUM(B9:B13)+SUM(E9:E13) -> 0 | D15: CUMUL GENERAL = | F15: =SUM(C9:C13)+SUM(F9:F13) -> 0 | H15: JOURNEE | I15: 42131
H16: TRANSMISSION | I16: =I15+1 -> 42132
A20: Transmis le : | B20: =I16 -> 42132

Sheet 08-05-15
A1: SODECOTON
H2: TABLEAU DE SAISI
A3: PLUVIOMETRIE JOURNALIERE ET PAR PENTADE | H3: STATION | I3: RELEVES
H4: MAROUA | I4: 0
B5: JOURNEE DU : | D5: =I15 -> 42132 | H5: KAELE | I5: 0
H6: TCHATIBALI | I6: 0
A7: STATION | B7: RELEVES | D7: STATION | E7: RELEVES | H7: GUIDER | I7: 0
B8: JOURNALIER | C8: CUMUL | E8: JOURNALIER | F8: CUMUL | H8: GAROUA | I8: 0
A9: MAROUA | B9: =I4 -> 0 | C9: ='07-05-15'!C9+B9 -> 0 | D9: NGONG | E9: =I9 -> 0 | F9: ='07-05-15'!F9+E9 -> 0 | H9: NGONG | I9: 0
A10: KAELE | B10: =I5 -> 0 | C10: ='07-05-15'!C10+B10 -> 0 | D10: POLI | E10: =I10 -> 0 | F10: ='07-05-15'!F10+E10 -> 0 | H10: POLI | I10: 0
A11: TCHATIBALI | B11: =I6 -> 0 | C11: ='07-05-15'!C11+B11 -> 0 | D11: MAYO-GALKE | E11: =I11 -> 0 | F11: ='07-05-15'!F11+E11 -> 0 | H11: MAYO-GALKE | I11: 0
A12: GUIDER | B12: =I7 -> 0 | C12: ='07-05-15'!C12+B12 -> 0 | D12: TOUBOURO | E12: =I12 -> 0 | F12: ='07-05-15'!F12+E12 -> 0 | H12: TOUBOURO | I12: 0
A13: GAROUA | B13: =I8 -> 0 | C13: ='07-05-15'!C13+B13 -> 0 | D13: HOME | E13: =I13 -> 0 | F13: ='07-05-15'!F13+E13 -> 0 | H13: HOME | I13: 0
A15: TOTAL JOURNALIER = | C15: =SUM(B9:B13)+SUM(E9:E13) -> 0 | D15: CUMUL GENERAL = | F15: =SUM(C9:C13)+SUM(F9:F13) -> 0 | H15: JOURNEE | I15: 42132
H16: TRANSMISSION | I16: =I15+1 -> 42133
A20: Transmis le : | B20: =I16 -> 42133

Sheet 09-05-15
A1: SODECOTON
H2: TABLEAU DE SAISI
A3: PLUVIOMETRIE JOURNALIERE ET PAR PENTADE | H3: STATION | I3: RELEVES
H4: MAROUA | I4: 0
B5: JOURNEE DU : | D5: =I15 -> 42133 | H5: KAELE | I5: 0
H6: TCHATIBALI | I6: 0
A7: STATION | B7: RELEVES | D7: STATION | E7: RELEVES | H7: GUIDER | I7: 0
B8: JOURNALIER | C8: CUMUL | E8: JOURNALIER | F8: CUMUL | H8: GAROUA | I8: 0
A9: MAROUA | B9: =I4 -> 0 | C9: ='08-05-15'!C9+B9 -> 0 | D9: NGONG | E9: =I9 -> 0 | F9: ='08-05-15'!F9+E9 -> 0 | H9: NGONG | I9: 0
A10: KAELE | B10: =I5 -> 0 | C10: ='08-05-15'!C10+B10 -> 0 | D10: POLI | E10: =I10 -> 0 | F10: ='08-05-15'!F10+E10 -> 0 | H10: POLI | I10: 0
A11: TCHATIBALI | B11: =I6 -> 0 | C11: ='08-05-15'!C11+B11 -> 0 | D11: MAYO-GALKE | E11: =I11 -> 0 | F11: ='08-05-15'!F11+E11 -> 0 | H11: MAYO-GALKE | I11: 0
A12: GUIDER | B12: =I7 -> 0 | C12: ='08-05-15'!C12+B12 -> 0 | D12: TOUBOURO | E12: =I12 -> 0 | F12: ='08-05-15'!F12+E12 -> 0 | H12: TOUBOURO | I12: 0
A13: GAROUA | B13: =I8 -> 0 | C13: ='08-05-15'!C13+B13 -> 0 | D13: HOME | E13: =I13 -> 0 | F13: ='08-05-15'!F13+E13 -> 0 | H13: HOME | I13: 0
A15: TOTAL JOURNALIER = | C15: =SUM(B9:B13)+SUM(E9:E13) -> 0 | D15: CUMUL GENERAL = | F15: =SUM(C9:C13)+SUM(F9:F13) -> 0 | H15: JOURNEE | I15: 42133
H16: TRANSMISSION | I16: =I15+1 -> 42134
A20: Transmis le : | B20: =I16 -> 42134

Sheet 10-05-15
A1: SODECOTON
H2: TABLEAU DE SAISI
A3: PLUVIOMETRIE JOURNALIERE ET PAR PENTADE | H3: STATION | I3: RELEVES
H4: MAROUA | I4: 0
B5: JOURNEE DU : | D5: =I15 -> 42134 | H5: KAELE | I5: 0
H6: TCHATIBALI | I6: 0
A7: STATION | B7: RELEVES | D7: STATION | E7: RELEVES | H7: GUIDER | I7: 0
B8: JOURNALIER | C8: CUMUL | E8: JOURNALIER | F8: CUMUL | H8: GAROUA | I8: 0
A9: MAROUA | B9: =I4 -> 0 | C9: ='09-05-15'!C9+B9 -> 0 | D9: NGONG | E9: =I9 -> 0 | F9: ='09-05-15'!F9+E9 -> 0 | H9: NGONG | I9: 0
A10: KAELE | B10: =I5 -> 0 | C10: ='09-05-15'!C10+B10 -> 0 | D10: POLI | E10: =I10 -> 0 | F10: ='09-05-15'!F10+E10 -> 0 | H10: POLI | I10: 0
A11: TCHATIBALI | B11: =I6 -> 0 | C11: ='09-05-15'!C11+B11 -> 0 | D11: MAYO-GALKE | E11: =I11 -> 0 | F11: ='09-05-15'!F11+E11 -> 0 | H11: MAYO-GALKE | I11: 0
A12: GUIDER | B12: =I7 -> 0 | C12: ='09-05-15'!C12+B12 -> 0 | D12: TOUBOURO | E12: =I12 -> 0 | F12: ='09-05-15'!F12+E12 -> 0 | H12: TOUBOURO | I12: 0
A13: GAROUA | B13: =I8 -> 0 | C13: ='09-05-15'!C13+B13 -> 0 | D13: HOME | E13: =I13 -> 0 | F13: ='09-05-15'!F13+E13 -> 0 | H13: HOME | I13: 0
A15: TOTAL JOURNALIER = | C15: =SUM(B9:B13)+SUM(E9:E13) -> 0 | D15: CUMUL GENERAL = | F15: =SUM(C9:C13)+SUM(F9:F13) -> 0 | H15: JOURNEE | I15: 42134
H16: TRANSMISSION | I16: =I15+1 -> 42135
A20: Transmis le : | B20: =I16 -> 42135

Sheet 11-05-15
A1: SODECOTON
H2: TABLEAU DE SAISI
A3: PLUVIOMETRIE JOURNALIERE ET PAR PENTADE | H3: STATION | I3: RELEVES
H4: MAROUA | I4: 0
B5: JOURNEE DU : | D5: =I15 -> 42135 | H5: KAELE | I5: 0
H6: TCHATIBALI | I6: 0
A7: STATION | B7: RELEVES | D7: STATION | E7: RELEVES | H7: GUIDER | I7: 0
B8: JOURNALIER | C8: CUMUL | E8: JOURNALIER | F8: CUMUL | H8: GAROUA | I8: 0
A9: MAROUA | B9: =I4 -> 0 | C9: ='10-05-15'!C9+B9 -> 0 | D9: NGONG | E9: =I9 -> 0 | F9: ='10-05-15'!F9+E9 -> 0 | H9: NGONG | I9: 0
A10: KAELE | B10: =I5 -> 0 | C10: ='10-05-15'!C10+B10 -> 0 | D10: POLI | E10: =I10 -> 0 | F10: ='10-05-15'!F10+E10 -> 0 | H10: POLI | I10: 0
A11: TCHATIBALI | B11: =I6 -> 0 | C11: ='10-05-15'!C11+B11 -> 0 | D11: MAYO-GALKE | E11: =I11 -> 0 | F11: ='10-05-15'!F11+E11 -> 0 | H11: MAYO-GALKE | I11: 0
A12: GUIDER | B12: =I7 -> 0 | C12: ='10-05-15'!C12+B12 -> 0 | D12: TOUBOURO | E12: =I12 -> 0 | F12: ='10-05-15'!F12+E12 -> 0 | H12: TOUBOURO | I12: 0
A13: GAROUA | B13: =I8 -> 0 | C13: ='10-05-15'!C13+B13 -> 0 | D13: HOME | E13: =I13 -> 0 | F13: ='10-05-15'!F13+E13 -> 0 | H13: HOME | I13: 0
A15: TOTAL JOURNALIER = | C15: =SUM(B9:B13)+SUM(E9:E13) -> 0 | D15: CUMUL GENERAL = | F15: =SUM(C9:C13)+SUM(F9:F13) -> 0 | H15: JOURNEE | I15: 42135
H16: TRANSMISSION | I16: =I15+1 -> 42136
A20: Transmis le : | B20: =I16 -> 42136

Sheet 12-05-15
A1: SODECOTON
H2: TABLEAU DE SAISI
A3: PLUVIOMETRIE JOURNALIERE ET PAR PENTADE | H3: STATION | I3: RELEVES
H4: MAROUA | I4: 0
B5: JOURNEE DU : | D5: =I15 -> 42136 | H5: KAELE | I5: 0
H6: TCHATIBALI | I6: 0
A7: STATION | B7: RELEVES | D7: STATION | E7: RELEVES | H7: GUIDER | I7: 0
B8: JOURNALIER | C8: CUMUL | E8: JOURNALIER | F8: CUMUL | H8: GAROUA | I8: 0
A9: MAROUA | B9: =I4 -> 0 | C9: ='11-05-15'!C9+B9 -> 0 | D9: NGONG | E9: =I9 -> 0 | F9: ='11-05-15'!F9+E9 -> 0 | H9: NGONG | I9: 0
A10: KAELE | B10: =I5 -> 0 | C10: ='11-05-15'!C10+B10 -> 0 | D10: POLI | E10: =I10 -> 0 | F10: ='11-05-15'!F10+E10 -> 0 | H10: POLI | I10: 0
A11: TCHATIBALI | B11: =I6 -> 0 | C11: ='11-05-15'!C11+B11 -> 0 | D11: MAYO-GALKE | E11: =I11 -> 0 | F11: ='11-05-15'!F11+E11 -> 0 | H11: MAYO-GALKE | I11: 0
A12: GUIDER | B12: =I7 -> 0 | C12: ='11-05-15'!C12+B12 -> 0 | D12: TOUBOURO | E12: =I12 -> 0 | F12: ='11-05-15'!F12+E12 -> 0 | H12: TOUBOURO | I12: 0
A13: GAROUA | B13: =I8 -> 0 | C13: ='11-05-15'!C13+B13 -> 0 | D13: HOME | E13: =I13 -> 0 | F13: ='11-05-15'!F13+E13 -> 0 | H13: HOME | I13: 0
A15: TOTAL JOURNALIER = | C15: =SUM(B9:B13)+SUM(E9:E13) -> 0 | D15: CUMUL GENERAL = | F15: =SUM(C9:C13)+SUM(F9:F13) -> 0 | H15: JOURNEE | I15: 42136
H16: TRANSMISSION | I16: =I15+1 -> 42137
A20: Transmis le : | B20: =I16 -> 42137

Sheet 13-05-15
A1: SODECOTON
H2: TABLEAU DE SAISI
A3: PLUVIOMETRIE JOURNALIERE ET PAR PENTADE | H3: STATION | I3: RELEVES
H4: MAROUA | I4: 0
B5: JOURNEE DU : | D5: =I15 -> 42137 | H5: KAELE | I5: 0
H6: TCHATIBALI | I6: 0
A7: STATION | B7: RELEVES | D7: STATION | E7: RELEVES | H7: GUIDER | I7: 0
B8: JOURNALIER | C8: CUMUL | E8: JOURNALIER | F8: CUMUL | H8: GAROUA | I8: 0
A9: MAROUA | B9: =I4 -> 0 | C9: ='12-05-15'!C9+B9 -> 0 | D9: NGONG | E9: =I9 -> 0 | F9: ='12-05-15'!F9+E9 -> 0 | H9: NGONG | I9: 0
A10: KAELE | B10: =I5 -> 0 | C10: ='12-05-15'!C10+B10 -> 0 | D10: POLI | E10: =I10 -> 0 | F10: ='12-05-15'!F10+E10 -> 0 | H10: POLI | I10: 0
A11: TCHATIBALI | B11: =I6 -> 0 | C11: ='12-05-15'!C11+B11 -> 0 | D11: MAYO-GALKE | E11: =I11 -> 0 | F11: ='12-05-15'!F11+E11 -> 0 | H11: MAYO-GALKE | I11: 0
A12: GUIDER | B12: =I7 -> 0 | C12: ='12-05-15'!C12+B12 -> 0 | D12: TOUBOURO | E12: =I12 -> 0 | F12: ='12-05-15'!F12+E12 -> 0 | H12: TOUBOURO | I12: 0
A13: GAROUA | B13: =I8 -> 0 | C13: ='12-05-15'!C13+B13 -> 0 | D13: HOME | E13: =I13 -> 0 | F13: ='12-05-15'!F13+E13 -> 0 | H13: HOME | I13: 0
A15: TOTAL JOURNALIER = | C15: =SUM(B9:B13)+SUM(E9:E13) -> 0 | D15: CUMUL GENERAL = | F15: =SUM(C9:C13)+SUM(F9:F13) -> 0 | H15: JOURNEE | I15: 42137
H16: TRANSMISSION | I16: =I15+1 -> 42138
A20: Transmis le : | B20: =I16 -> 42138

Sheet 14-05-15
A1: SODECOTON
H2: TABLEAU DE SAISI
A3: PLUVIOMETRIE JOURNALIERE ET PAR PENTADE | H3: STATION | I3: RELEVES
H4: MAROUA | I4: 0
B5: JOURNEE DU : | D5: =I15 -> 42138 | H5: KAELE | I5: 0
H6: TCHATIBALI | I6: 0
A7: STATION | B7: RELEVES | D7: STATION | E7: RELEVES | H7: GUIDER | I7: 0
B8: JOURNALIER | C8: CUMUL | E8: JOURNALIER | F8: CUMUL | H8: GAROUA | I8: 0
A9: MAROUA | B9: =I4 -> 0 | C9: ='13-05-15'!C9+B9 -> 0 | D9: NGONG | E9: =I9 -> 0 | F9: ='13-05-15'!F9+E9 -> 0 | H9: NGONG | I9: 0
A10: KAELE | B10: =I5 -> 0 | C10: ='13-05-15'!C10+B10 -> 0 | D10: POLI | E10: =I10 -> 0 | F10: ='13-05-15'!F10+E10 -> 0 | H10: POLI | I10: 0
A11: TCHATIBALI | B11: =I6 -> 0 | C11: ='13-05-15'!C11+B11 -> 0 | D11: MAYO-GALKE | E11: =I11 -> 0 | F11: ='13-05-15'!F11+E11 -> 0 | H11: MAYO-GALKE | I11: 0
A12: GUIDER | B12: =I7 -> 0 | C12: ='13-05-15'!C12+B12 -> 0 | D12: TOUBOURO | E12: =I12 -> 0 | F12: ='13-05-15'!F12+E12 -> 0 | H12: TOUBOURO | I12: 0
A13: GAROUA | B13: =I8 -> 0 | C13: ='13-05-15'!C13+B13 -> 0 | D13: HOME | E13: =I13 -> 0 | F13: ='13-05-15'!F13+E13 -> 0 | H13: HOME | I13: 0
A15: TOTAL JOURNALIER = | C15: =SUM(B9:B13)+SUM(E9:E13) -> 0 | D15: CUMUL GENERAL = | F15: =SUM(C9:C13)+SUM(F9:F13) -> 0 | H15: JOURNEE | I15: 42138
H16: TRANSMISSION | I16: =I15+1 -> 42139
A20: Transmis le : | B20: =I16 -> 42139

Sheet 15-05-15
A1: SODECOTON
H2: TABLEAU DE SAISI
A3: PLUVIOMETRIE JOURNALIERE ET PAR PENTADE | H3: STATION | I3: RELEVES
H4: MAROUA | I4: 0
B5: JOURNEE DU : | D5: =I15 -> 42139 | H5: KAELE | I5: 0
H6: TCHATIBALI | I6: 0
A7: STATION | B7: RELEVES | D7: STATION | E7: RELEVES | H7: GUIDER | I7: 0
B8: JOURNALIER | C8: CUMUL | E8: JOURNALIER | F8: CUMUL | H8: GAROUA | I8: 0
A9: MAROUA | B9: =I4 -> 0 | C9: ='14-05-15'!C9+B9 -> 0 | D9: NGONG | E9: =I9 -> 0 | F9: ='14-05-15'!F9+E9 -> 0 | H9: NGONG | I9: 0
A10: KAELE | B10: =I5 -> 0 | C10: ='14-05-15'!C10+B10 -> 0 | D10: POLI | E10: =I10 -> 0 | F10: ='14-05-15'!F10+E10 -> 0 | H10: POLI | I10: 0
A11: TCHATIBALI | B11: =I6 -> 0 | C11: ='14-05-15'!C11+B11 -> 0 | D11: MAYO-GALKE | E11: =I11 -> 0 | F11: ='14-05-15'!F11+E11 -> 0 | H11: MAYO-GALKE | I11: 0
A12: GUIDER | B12: =I7 -> 0 | C12: ='14-05-15'!C12+B12 -> 0 | D12: TOUBOURO | E12: =I12 -> 0 | F12: ='14-05-15'!F12+E12 -> 0 | H12: TOUBOURO | I12: 0
A13: GAROUA | B13: =I8 -> 0 | C13: ='14-05-15'!C13+B13 -> 0 | D13: HOME | E13: =I13 -> 0 | F13: ='14-05-15'!F13+E13 -> 0 | H13: HOME | I13: 0
A15: TOTAL JOURNALIER = | C15: =SUM(B9:B13)+SUM(E9:E13) -> 0 | D15: CUMUL GENERAL = | F15: =SUM(C9:C13)+SUM(F9:F13) -> 0 | H15: JOURNEE | I15: 42139
H16: TRANSMISSION | I16: =I15+1 -> 42140
A20: Transmis le : | B20: =I16 -> 42140

Sheet 16-05-15
A1: SODECOTON
H2: TABLEAU DE SAISI
A3: PLUVIOMETRIE JOURNALIERE ET PAR PENTADE | H3: STATION | I3: RELEVES
H4: MAROUA | I4: 0
B5: JOURNEE DU : | D5: =I15 -> 42140 | H5: KAELE | I5: 0
H6: TCHATIBALI | I6: 0
A7: STATION | B7: RELEVES | D7: STATION | E7: RELEVES | H7: GUIDER | I7: 0
B8: JOURNALIER | C8: CUMUL | E8: JOURNALIER | F8: CUMUL | H8: GAROUA | I8: 0
A9: MAROUA | B9: =I4 -> 0 | C9: ='15-05-15'!C9+B9 -> 0 | D9: NGONG | E9: =I9 -> 0 | F9: ='15-05-15'!F9+E9 -> 0 | H9: NGONG | I9: 0
A10: KAELE | B10: =I5 -> 0 | C10: ='15-05-15'!C10+B10 -> 0 | D10: POLI | E10: =I10 -> 0 | F10: ='15-05-15'!F10+E10 -> 0 | H10: POLI | I10: 0
A11: TCHATIBALI | B11: =I6 -> 0 | C11: ='15-05-15'!C11+B11 -> 0 | D11: MAYO-GALKE | E11: =I11 -> 0 | F11: ='15-05-15'!F11+E11 -> 0 | H11: MAYO-GALKE | I11: 0
A12: GUIDER | B12: =I7 -> 0 | C12: ='15-05-15'!C12+B12 -> 0 | D12: TOUBOURO | E12: =I12 -> 0 | F12: ='15-05-15'!F12+E12 -> 0 | H12: TOUBOURO | I12: 0
A13: GAROUA | B13: =I8 -> 0 | C13: ='15-05-15'!C13+B13 -> 0 | D13: HOME | E13: =I13 -> 0 | F13: ='15-05-15'!F13+E13 -> 0 | H13: HOME | I13: 0
A15: TOTAL JOURNALIER = | C15: =SUM(B9:B13)+SUM(E9:E13) -> 0 | D15: CUMUL GENERAL = | F15: =SUM(C9:C13)+SUM(F9:F13) -> 0 | H15: JOURNEE | I15: 42140
H16: TRANSMISSION | I16: =I15+1 -> 42141
A20: Transmis le : | B20: =I16 -> 42141

Sheet 17-05-15
A1: SODECOTON
H2: TABLEAU DE SAISI
A3: PLUVIOMETRIE JOURNALIERE ET PAR PENTADE | H3: STATION | I3: RELEVES
H4: MAROUA | I4: 0
B5: JOURNEE DU : | D5: =I15 -> 42141 | H5: KAELE | I5: 0
H6: TCHATIBALI | I6: 0
A7: STATION | B7: RELEVES | D7: STATION | E7: RELEVES | H7: GUIDER | I7: 0
B8: JOURNALIER | C8: CUMUL | E8: JOURNALIER | F8: CUMUL | H8: GAROUA | I8: 0
A9: MAROUA | B9: =I4 -> 0 | C9: ='16-05-15'!C9+B9 -> 0 | D9: NGONG | E9: =I9 -> 0 | F9: ='16-05-15'!F9+E9 -> 0 | H9: NGONG | I9: 0
A10: KAELE | B10: =I5 -> 0 | C10: ='16-05-15'!C10+B10 -> 0 | D10: POLI | E10: =I10 -> 0 | F10: ='16-05-15'!F10+E10 -> 0 | H10: POLI | I10: 0
A11: TCHATIBALI | B11: =I6 -> 0 | C11: ='16-05-15'!C11+B11 -> 0 | D11: MAYO-GALKE | E11: =I11 -> 0 | F11: ='16-05-15'!F11+E11 -> 0 | H11: MAYO-GALKE | I11: 0
A12: GUIDER | B12: =I7 -> 0 | C12: ='16-05-15'!C12+B12 -> 0 | D12: TOUBOURO | E12: =I12 -> 0 | F12: ='16-05-15'!F12+E12 -> 0 | H12: TOUBOURO | I12: 0
A13: GAROUA | B13: =I8 -> 0 | C13: ='16-05-15'!C13+B13 -> 0 | D13: HOME | E13: =I13 -> 0 | F13: ='16-05-15'!F13+E13 -> 0 | H13: HOME | I13: 0
A15: TOTAL JOURNALIER = | C15: =SUM(B9:B13)+SUM(E9:E13) -> 0 | D15: CUMUL GENERAL = | F15: =SUM(C9:C13)+SUM(F9:F13) -> 0 | H15: JOURNEE | I15: 42141
H16: TRANSMISSION | I16: =I15+1 -> 42142
A20: Transmis le : | B20: =I16 -> 42142

Sheet 18-05-15
A1: SODECOTON
H2: TABLEAU DE SAISI
A3: PLUVIOMETRIE JOURNALIERE ET PAR PENTADE | H3: STATION | I3: RELEVES
H4: MAROUA | I4: 0
B5: JOURNEE DU : | D5: =I15 -> 42142 | H5: KAELE | I5: 0
H6: TCHATIBALI | I6: 0
A7: STATION | B7: RELEVES | D7: STATION | E7: RELEVES | H7: GUIDER | I7: 0
B8: JOURNALIER | C8: CUMUL | E8: JOURNALIER | F8: CUMUL | H8: GAROUA | I8: 0
A9: MAROUA | B9: =I4 -> 0 | C9: ='17-05-15'!C9+B9 -> 0 | D9: NGONG | E9: =I9 -> 0 | F9: ='17-05-15'!F9+E9 -> 0 | H9: NGONG | I9: 0
A10: KAELE | B10: =I5 -> 0 | C10: ='17-05-15'!C10+B10 -> 0 | D10: POLI | E10: =I10 -> 0 | F10: ='17-05-15'!F10+E10 -> 0 | H10: POLI | I10: 0
A11: TCHATIBALI | B11: =I6 -> 0 | C11: ='17-05-15'!C11+B11 -> 0 | D11: MAYO-GALKE | E11: =I11 -> 0 | F11: ='17-05-15'!F11+E11 -> 0 | H11: MAYO-GALKE | I11: 0
A12: GUIDER | B12: =I7 -> 0 | C12: ='17-05-15'!C12+B12 -> 0 | D12: TOUBOURO | E12: =I12 -> 0 | F12: ='17-05-15'!F12+E12 -> 0 | H12: TOUBOURO | I12: 0
A13: GAROUA | B13: =I8 -> 0 | C13: ='17-05-15'!C13+B13 -> 0 | D13: HOME | E13: =I13 -> 0 | F13: ='17-05-15'!F13+E13 -> 0 | H13: HOME | I13: 0
A15: TOTAL JOURNALIER = | C15: =SUM(B9:B13)+SUM(E9:E13) -> 0 | D15: CUMUL GENERAL = | F15: =SUM(C9:C13)+SUM(F9:F13) -> 0 | H15: JOURNEE | I15: 42142
H16: TRANSMISSION | I16: =I15+1 -> 42143
A20: Transmis le : | B20: =I16 -> 42143

Sheet 19-05-15
A1: SODECOTON
H2: TABLEAU DE SAISI
A3: PLUVIOMETRIE JOURNALIERE ET PAR PENTADE | H3: STATION | I3: RELEVES
H4: MAROUA | I4: 0
B5: JOURNEE DU : | D5: =I15 -> 42143 | H5: KAELE | I5: 0
H6: TCHATIBALI | I6: 0
A7: STATION | B7: RELEVES | D7: STATION | E7: RELEVES | H7: GUIDER | I7: 0
B8: JOURNALIER | C8: CUMUL | E8: JOURNALIER | F8: CUMUL | H8: GAROUA | I8: 0
A9: MAROUA | B9: =I4 -> 0 | C9: ='18-05-15'!C9+B9 -> 0 | D9: NGONG | E9: =I9 -> 0 | F9: ='18-05-15'!F9+E9 -> 0 | H9: NGONG | I9: 0
A10: KAELE | B10: =I5 -> 0 | C10: ='18-05-15'!C10+B10 -> 0 | D10: POLI | E10: =I10 -> 0 | F10: ='18-05-15'!F10+E10 -> 0 | H10: POLI | I10: 0
A11: TCHATIBALI | B11: =I6 -> 0 | C11: ='18-05-15'!C11+B11 -> 0 | D11: MAYO-GALKE | E11: =I11 -> 0 | F11: ='18-05-15'!F11+E11 -> 0 | H11: MAYO-GALKE | I11: 0
A12: GUIDER | B12: =I7 -> 0 | C12: ='18-05-15'!C12+B12 -> 0 | D12: TOUBOURO | E12: =I12 -> 0 | F12: ='18-05-15'!F12+E12 -> 0 | H12: TOUBOURO | I12: 0
A13: GAROUA | B13: =I8 -> 0 | C13: ='18-05-15'!C13+B13 -> 0 | D13: HOME | E13: =I13 -> 0 | F13: ='18-05-15'!F13+E13 -> 0 | H13: HOME | I13: 0
A15: TOTAL JOURNALIER = | C15: =SUM(B9:B13)+SUM(E9:E13) -> 0 | D15: CUMUL GENERAL = | F15: =SUM(C9:C13)+SUM(F9:F13) -> 0 | H15: JOURNEE | I15: 42143
H16: TRANSMISSION | I16: =I15+1 -> 42144
A20: Transmis le : | B20: =I16 -> 42144

Sheet 20-05-15
A1: SODECOTON
H2: TABLEAU DE SAISI
A3: PLUVIOMETRIE JOURNALIERE ET PAR PENTADE | H3: STATION | I3: RELEVES
H4: MAROUA | I4: 0
B5: JOURNEE DU : | D5: =I15 -> 42144 | H5: KAELE | I5: 0
H6: TCHATIBALI | I6: 0
A7: STATION | B7: RELEVES | D7: STATION | E7: RELEVES | H7: GUIDER | I7: 0
B8: JOURNALIER | C8: CUMUL | E8: JOURNALIER | F8: CUMUL | H8: GAROUA | I8: 0
A9: MAROUA | B9: =I4 -> 0 | C9: ='19-05-15'!C9+B9 -> 0 | D9: NGONG | E9: =I9 -> 0 | F9: ='19-05-15'!F9+E9 -> 0 | H9: NGONG | I9: 0
A10: KAELE | B10: =I5 -> 0 | C10: ='19-05-15'!C10+B10 -> 0 | D10: POLI | E10: =I10 -> 0 | F10: ='19-05-15'!F10+E10 -> 0 | H10: POLI | I10: 0
A11: TCHATIBALI | B11: =I6 -> 0 | C11: ='19-05-15'!C11+B11 -> 0 | D11: MAYO-GALKE | E11: =I11 -> 0 | F11: ='19-05-15'!F11+E11 -> 0 | H11: MAYO-GALKE | I11: 0
A12: GUIDER | B12: =I7 -> 0 | C12: ='19-05-15'!C12+B12 -> 0 | D12: TOUBOURO | E12: =I12 -> 0 | F12: ='19-05-15'!F12+E12 -> 0 | H12: TOUBOURO | I12: 0
A13: GAROUA | B13: =I8 -> 0 | C13: ='19-05-15'!C13+B13 -> 0 | D13: HOME | E13: =I13 -> 0 | F13: ='19-05-15'!F13+E13 -> 0 | H13: HOME | I13: 0
A15: TOTAL JOURNALIER = | C15: =SUM(B9:B13)+SUM(E9:E13) -> 0 | D15: CUMUL GENERAL = | F15: =SUM(C9:C13)+SUM(F9:F13) -> 0 | H15: JOURNEE | I15: 42144
H16: TRANSMISSION | I16: =I15+1 -> 42145
A20: Transmis le : | B20: =I16 -> 42145

Sheet 21-05-15
A1: SODECOTON
H2: TABLEAU DE SAISI
A3: PLUVIOMETRIE JOURNALIERE ET PAR PENTADE | H3: STATION | I3: RELEVES
H4: MAROUA | I4: 0
B5: JOURNEE DU : | D5: =I15 -> 42145 | H5: KAELE | I5: 0
H6: TCHATIBALI | I6: 0
A7: STATION | B7: RELEVES | D7: STATION | E7: RELEVES | H7: GUIDER | I7: 0
B8: JOURNALIER | C8: CUMUL | E8: JOURNALIER | F8: CUMUL | H8: GAROUA | I8: 0
A9: MAROUA | B9: =I4 -> 0 | C9: ='20-05-15'!C9+B9 -> 0 | D9: NGONG | E9: =I9 -> 0 | F9: ='20-05-15'!F9+E9 -> 0 | H9: NGONG | I9: 0
A10: KAELE | B10: =I5 -> 0 | C10: ='20-05-15'!C10+B10 -> 0 | D10: POLI | E10: =I10 -> 0 | F10: ='20-05-15'!F10+E10 -> 0 | H10: POLI | I10: 0
A11: TCHATIBALI | B11: =I6 -> 0 | C11: ='20-05-15'!C11+B11 -> 0 | D11: MAYO-GALKE | E11: =I11 -> 0 | F11: ='20-05-15'!F11+E11 -> 0 | H11: MAYO-GALKE | I11: 0
A12: GUIDER | B12: =I7 -> 0 | C12: ='20-05-15'!C12+B12 -> 0 | D12: TOUBOURO | E12: =I12 -> 0 | F12: ='20-05-15'!F12+E12 -> 0 | H12: TOUBOURO | I12: 0
A13: GAROUA | B13: =I8 -> 0 | C13: ='20-05-15'!C13+B13 -> 0 | D13: HOME | E13: =I13 -> 0 | F13: ='20-05-15'!F13+E13 -> 0 | H13: HOME | I13: 0
A15: TOTAL JOURNALIER = | C15: =SUM(B9:B13)+SUM(E9:E13) -> 0 | D15: CUMUL GENERAL = | F15: =SUM(C9:C13)+SUM(F9:F13) -> 0 | H15: JOURNEE | I15: 42145
H16: TRANSMISSION | I16: =I15+1 -> 42146
A20: Transmis le : | B20: =I16 -> 42146

Sheet 22-05-15
A1: SODECOTON
H2: TABLEAU DE SAISI
A3: PLUVIOMETRIE JOURNALIERE ET PAR PENTADE | H3: STATION | I3: RELEVES
H4: MAROUA | I4: 0
B5: JOURNEE DU : | D5: =I15 -> 42146 | H5: KAELE | I5: 0
H6: TCHATIBALI | I6: 0
A7: STATION | B7: RELEVES | D7: STATION | E7: RELEVES | H7: GUIDER | I7: 0
B8: JOURNALIER | C8: CUMUL | E8: JOURNALIER | F8: CUMUL | H8: GAROUA | I8: 0
A9: MAROUA | B9: =I4 -> 0 | C9: ='21-05-15'!C9+B9 -> 0 | D9: NGONG | E9: =I9 -> 0 | F9: ='21-05-15'!F9+E9 -> 0 | H9: NGONG | I9: 0
A10: KAELE | B10: =I5 -> 0 | C10: ='21-05-15'!C10+B10 -> 0 | D10: POLI | E10: =I10 -> 0 | F10: ='21-05-15'!F10+E10 -> 0 | H10: POLI | I10: 0
A11: TCHATIBALI | B11: =I6 -> 0 | C11: ='21-05-15'!C11+B11 -> 0 | D11: MAYO-GALKE | E11: =I11 -> 0 | F11: ='21-05-15'!F11+E11 -> 0 | H11: MAYO-GALKE | I11: 0
A12: GUIDER | B12: =I7 -> 0 | C12: ='21-05-15'!C12+B12 -> 0 | D12: TOUBOURO | E12: =I12 -> 0 | F12: ='21-05-15'!F12+E12 -> 0 | H12: TOUBOURO | I12: 0
A13: GAROUA | B13: =I8 -> 0 | C13: ='21-05-15'!C13+B13 -> 0 | D13: HOME | E13: =I13 -> 0 | F13: ='21-05-15'!F13+E13 -> 0 | H13: HOME | I13: 0
A15: TOTAL JOURNALIER = | C15: =SUM(B9:B13)+SUM(E9:E13) -> 0 | D15: CUMUL GENERAL = | F15: =SUM(C9:C13)+SUM(F9:F13) -> 0 | H15: JOURNEE | I15: 42146
H16: TRANSMISSION | I16: =I15+1 -> 42147
A20: Transmis le : | B20: =I16 -> 42147

Sheet 23-05-15
A1: SODECOTON
H2: TABLEAU DE SAISI
A3: PLUVIOMETRIE JOURNALIERE ET PAR PENTADE | H3: STATION | I3: RELEVES
H4: MAROUA | I4: 0
B5: JOURNEE DU : | D5: =I15 -> 42147 | H5: KAELE | I5: 0
H6: TCHATIBALI | I6: 0
A7: STATION | B7: RELEVES | D7: STATION | E7: RELEVES | H7: GUIDER | I7: 0
B8: JOURNALIER | C8: CUMUL | E8: JOURNALIER | F8: CUMUL | H8: GAROUA | I8: 0
A9: MAROUA | B9: =I4 -> 0 | C9: ='22-05-15'!C9+B9 -> 0 | D9: NGONG | E9: =I9 -> 0 | F9: ='22-05-15'!F9+E9 -> 0 | H9: NGONG | I9: 0
A10: KAELE | B10: =I5 -> 0 | C10: ='22-05-15'!C10+B10 -> 0 | D10: POLI | E10: =I10 -> 0 | F10: ='22-05-15'!F10+E10 -> 0 | H10: POLI | I10: 0
A11: TCHATIBALI | B11: =I6 -> 0 | C11: ='22-05-15'!C11+B11 -> 0 | D11: MAYO-GALKE | E11: =I11 -> 0 | F11: ='22-05-15'!F11+E11 -> 0 | H11: MAYO-GALKE | I11: 0
A12: GUIDER | B12: =I7 -> 0 | C12: ='22-05-15'!C12+B12 -> 0 | D12: TOUBOURO | E12: =I12 -> 0 | F12: ='22-05-15'!F12+E12 -> 0 | H12: TOUBOURO | I12: 0
A13: GAROUA | B13: =I8 -> 0 | C13: ='22-05-15'!C13+B13 -> 0 | D13: HOME | E13: =I13 -> 0 | F13: ='22-05-15'!F13+E13 -> 0 | H13: HOME | I13: 0
A15: TOTAL JOURNALIER = | C15: =SUM(B9:B13)+SUM(E9:E13) -> 0 | D15: CUMUL GENERAL = | F15: =SUM(C9:C13)+SUM(F9:F13) -> 0 | H15: JOURNEE | I15: 42147
H16: TRANSMISSION | I16: =I15+1 -> 42148
A20: Transmis le : | B20: =I16 -> 42148

Sheet 24-05-15
A1: SODECOTON
H2: TABLEAU DE SAISI
A3: PLUVIOMETRIE JOURNALIERE ET PAR PENTADE | H3: STATION | I3: RELEVES
H4: MAROUA | I4: 0
B5: JOURNEE DU : | D5: =I15 -> 42148 | H5: KAELE | I5: 0
H6: TCHATIBALI | I6: 0
A7: STATION | B7: RELEVES | D7: STATION | E7: RELEVES | H7: GUIDER | I7: 0
B8: JOURNALIER | C8: CUMUL | E8: JOURNALIER | F8: CUMUL | H8: GAROUA | I8: 0
A9: MAROUA | B9: =I4 -> 0 | C9: ='23-05-15'!C9+B9 -> 0 | D9: NGONG | E9: =I9 -> 0 | F9: ='23-05-15'!F9+E9 -> 0 | H9: NGONG | I9: 0
A10: KAELE | B10: =I5 -> 0 | C10: ='23-05-15'!C10+B10 -> 0 | D10: POLI | E10: =I10 -> 0 | F10: ='23-05-15'!F10+E10 -> 0 | H10: POLI | I10: 0
A11: TCHATIBALI | B11: =I6 -> 0 | C11: ='23-05-15'!C11+B11 -> 0 | D11: MAYO-GALKE | E11: =I11 -> 0 | F11: ='23-05-15'!F11+E11 -> 0 | H11: MAYO-GALKE | I11: 0
A12: GUIDER | B12: =I7 -> 0 | C12: ='23-05-15'!C12+B12 -> 0 | D12: TOUBOURO | E12: =I12 -> 0 | F12: ='23-05-15'!F12+E12 -> 0 | H12: TOUBOURO | I12: 0
A13: GAROUA | B13: =I8 -> 0 | C13: ='23-05-15'!C13+B13 -> 0 | D13: HOME | E13: =I13 -> 0 | F13: ='23-05-15'!F13+E13 -> 0 | H13: HOME | I13: 0
A15: TOTAL JOURNALIER = | C15: =SUM(B9:B13)+SUM(E9:E13) -> 0 | D15: CUMUL GENERAL = | F15: =SUM(C9:C13)+SUM(F9:F13) -> 0 | H15: JOURNEE | I15: 42148
H16: TRANSMISSION | I16: =I15+1 -> 42149
A20: Transmis le : | B20: =I16 -> 42149

Sheet 25-05-15
A1: SODECOTON
H2: TABLEAU DE SAISI
A3: PLUVIOMETRIE JOURNALIERE ET PAR PENTADE | H3: STATION | I3: RELEVES
H4: MAROUA | I4: 0
B5: JOURNEE DU : | D5: =I15 -> 42149 | H5: KAELE | I5: 0
H6: TCHATIBALI | I6: 0
A7: STATION | B7: RELEVES | D7: STATION | E7: RELEVES | H7: GUIDER | I7: 0
B8: JOURNALIER | C8: CUMUL | E8: JOURNALIER | F8: CUMUL | H8: GAROUA | I8: 0
A9: MAROUA | B9: =I4 -> 0 | C9: ='24-05-15'!C9+B9 -> 0 | D9: NGONG | E9: =I9 -> 0 | F9: ='24-05-15'!F9+E9 -> 0 | H9: NGONG | I9: 0
A10: KAELE | B10: =I5 -> 0 | C10: ='24-05-15'!C10+B10 -> 0 | D10: POLI | E10: =I10 -> 0 | F10: ='24-05-15'!F10+E10 -> 0 | H10: POLI | I10: 0
A11: TCHATIBALI | B11: =I6 -> 0 | C11: ='24-05-15'!C11+B11 -> 0 | D11: MAYO-GALKE | E11: =I11 -> 0 | F11: ='24-05-15'!F11+E11 -> 0 | H11: MAYO-GALKE | I11: 0
A12: GUIDER | B12: =I7 -> 0 | C12: ='24-05-15'!C12+B12 -> 0 | D12: TOUBOURO | E12: =I12 -> 0 | F12: ='24-05-15'!F12+E12 -> 0 | H12: TOUBOURO | I12: 0
A13: GAROUA | B13: =I8 -> 0 | C13: ='24-05-15'!C13+B13 -> 0 | D13: HOME | E13: =I13 -> 0 | F13: ='24-05-15'!F13+E13 -> 0 | H13: HOME | I13: 0
A15: TOTAL JOURNALIER = | C15: =SUM(B9:B13)+SUM(E9:E13) -> 0 | D15: CUMUL GENERAL = | F15: =SUM(C9:C13)+SUM(F9:F13) -> 0 | H15: JOURNEE | I15: 42149
H16: TRANSMISSION | I16: =I15+1 -> 42150
A20: Transmis le : | B20: =I16 -> 42150

Sheet 26-05-15
A1: SODECOTON
H2: TABLEAU DE SAISI
A3: PLUVIOMETRIE JOURNALIERE ET PAR PENTADE | H3: STATION | I3: RELEVES
H4: MAROUA | I4: 0
B5: JOURNEE DU : | D5: =I15 -> 42150 | H5: KAELE | I5: 0
H6: TCHATIBALI | I6: 0
A7: STATION | B7: RELEVES | D7: STATION | E7: RELEVES | H7: GUIDER | I7: 0
B8: JOURNALIER | C8: CUMUL | E8: JOURNALIER | F8: CUMUL | H8: GAROUA | I8: 0
A9: MAROUA | B9: =I4 -> 0 | C9: ='25-05-15'!C9+B9 -> 0 | D9: NGONG | E9: =I9 -> 0 | F9: ='25-05-15'!F9+E9 -> 0 | H9: NGONG | I9: 0
A10: KAELE | B10: =I5 -> 0 | C10: ='25-05-15'!C10+B10 -> 0 | D10: POLI | E10: =I10 -> 0 | F10: ='25-05-15'!F10+E10 -> 0 | H10: POLI | I10: 0
A11: TCHATIBALI | B11: =I6 -> 0 | C11: ='25-05-15'!C11+B11 -> 0 | D11: MAYO-GALKE | E11: =I11 -> 0 | F11: ='25-05-15'!F11+E11 -> 0 | H11: MAYO-GALKE | I11: 0
A12: GUIDER | B12: =I7 -> 0 | C12: ='25-05-15'!C12+B12 -> 0 | D12: TOUBOURO | E12: =I12 -> 0 | F12: ='25-05-15'!F12+E12 -> 0 | H12: TOUBOURO | I12: 0
A13: GAROUA | B13: =I8 -> 0 | C13: ='25-05-15'!C13+B13 -> 0 | D13: HOME | E13: =I13 -> 0 | F13: ='25-05-15'!F13+E13 -> 0 | H13: HOME | I13: 0
A15: TOTAL JOURNALIER = | C15: =SUM(B9:B13)+SUM(E9:E13) -> 0 | D15: CUMUL GENERAL = | F15: =SUM(C9:C13)+SUM(F9:F13) -> 0 | H15: JOURNEE | I15: 42150
H16: TRANSMISSION | I16: =I15+1 -> 42151
A20: Transmis le : | B20: =I16 -> 42151

Sheet 27-05-15
A1: SODECOTON
H2: TABLEAU DE SAISI
A3: PLUVIOMETRIE JOURNALIERE ET PAR PENTADE | H3: STATION | I3: RELEVES
H4: MAROUA | I4: 0
B5: JOURNEE DU : | D5: =I15 -> 42151 | H5: KAELE | I5: 0
H6: TCHATIBALI | I6: 0
A7: STATION | B7: RELEVES | D7: STATION | E7: RELEVES | H7: GUIDER | I7: 0
B8: JOURNALIER | C8: CUMUL | E8: JOURNALIER | F8: CUMUL | H8: GAROUA | I8: 0
A9: MAROUA | B9: =I4 -> 0 | C9: ='26-05-15'!C9+B9 -> 0 | D9: NGONG | E9: =I9 -> 0 | F9: ='26-05-15'!F9+E9 -> 0 | H9: NGONG | I9: 0
A10: KAELE | B10: =I5 -> 0 | C10: ='26-05-15'!C10+B10 -> 0 | D10: POLI | E10: =I10 -> 0 | F10: ='26-05-15'!F10+E10 -> 0 | H10: POLI | I10: 0
A11: TCHATIBALI | B11: =I6 -> 0 | C11: ='26-05-15'!C11+B11 -> 0 | D11: MAYO-GALKE | E11: =I11 -> 0 | F11: ='26-05-15'!F11+E11 -> 0 | H11: MAYO-GALKE | I11: 0
A12: GUIDER | B12: =I7 -> 0 | C12: ='26-05-15'!C12+B12 -> 0 | D12: TOUBOURO | E12: =I12 -> 0 | F12: ='26-05-15'!F12+E12 -> 0 | H12: TOUBOURO | I12: 0
A13: GAROUA | B13: =I8 -> 0 | C13: ='26-05-15'!C13+B13 -> 0 | D13: HOME | E13: =I13 -> 0 | F13: ='26-05-15'!F13+E13 -> 0 | H13: HOME | I13: 0
A15: TOTAL JOURNALIER = | C15: =SUM(B9:B13)+SUM(E9:E13) -> 0 | D15: CUMUL GENERAL = | F15: =SUM(C9:C13)+SUM(F9:F13) -> 0 | H15: JOURNEE | I15: 42151
H16: TRANSMISSION | I16: =I15+1 -> 42152
A20: Transmis le : | B20: =I16 -> 42152

Sheet 28-05-15
A1: SODECOTON
H2: TABLEAU DE SAISI
A3: PLUVIOMETRIE JOURNALIERE ET PAR PENTADE | H3: STATION | I3: RELEVES
H4: MAROUA | I4: 0
B5: JOURNEE DU : | D5: =I15 -> 42152 | H5: KAELE | I5: 0
H6: TCHATIBALI | I6: 0
A7: STATION | B7: RELEVES | D7: STATION | E7: RELEVES | H7: GUIDER | I7: 0
B8: JOURNALIER | C8: CUMUL | E8: JOURNALIER | F8: CUMUL | H8: GAROUA | I8: 0
A9: MAROUA | B9: =I4 -> 0 | C9: ='27-05-15'!C9+B9 -> 0 | D9: NGONG | E9: =I9 -> 0 | F9: ='27-05-15'!F9+E9 -> 0 | H9: NGONG | I9: 0
A10: KAELE | B10: =I5 -> 0 | C10: ='27-05-15'!C10+B10 -> 0 | D10: POLI | E10: =I10 -> 0 | F10: ='27-05-15'!F10+E10 -> 0 | H10: POLI | I10: 0
A11: TCHATIBALI | B11: =I6 -> 0 | C11: ='27-05-15'!C11+B11 -> 0 | D11: MAYO-GALKE | E11: =I11 -> 0 | F11: ='27-05-15'!F11+E11 -> 0 | H11: MAYO-GALKE | I11: 0
A12: GUIDER | B12: =I7 -> 0 | C12: ='27-05-15'!C12+B12 -> 0 | D12: TOUBOURO | E12: =I12 -> 0 | F12: ='27-05-15'!F12+E12 -> 0 | H12: TOUBOURO | I12: 0
A13: GAROUA | B13: =I8 -> 0 | C13: ='27-05-15'!C13+B13 -> 0 | D13: HOME | E13: =I13 -> 0 | F13: ='27-05-15'!F13+E13 -> 0 | H13: HOME | I13: 0
A15: TOTAL JOURNALIER = | C15: =SUM(B9:B13)+SUM(E9:E13) -> 0 | D15: CUMUL GENERAL = | F15: =SUM(C9:C13)+SUM(F9:F13) -> 0 | H15: JOURNEE | I15: 42152
H16: TRANSMISSION | I16: =I15+1 -> 42153
A20: Transmis le : | B20: =I16 -> 42153

Sheet 29-05-15
A1: SODECOTON
H2: TABLEAU DE SAISI
A3: PLUVIOMETRIE JOURNALIERE ET PAR PENTADE | H3: STATION | I3: RELEVES
H4: MAROUA | I4: 0
B5: JOURNEE DU : | D5: =I15 -> 42153 | H5: KAELE | I5: 0
H6: TCHATIBALI | I6: 0
A7: STATION | B7: RELEVES | D7: STATION | E7: RELEVES | H7: GUIDER | I7: 0
B8: JOURNALIER | C8: CUMUL | E8: JOURNALIER | F8: CUMUL | H8: GAROUA | I8: 0
A9: MAROUA | B9: =I4 -> 0 | C9: ='28-05-15'!C9+B9 -> 0 | D9: NGONG | E9: =I9 -> 0 | F9: ='28-05-15'!F9+E9 -> 0 | H9: NGONG | I9: 0
A10: KAELE | B10: =I5 -> 0 | C10: ='28-05-15'!C10+B10 -> 0 | D10: POLI | E10: =I10 -> 0 | F10: ='28-05-15'!F10+E10 -> 0 | H10: POLI | I10: 0
A11: TCHATIBALI | B11: =I6 -> 0 | C11: ='28-05-15'!C11+B11 -> 0 | D11: MAYO-GALKE | E11: =I11 -> 0 | F11: ='28-05-15'!F11+E11 -> 0 | H11: MAYO-GALKE | I11: 0
A12: GUIDER | B12: =I7 -> 0 | C12: ='28-05-15'!C12+B12 -> 0 | D12: TOUBOURO | E12: =I12 -> 0 | F12: ='28-05-15'!F12+E12 -> 0 | H12: TOUBOURO | I12: 0
A13: GAROUA | B13: =I8 -> 0 | C13: ='28-05-15'!C13+B13 -> 0 | D13: HOME | E13: =I13 -> 0 | F13: ='28-05-15'!F13+E13 -> 0 | H13: HOME | I13: 0
A15: TOTAL JOURNALIER = | C15: =SUM(B9:B13)+SUM(E9:E13) -> 0 | D15: CUMUL GENERAL = | F15: =SUM(C9:C13)+SUM(F9:F13) -> 0 | H15: JOURNEE | I15: 42153
H16: TRANSMISSION | I16: =I15+1 -> 42154
A20: Transmis le : | B20: =I16 -> 42154

Sheet 30-05-15
A1: SODECOTON
H2: TABLEAU DE SAISI
A3: PLUVIOMETRIE JOURNALIERE ET PAR PENTADE | H3: STATION | I3: RELEVES
H4: MAROUA | I4: 0
B5: JOURNEE DU : | D5: =I15 -> 42154 | H5: KAELE | I5: 0
H6: TCHATIBALI | I6: 0
A7: STATION | B7: RELEVES | D7: STATION | E7: RELEVES | H7: GUIDER | I7: 0
B8: JOURNALIER | C8: CUMUL | E8: JOURNALIER | F8: CUMUL | H8: GAROUA | I8: 0
A9: MAROUA | B9: =I4 -> 0 | C9: ='29-05-15'!C9+B9 -> 0 | D9: NGONG | E9: =I9 -> 0 | F9: ='29-05-15'!F9+E9 -> 0 | H9: NGONG | I9: 0
A10: KAELE | B10: =I5 -> 0 | C10: ='29-05-15'!C10+B10 -> 0 | D10: POLI | E10: =I10 -> 0 | F10: ='29-05-15'!F10+E10 -> 0 | H10: POLI | I10: 0
A11: TCHATIBALI | B11: =I6 -> 0 | C11: ='29-05-15'!C11+B11 -> 0 | D11: MAYO-GALKE | E11: =I11 -> 0 | F11: ='29-05-15'!F11+E11 -> 0 | H11: MAYO-GALKE | I11: 0
A12: GUIDER | B12: =I7 -> 0 | C12: ='29-05-15'!C12+B12 -> 0 | D12: TOUBOURO | E12: =I12 -> 0 | F12: ='29-05-15'!F12+E12 -> 0 | H12: TOUBOURO | I12: 0
A13: GAROUA | B13: =I8 -> 0 | C13: ='29-05-15'!C13+B13 -> 0 | D13: HOME | E13: =I13 -> 0 | F13: ='29-05-15'!F13+E13 -> 0 | H13: HOME | I13: 0
A15: TOTAL JOURNALIER = | C15: =SUM(B9:B13)+SUM(E9:E13) -> 0 | D15: CUMUL GENERAL = | F15: =SUM(C9:C13)+SUM(F9:F13) -> 0 | H15: JOURNEE | I15: 42154
H16: TRANSMISSION | I16: =I15+1 -> 42155
A20: Transmis le : | B20: =I16 -> 42155

Sheet 31-05-15
A1: SODECOTON
H2: TABLEAU DE SAISI
A3: PLUVIOMETRIE JOURNALIERE ET PAR PENTADE | H3: STATION | I3: RELEVES
H4: MAROUA | I4: 0
B5: JOURNEE DU : | D5: =I15 -> 42155 | H5: KAELE | I5: 0
H6: TCHATIBALI | I6: 0
A7: STATION | B7: RELEVES | D7: STATION | E7: RELEVES | H7: GUIDER | I7: 0
B8: JOURNALIER | C8: CUMUL | E8: JOURNALIER | F8: CUMUL | H8: GAROUA | I8: 0
A9: MAROUA | B9: =I4 -> 0 | C9: ='30-05-15'!C9+B9 -> 0 | D9: NGONG | E9: =I9 -> 0 | F9: ='30-05-15'!F9+E9 -> 0 | H9: NGONG | I9: 0
A10: KAELE | B10: =I5 -> 0 | C10: ='30-05-15'!C10+B10 -> 0 | D10: POLI | E10: =I10 -> 0 | F10: ='30-05-15'!F10+E10 -> 0 | H10: POLI | I10: 0
A11: TCHATIBALI | B11: =I6 -> 0 | C11: ='30-05-15'!C11+B11 -> 0 | D11: MAYO-GALKE | E11: =I11 -> 0 | F11: ='30-05-15'!F11+E11 -> 0 | H11: MAYO-GALKE | I11: 0
A12: GUIDER | B12: =I7 -> 0 | C12: ='30-05-15'!C12+B12 -> 0 | D12: TOUBOURO | E12: =I12 -> 0 | F12: ='30-05-15'!F12+E12 -> 0 | H12: TOUBOURO | I12: 0
A13: GAROUA | B13: =I8 -> 0 | C13: ='30-05-15'!C13+B13 -> 0 | D13: HOME | E13: =I13 -> 0 | F13: ='30-05-15'!F13+E13 -> 0 | H13: HOME | I13: 0
A15: TOTAL JOURNALIER = | C15: =SUM(B9:B13)+SUM(E9:E13) -> 0 | D15: CUMUL GENERAL = | F15: =SUM(C9:C13)+SUM(F9:F13) -> 0 | H15: JOURNEE | I15: 42155
H16: TRANSMISSION | I16: =I15+1 -> 42156
A20: Transmis le : | B20: =I16 -> 42156

Sheet 01-06-15
A1: SODECOTON
H2: TABLEAU DE SAISI
A3: PLUVIOMETRIE JOURNALIERE ET PAR PENTADE | H3: STATION | I3: RELEVES
H4: MAROUA | I4: 0
B5: JOURNEE DU : | D5: =I15 -> 42156 | H5: KAELE | I5: 0
H6: TCHATIBALI | I6: 0
A7: STATION | B7: RELEVES | D7: STATION | E7: RELEVES | H7: GUIDER | I7: 0
B8: JOURNALIER | C8: CUMUL | E8: JOURNALIER | F8: CUMUL | H8: GAROUA | I8: 0
A9: MAROUA | B9: =I4 -> 0 | C9: ='31-05-15'!C9+B9 -> 0 | D9: NGONG | E9: =I9 -> 0 | F9: ='31-05-15'!F9+E9 -> 0 | H9: NGONG | I9: 0
A10: KAELE | B10: =I5 -> 0 | C10: ='31-05-15'!C10+B10 -> 0 | D10: POLI | E10: =I10 -> 0 | F10: ='31-05-15'!F10+E10 -> 0 | H10: POLI | I10: 0
A11: TCHATIBALI | B11: =I6 -> 0 | C11: ='31-05-15'!C11+B11 -> 0 | D11: MAYO-GALKE | E11: =I11 -> 0 | F11: ='31-05-15'!F11+E11 -> 0 | H11: MAYO-GALKE | I11: 0
A12: GUIDER | B12: =I7 -> 0 | C12: ='31-05-15'!C12+B12 -> 0 | D12: TOUBOURO | E12: =I12 -> 0 | F12: ='31-05-15'!F12+E12 -> 0 | H12: TOUBOURO | I12: 0
A13: GAROUA | B13: =I8 -> 0 | C13: ='31-05-15'!C13+B13 -> 0 | D13: HOME | E13: =I13 -> 0 | F13: ='31-05-15'!F13+E13 -> 0 | H13: HOME | I13: 0
A15: TOTAL JOURNALIER = | C15: =SUM(B9:B13)+SUM(E9:E13) -> 0 | D15: CUMUL GENERAL = | F15: =SUM(C9:C13)+SUM(F9:F13) -> 0 | H15: JOURNEE | I15: 42156
H16: TRANSMISSION | I16: =I15+1 -> 42157
A20: Transmis le : | B20: =I16 -> 42157

Sheet 02-06-15
A1: SODECOTON
H2: TABLEAU DE SAISI
A3: PLUVIOMETRIE JOURNALIERE ET PAR PENTADE | H3: STATION | I3: RELEVES
H4: MAROUA | I4: 0
B5: JOURNEE DU : | D5: =I15 -> 42157 | H5: KAELE | I5: 0
H6: TCHATIBALI | I6: 0
A7: STATION | B7: RELEVES | D7: STATION | E7: RELEVES | H7: GUIDER | I7: 0
B8: JOURNALIER | C8: CUMUL | E8: JOURNALIER | F8: CUMUL | H8: GAROUA | I8: 0
A9: MAROUA | B9: =I4 -> 0 | C9: ='01-06-15'!C9+B9 -> 0 | D9: NGONG | E9: =I9 -> 0 | F9: ='01-06-15'!F9+E9 -> 0 | H9: NGONG | I9: 0
A10: KAELE | B10: =I5 -> 0 | C10: ='01-06-15'!C10+B10 -> 0 | D10: POLI | E10: =I10 -> 0 | F10: ='01-06-15'!F10+E10 -> 0 | H10: POLI | I10: 0
A11: TCHATIBALI | B11: =I6 -> 0 | C11: ='01-06-15'!C11+B11 -> 0 | D11: MAYO-GALKE | E11: =I11 -> 0 | F11: ='01-06-15'!F11+E11 -> 0 | H11: MAYO-GALKE | I11: 0
A12: GUIDER | B12: =I7 -> 0 | C12: ='01-06-15'!C12+B12 -> 0 | D12: TOUBOURO | E12: =I12 -> 0 | F12: ='01-06-15'!F12+E12 -> 0 | H12: TOUBOURO | I12: 0
A13: GAROUA | B13: =I8 -> 0 | C13: ='01-06-15'!C13+B13 -> 0 | D13: HOME | E13: =I13 -> 0 | F13: ='01-06-15'!F13+E13 -> 0 | H13: HOME | I13: 0
A15: TOTAL JOURNALIER = | C15: =SUM(B9:B13)+SUM(E9:E13) -> 0 | D15: CUMUL GENERAL = | F15: =SUM(C9:C13)+SUM(F9:F13) -> 0 | H15: JOURNEE | I15: 42157
H16: TRANSMISSION | I16: =I15+1 -> 42158
A20: Transmis le : | B20: =I16 -> 42158

Sheet 03-06-15
A1: SODECOTON
H2: TABLEAU DE SAISI
A3: PLUVIOMETRIE JOURNALIERE ET PAR PENTADE | H3: STATION | I3: RELEVES
H4: MAROUA | I4: 0
B5: JOURNEE DU : | D5: =I15 -> 42158 | H5: KAELE | I5: 0
H6: TCHATIBALI | I6: 0
A7: STATION | B7: RELEVES | D7: STATION | E7: RELEVES | H7: GUIDER | I7: 0
B8: JOURNALIER | C8: CUMUL | E8: JOURNALIER | F8: CUMUL | H8: GAROUA | I8: 0
A9: MAROUA | B9: =I4 -> 0 | C9: ='02-06-15'!C9+B9 -> 0 | D9: NGONG | E9: =I9 -> 0 | F9: ='02-06-15'!F9+E9 -> 0 | H9: NGONG | I9: 0
A10: KAELE | B10: =I5 -> 0 | C10: ='02-06-15'!C10+B10 -> 0 | D10: POLI | E10: =I10 -> 0 | F10: ='02-06-15'!F10+E10 -> 0 | H10: POLI | I10: 0
A11: TCHATIBALI | B11: =I6 -> 0 | C11: ='02-06-15'!C11+B11 -> 0 | D11: MAYO-GALKE | E11: =I11 -> 0 | F11: ='02-06-15'!F11+E11 -> 0 | H11: MAYO-GALKE | I11: 0
A12: GUIDER | B12: =I7 -> 0 | C12: ='02-06-15'!C12+B12 -> 0 | D12: TOUBOURO | E12: =I12 -> 0 | F12: ='02-06-15'!F12+E12 -> 0 | H12: TOUBOURO | I12: 0
A13: GAROUA | B13: =I8 -> 0 | C13: ='02-06-15'!C13+B13 -> 0 | D13: HOME | E13: =I13 -> 0 | F13: ='02-06-15'!F13+E13 -> 0 | H13: HOME | I13: 0
A15: TOTAL JOURNALIER = | C15: =SUM(B9:B13)+SUM(E9:E13) -> 0 | D15: CUMUL GENERAL = | F15: =SUM(C9:C13)+SUM(F9:F13) -> 0 | H15: JOURNEE | I15: 42158
H16: TRANSMISSION | I16: =I15+1 -> 42159
A20: Transmis le : | B20: =I16 -> 42159

Sheet 04-06-15
A1: SODECOTON
H2: TABLEAU DE SAISI
A3: PLUVIOMETRIE JOURNALIERE ET PAR PENTADE | H3: STATION | I3: RELEVES
H4: MAROUA | I4: 0
B5: JOURNEE DU : | D5: =I15 -> 42159 | H5: KAELE | I5: 0
H6: TCHATIBALI | I6: 0
A7: STATION | B7: RELEVES | D7: STATION | E7: RELEVES | H7: GUIDER | I7: 0
B8: JOURNALIER | C8: CUMUL | E8: JOURNALIER | F8: CUMUL | H8: GAROUA | I8: 0
A9: MAROUA | B9: =I4 -> 0 | C9: ='03-06-15'!C9+B9 -> 0 | D9: NGONG | E9: =I9 -> 0 | F9: ='03-06-15'!F9+E9 -> 0 | H9: NGONG | I9: 0
A10: KAELE | B10: =I5 -> 0 | C10: ='03-06-15'!C10+B10 -> 0 | D10: POLI | E10: =I10 -> 0 | F10: ='03-06-15'!F10+E10 -> 0 | H10: POLI | I10: 0
A11: TCHATIBALI | B11: =I6 -> 0 | C11: ='03-06-15'!C11+B11 -> 0 | D11: MAYO-GALKE | E11: =I11 -> 0 | F11: ='03-06-15'!F11+E11 -> 0 | H11: MAYO-GALKE | I11: 0
A12: GUIDER | B12: =I7 -> 0 | C12: ='03-06-15'!C12+B12 -> 0 | D12: TOUBOURO | E12: =I12 -> 0 | F12: ='03-06-15'!F12+E12 -> 0 | H12: TOUBOURO | I12: 0
A13: GAROUA | B13: =I8 -> 0 | C13: ='03-06-15'!C13+B13 -> 0 | D13: HOME | E13: =I13 -> 0 | F13: ='03-06-15'!F13+E13 -> 0 | H13: HOME | I13: 0
A15: TOTAL JOURNALIER = | C15: =SUM(B9:B13)+SUM(E9:E13) -> 0 | D15: CUMUL GENERAL = | F15: =SUM(C9:C13)+SUM(F9:F13) -> 0 | H15: JOURNEE | I15: 42159
H16: TRANSMISSION | I16: =I15+1 -> 42160
A20: Transmis le : | B20: =I16 -> 42160

Sheet 05-06-15
A1: SODECOTON
H2: TABLEAU DE SAISI
A3: PLUVIOMETRIE JOURNALIERE ET PAR PENTADE | H3: STATION | I3: RELEVES
H4: MAROUA | I4: 0
B5: JOURNEE DU : | D5: =I15 -> 42160 | H5: KAELE | I5: 0
H6: TCHATIBALI | I6: 0
A7: STATION | B7: RELEVES | D7: STATION | E7: RELEVES | H7: GUIDER | I7: 0
B8: JOURNALIER | C8: CUMUL | E8: JOURNALIER | F8: CUMUL | H8: GAROUA | I8: 0
A9: MAROUA | B9: =I4 -> 0 | C9: ='04-06-15'!C9+B9 -> 0 | D9: NGONG | E9: =I9 -> 0 | F9: ='04-06-15'!F9+E9 -> 0 | H9: NGONG | I9: 0
A10: KAELE | B10: =I5 -> 0 | C10: ='04-06-15'!C10+B10 -> 0 | D10: POLI | E10: =I10 -> 0 | F10: ='04-06-15'!F10+E10 -> 0 | H10: POLI | I10: 0
A11: TCHATIBALI | B11: =I6 -> 0 | C11: ='04-06-15'!C11+B11 -> 0 | D11: MAYO-GALKE | E11: =I11 -> 0 | F11: ='04-06-15'!F11+E11 -> 0 | H11: MAYO-GALKE | I11: 0
A12: GUIDER | B12: =I7 -> 0 | C12: ='04-06-15'!C12+B12 -> 0 | D12: TOUBOURO | E12: =I12 -> 0 | F12: ='04-06-15'!F12+E12 -> 0 | H12: TOUBOURO | I12: 0
A13: GAROUA | B13: =I8 -> 0 | C13: ='04-06-15'!C13+B13 -> 0 | D13: HOME | E13: =I13 -> 0 | F13: ='04-06-15'!F13+E13 -> 0 | H13: HOME | I13: 0
A15: TOTAL JOURNALIER = | C15: =SUM(B9:B13)+SUM(E9:E13) -> 0 | D15: CUMUL GENERAL = | F15: =SUM(C9:C13)+SUM(F9:F13) -> 0 | H15: JOURNEE | I15: 42160
H16: TRANSMISSION | I16: =I15+1 -> 42161
A20: Transmis le : | B20: =I16 -> 42161

Sheet 06-06-15
A1: SODECOTON
H2: TABLEAU DE SAISI
A3: PLUVIOMETRIE JOURNALIERE ET PAR PENTADE | H3: STATION | I3: RELEVES
H4: MAROUA | I4: 0
B5: JOURNEE DU : | D5: =I15 -> 42161 | H5: KAELE | I5: 0
H6: TCHATIBALI | I6: 0
A7: STATION | B7: RELEVES | D7: STATION | E7: RELEVES | H7: GUIDER | I7: 0
B8: JOURNALIER | C8: CUMUL | E8: JOURNALIER | F8: CUMUL | H8: GAROUA | I8: 0
A9: MAROUA | B9: =I4 -> 0 | C9: ='05-06-15'!C9+B9 -> 0 | D9: NGONG | E9: =I9 -> 0 | F9: ='05-06-15'!F9+E9 -> 0 | H9: NGONG | I9: 0
A10: KAELE | B10: =I5 -> 0 | C10: ='05-06-15'!C10+B10 -> 0 | D10: POLI | E10: =I10 -> 0 | F10: ='05-06-15'!F10+E10 -> 0 | H10: POLI | I10: 0
A11: TCHATIBALI | B11: =I6 -> 0 | C11: ='05-06-15'!C11+B11 -> 0 | D11: MAYO-GALKE | E11: =I11 -> 0 | F11: ='05-06-15'!F11+E11 -> 0 | H11: MAYO-GALKE | I11: 0
A12: GUIDER | B12: =I7 -> 0 | C12: ='05-06-15'!C12+B12 -> 0 | D12: TOUBOURO | E12: =I12 -> 0 | F12: ='05-06-15'!F12+E12 -> 0 | H12: TOUBOURO | I12: 0
A13: GAROUA | B13: =I8 -> 0 | C13: ='05-06-15'!C13+B13 -> 0 | D13: HOME | E13: =I13 -> 0 | F13: ='05-06-15'!F13+E13 -> 0 | H13: HOME | I13: 0
A15: TOTAL JOURNALIER = | C15: =SUM(B9:B13)+SUM(E9:E13) -> 0 | D15: CUMUL GENERAL = | F15: =SUM(C9:C13)+SUM(F9:F13) -> 0 | H15: JOURNEE | I15: 42161
H16: TRANSMISSION | I16: =I15+1 -> 42162
A20: Transmis le : | B20: =I16 -> 42162

Sheet 07-06-15
A1: SODECOTON
H2: TABLEAU DE SAISI
A3: PLUVIOMETRIE JOURNALIERE ET PAR PENTADE | H3: STATION | I3: RELEVES
H4: MAROUA | I4: 0
B5: JOURNEE DU : | D5: =I15 -> 42162 | H5: KAELE | I5: 0
H6: TCHATIBALI | I6: 0
A7: STATION | B7: RELEVES | D7: STATION | E7: RELEVES | H7: GUIDER | I7: 0
B8: JOURNALIER | C8: CUMUL | E8: JOURNALIER | F8: CUMUL | H8: GAROUA | I8: 0
A9: MAROUA | B9: =I4 -> 0 | C9: ='06-06-15'!C9+B9 -> 0 | D9: NGONG | E9: =I9 -> 0 | F9: ='06-06-15'!F9+E9 -> 0 | H9: NGONG | I9: 0
A10: KAELE | B10: =I5 -> 0 | C10: ='06-06-15'!C10+B10 -> 0 | D10: POLI | E10: =I10 -> 0 | F10: ='06-06-15'!F10+E10 -> 0 | H10: POLI | I10: 0
A11: TCHATIBALI | B11: =I6 -> 0 | C11: ='06-06-15'!C11+B11 -> 0 | D11: MAYO-GALKE | E11: =I11 -> 0 | F11: ='06-06-15'!F11+E11 -> 0 | H11: MAYO-GALKE | I11: 0
A12: GUIDER | B12: =I7 -> 0 | C12: ='06-06-15'!C12+B12 -> 0 | D12: TOUBOURO | E12: =I12 -> 0 | F12: ='06-06-15'!F12+E12 -> 0 | H12: TOUBOURO | I12: 0
A13: GAROUA | B13: =I8 -> 0 | C13: ='06-06-15'!C13+B13 -> 0 | D13: HOME | E13: =I13 -> 0 | F13: ='06-06-15'!F13+E13 -> 0 | H13: HOME | I13: 0
A15: TOTAL JOURNALIER = | C15: =SUM(B9:B13)+SUM(E9:E13) -> 0 | D15: CUMUL GENERAL = | F15: =SUM(C9:C13)+SUM(F9:F13) -> 0 | H15: JOURNEE | I15: 42162
H16: TRANSMISSION | I16: =I15+1 -> 42163
A20: Transmis le : | B20: =I16 -> 42163

Sheet 08-06-15
A1: SODECOTON
H2: TABLEAU DE SAISI
A3: PLUVIOMETRIE JOURNALIERE ET PAR PENTADE | H3: STATION | I3: RELEVES
H4: MAROUA | I4: 0
B5: JOURNEE DU : | D5: =I15 -> 42163 | H5: KAELE | I5: 0
H6: TCHATIBALI | I6: 0
A7: STATION | B7: RELEVES | D7: STATION | E7: RELEVES | H7: GUIDER | I7: 0
B8: JOURNALIER | C8: CUMUL | E8: JOURNALIER | F8: CUMUL | H8: GAROUA | I8: 0
A9: MAROUA | B9: =I4 -> 0 | C9: ='07-06-15'!C9+B9 -> 0 | D9: NGONG | E9: =I9 -> 0 | F9: ='07-06-15'!F9+E9 -> 0 | H9: NGONG | I9: 0
A10: KAELE | B10: =I5 -> 0 | C10: ='07-06-15'!C10+B10 -> 0 | D10: POLI | E10: =I10 -> 0 | F10: ='07-06-15'!F10+E10 -> 0 | H10: POLI | I10: 0
A11: TCHATIBALI | B11: =I6 -> 0 | C11: ='07-06-15'!C11+B11 -> 0 | D11: MAYO-GALKE | E11: =I11 -> 0 | F11: ='07-06-15'!F11+E11 -> 0 | H11: MAYO-GALKE | I11: 0
A12: GUIDER | B12: =I7 -> 0 | C12: ='07-06-15'!C12+B12 -> 0 | D12: TOUBOURO | E12: =I12 -> 0 | F12: ='07-06-15'!F12+E12 -> 0 | H12: TOUBOURO | I12: 0
A13: GAROUA | B13: =I8 -> 0 | C13: ='07-06-15'!C13+B13 -> 0 | D13: HOME | E13: =I13 -> 0 | F13: ='07-06-15'!F13+E13 -> 0 | H13: HOME | I13: 0
A15: TOTAL JOURNALIER = | C15: =SUM(B9:B13)+SUM(E9:E13) -> 0 | D15: CUMUL GENERAL = | F15: =SUM(C9:C13)+SUM(F9:F13) -> 0 | H15: JOURNEE | I15: 42163
H16: TRANSMISSION | I16: =I15+1 -> 42164
A20: Transmis le : | B20: =I16 -> 42164

Sheet 09-06-15
A1: SODECOTON
H2: TABLEAU DE SAISI
A3: PLUVIOMETRIE JOURNALIERE ET PAR PENTADE | H3: STATION | I3: RELEVES
H4: MAROUA | I4: 0
B5: JOURNEE DU : | D5: =I15 -> 42164 | H5: KAELE | I5: 0
H6: TCHATIBALI | I6: 0
A7: STATION | B7: RELEVES | D7: STATION | E7: RELEVES | H7: GUIDER | I7: 0
B8: JOURNALIER | C8: CUMUL | E8: JOURNALIER | F8: CUMUL | H8: GAROUA | I8: 0
A9: MAROUA | B9: =I4 -> 0 | C9: ='08-06-15'!C9+B9 -> 0 | D9: NGONG | E9: =I9 -> 0 | F9: ='08-06-15'!F9+E9 -> 0 | H9: NGONG | I9: 0
A10: KAELE | B10: =I5 -> 0 | C10: ='08-06-15'!C10+B10 -> 0 | D10: POLI | E10: =I10 -> 0 | F10: ='08-06-15'!F10+E10 -> 0 | H10: POLI | I10: 0
A11: TCHATIBALI | B11: =I6 -> 0 | C11: ='08-06-15'!C11+B11 -> 0 | D11: MAYO-GALKE | E11: =I11 -> 0 | F11: ='08-06-15'!F11+E11 -> 0 | H11: MAYO-GALKE | I11: 0
A12: GUIDER | B12: =I7 -> 0 | C12: ='08-06-15'!C12+B12 -> 0 | D12: TOUBOURO | E12: =I12 -> 0 | F12: ='08-06-15'!F12+E12 -> 0 | H12: TOUBOURO | I12: 0
A13: GAROUA | B13: =I8 -> 0 | C13: ='08-06-15'!C13+B13 -> 0 | D13: HOME | E13: =I13 -> 0 | F13: ='08-06-15'!F13+E13 -> 0 | H13: HOME | I13: 0
A15: TOTAL JOURNALIER = | C15: =SUM(B9:B13)+SUM(E9:E13) -> 0 | D15: CUMUL GENERAL = | F15: =SUM(C9:C13)+SUM(F9:F13) -> 0 | H15: JOURNEE | I15: 42164
H16: TRANSMISSION | I16: =I15+1 -> 42165
A20: Transmis le : | B20: =I16 -> 42165

Sheet 10-06-15
A1: SODECOTON
H2: TABLEAU DE SAISI
A3: PLUVIOMETRIE JOURNALIERE ET PAR PENTADE | H3: STATION | I3: RELEVES
H4: MAROUA | I4: 0
B5: JOURNEE DU : | D5: =I15 -> 42165 | H5: KAELE | I5: 0
H6: TCHATIBALI | I6: 0
A7: STATION | B7: RELEVES | D7: STATION | E7: RELEVES | H7: GUIDER | I7: 0
B8: JOURNALIER | C8: CUMUL | E8: JOURNALIER | F8: CUMUL | H8: GAROUA | I8: 0
A9: MAROUA | B9: =I4 -> 0 | C9: ='09-06-15'!C9+B9 -> 0 | D9: NGONG | E9: =I9 -> 0 | F9: ='09-06-15'!F9+E9 -> 0 | H9: NGONG | I9: 0
A10: KAELE | B10: =I5 -> 0 | C10: ='09-06-15'!C10+B10 -> 0 | D10: POLI | E10: =I10 -> 0 | F10: ='09-06-15'!F10+E10 -> 0 | H10: POLI | I10: 0
A11: TCHATIBALI | B11: =I6 -> 0 | C11: ='09-06-15'!C11+B11 -> 0 | D11: MAYO-GALKE | E11: =I11 -> 0 | F11: ='09-06-15'!F11+E11 -> 0 | H11: MAYO-GALKE | I11: 0
A12: GUIDER | B12: =I7 -> 0 | C12: ='09-06-15'!C12+B12 -> 0 | D12: TOUBOURO | E12: =I12 -> 0 | F12: ='09-06-15'!F12+E12 -> 0 | H12: TOUBOURO | I12: 0
A13: GAROUA | B13: =I8 -> 0 | C13: ='09-06-15'!C13+B13 -> 0 | D13: HOME | E13: =I13 -> 0 | F13: ='09-06-15'!F13+E13 -> 0 | H13: HOME | I13: 0
A15: TOTAL JOURNALIER = | C15: =SUM(B9:B13)+SUM(E9:E13) -> 0 | D15: CUMUL GENERAL = | F15: =SUM(C9:C13)+SUM(F9:F13) -> 0 | H15: JOURNEE | I15: 42165
H16: TRANSMISSION | I16: =I15+1 -> 42166
A20: Transmis le : | B20: =I16 -> 42166

Sheet 11-06-15
A1: SODECOTON
H2: TABLEAU DE SAISI
A3: PLUVIOMETRIE JOURNALIERE ET PAR PENTADE | H3: STATION | I3: RELEVES
H4: MAROUA | I4: 0
B5: JOURNEE DU : | D5: =I15 -> 42166 | H5: KAELE | I5: 0
H6: TCHATIBALI | I6: 0
A7: STATION | B7: RELEVES | D7: STATION | E7: RELEVES | H7: GUIDER | I7: 0
B8: JOURNALIER | C8: CUMUL | E8: JOURNALIER | F8: CUMUL | H8: GAROUA | I8: 0
A9: MAROUA | B9: =I4 -> 0 | C9: ='10-06-15'!C9+B9 -> 0 | D9: NGONG | E9: =I9 -> 0 | F9: ='10-06-15'!F9+E9 -> 0 | H9: NGONG | I9: 0
A10: KAELE | B10: =I5 -> 0 | C10: ='10-06-15'!C10+B10 -> 0 | D10: POLI | E10: =I10 -> 0 | F10: ='10-06-15'!F10+E10 -> 0 | H10: POLI | I10: 0
A11: TCHATIBALI | B11: =I6 -> 0 | C11: ='10-06-15'!C11+B11 -> 0 | D11: MAYO-GALKE | E11: =I11 -> 0 | F11: ='10-06-15'!F11+E11 -> 0 | H11: MAYO-GALKE | I11: 0
A12: GUIDER | B12: =I7 -> 0 | C12: ='10-06-15'!C12+B12 -> 0 | D12: TOUBOURO | E12: =I12 -> 0 | F12: ='10-06-15'!F12+E12 -> 0 | H12: TOUBOURO | I12: 0
A13: GAROUA | B13: =I8 -> 0 | C13: ='10-06-15'!C13+B13 -> 0 | D13: HOME | E13: =I13 -> 0 | F13: ='10-06-15'!F13+E13 -> 0 | H13: HOME | I13: 0
A15: TOTAL JOURNALIER = | C15: =SUM(B9:B13)+SUM(E9:E13) -> 0 | D15: CUMUL GENERAL = | F15: =SUM(C9:C13)+SUM(F9:F13) -> 0 | H15: JOURNEE | I15: 42166
H16: TRANSMISSION | I16: =I15+1 -> 42167
A20: Transmis le : | B20: =I16 -> 42167

Sheet 12-06-15
A1: SODECOTON
H2: TABLEAU DE SAISI
A3: PLUVIOMETRIE JOURNALIERE ET PAR PENTADE | H3: STATION | I3: RELEVES
H4: MAROUA | I4: 0
B5: JOURNEE DU : | D5: =I15 -> 42167 | H5: KAELE | I5: 0
H6: TCHATIBALI | I6: 0
A7: STATION | B7: RELEVES | D7: STATION | E7: RELEVES | H7: GUIDER | I7: 0
B8: JOURNALIER | C8: CUMUL | E8: JOURNALIER | F8: CUMUL | H8: GAROUA | I8: 0
A9: MAROUA | B9: =I4 -> 0 | C9: ='11-06-15'!C9+B9 -> 0 | D9: NGONG | E9: =I9 -> 0 | F9: ='11-06-15'!F9+E9 -> 0 | H9: NGONG | I9: 0
A10: KAELE | B10: =I5 -> 0 | C10: ='11-06-15'!C10+B10 -> 0 | D10: POLI | E10: =I10 -> 0 | F10: ='11-06-15'!F10+E10 -> 0 | H10: POLI | I10: 0
A11: TCHATIBALI | B11: =I6 -> 0 | C11: ='11-06-15'!C11+B11 -> 0 | D11: MAYO-GALKE | E11: =I11 -> 0 | F11: ='11-06-15'!F11+E11 -> 0 | H11: MAYO-GALKE | I11: 0
A12: GUIDER | B12: =I7 -> 0 | C12: ='11-06-15'!C12+B12 -> 0 | D12: TOUBOURO | E12: =I12 -> 0 | F12: ='11-06-15'!F12+E12 -> 0 | H12: TOUBOURO | I12: 0
A13: GAROUA | B13: =I8 -> 0 | C13: ='11-06-15'!C13+B13 -> 0 | D13: HOME | E13: =I13 -> 0 | F13: ='11-06-15'!F13+E13 -> 0 | H13: HOME | I13: 0
A15: TOTAL JOURNALIER = | C15: =SUM(B9:B13)+SUM(E9:E13) -> 0 | D15: CUMUL GENERAL = | F15: =SUM(C9:C13)+SUM(F9:F13) -> 0 | H15: JOURNEE | I15: 42167
H16: TRANSMISSION | I16: =I15+1 -> 42168
A20: Transmis le : | B20: =I16 -> 42168

Sheet 13-06-15
A1: SODECOTON
H2: TABLEAU DE SAISI
A3: PLUVIOMETRIE JOURNALIERE ET PAR PENTADE | H3: STATION | I3: RELEVES
H4: MAROUA | I4: 0
B5: JOURNEE DU : | D5: =I15 -> 42168 | H5: KAELE | I5: 0
H6: TCHATIBALI | I6: 0
A7: STATION | B7: RELEVES | D7: STATION | E7: RELEVES | H7: GUIDER | I7: 0
B8: JOURNALIER | C8: CUMUL | E8: JOURNALIER | F8: CUMUL | H8: GAROUA | I8: 0
A9: MAROUA | B9: =I4 -> 0 | C9: ='12-06-15'!C9+B9 -> 0 | D9: NGONG | E9: =I9 -> 0 | F9: ='12-06-15'!F9+E9 -> 0 | H9: NGONG | I9: 0
A10: KAELE | B10: =I5 -> 0 | C10: ='12-06-15'!C10+B10 -> 0 | D10: POLI | E10: =I10 -> 0 | F10: ='12-06-15'!F10+E10 -> 0 | H10: POLI | I10: 0
A11: TCHATIBALI | B11: =I6 -> 0 | C11: ='12-06-15'!C11+B11 -> 0 | D11: MAYO-GALKE | E11: =I11 -> 0 | F11: ='12-06-15'!F11+E11 -> 0 | H11: MAYO-GALKE | I11: 0
A12: GUIDER | B12: =I7 -> 0 | C12: ='12-06-15'!C12+B12 -> 0 | D12: TOUBOURO | E12: =I12 -> 0 | F12: ='12-06-15'!F12+E12 -> 0 | H12: TOUBOURO | I12: 0
A13: GAROUA | B13: =I8 -> 0 | C13: ='12-06-15'!C13+B13 -> 0 | D13: HOME | E13: =I13 -> 0 | F13: ='12-06-15'!F13+E13 -> 0 | H13: HOME | I13: 0
A15: TOTAL JOURNALIER = | C15: =SUM(B9:B13)+SUM(E9:E13) -> 0 | D15: CUMUL GENERAL = | F15: =SUM(C9:C13)+SUM(F9:F13) -> 0 | H15: JOURNEE | I15: 42168
H16: TRANSMISSION | I16: =I15+1 -> 42169
A20: Transmis le : | B20: =I16 -> 42169

Sheet 14-06-15
A1: SODECOTON
H2: TABLEAU DE SAISI
A3: PLUVIOMETRIE JOURNALIERE ET PAR PENTADE | H3: STATION | I3: RELEVES
H4: MAROUA | I4: 0
B5: JOURNEE DU : | D5: =I15 -> 42169 | H5: KAELE | I5: 0
H6: TCHATIBALI | I6: 0
A7: STATION | B7: RELEVES | D7: STATION | E7: RELEVES | H7: GUIDER | I7: 0
B8: JOURNALIER | C8: CUMUL | E8: JOURNALIER | F8: CUMUL | H8: GAROUA | I8: 0
A9: MAROUA | B9: =I4 -> 0 | C9: ='13-06-15'!C9+B9 -> 0 | D9: NGONG | E9: =I9 -> 0 | F9: ='13-06-15'!F9+E9 -> 0 | H9: NGONG | I9: 0
A10: KAELE | B10: =I5 -> 0 | C10: ='13-06-15'!C10+B10 -> 0 | D10: POLI | E10: =I10 -> 0 | F10: ='13-06-15'!F10+E10 -> 0 | H10: POLI | I10: 0
A11: TCHATIBALI | B11: =I6 -> 0 | C11: ='13-06-15'!C11+B11 -> 0 | D11: MAYO-GALKE | E11: =I11 -> 0 | F11: ='13-06-15'!F11+E11 -> 0 | H11: MAYO-GALKE | I11: 0
A12: GUIDER | B12: =I7 -> 0 | C12: ='13-06-15'!C12+B12 -> 0 | D12: TOUBOURO | E12: =I12 -> 0 | F12: ='13-06-15'!F12+E12 -> 0 | H12: TOUBOURO | I12: 0
A13: GAROUA | B13: =I8 -> 0 | C13: ='13-06-15'!C13+B13 -> 0 | D13: HOME | E13: =I13 -> 0 | F13: ='13-06-15'!F13+E13 -> 0 | H13: HOME | I13: 0
A15: TOTAL JOURNALIER = | C15: =SUM(B9:B13)+SUM(E9:E13) -> 0 | D15: CUMUL GENERAL = | F15: =SUM(C9:C13)+SUM(F9:F13) -> 0 | H15: JOURNEE | I15: 42169
H16: TRANSMISSION | I16: =I15+1 -> 42170
A20: Transmis le : | B20: =I16 -> 42170

Sheet 15-06-15
A1: SODECOTON
H2: TABLEAU DE SAISI
A3: PLUVIOMETRIE JOURNALIERE ET PAR PENTADE | H3: STATION | I3: RELEVES
H4: MAROUA | I4: 0
B5: JOURNEE DU : | D5: =I15 -> 42170 | H5: KAELE | I5: 0
H6: TCHATIBALI | I6: 0
A7: STATION | B7: RELEVES | D7: STATION | E7: RELEVES | H7: GUIDER | I7: 0
B8: JOURNALIER | C8: CUMUL | E8: JOURNALIER | F8: CUMUL | H8: GAROUA | I8: 0
A9: MAROUA | B9: =I4 -> 0 | C9: ='14-06-15'!C9+B9 -> 0 | D9: NGONG | E9: =I9 -> 0 | F9: ='14-06-15'!F9+E9 -> 0 | H9: NGONG | I9: 0
A10: KAELE | B10: =I5 -> 0 | C10: ='14-06-15'!C10+B10 -> 0 | D10: POLI | E10: =I10 -> 0 | F10: ='14-06-15'!F10+E10 -> 0 | H10: POLI | I10: 0
A11: TCHATIBALI | B11: =I6 -> 0 | C11: ='14-06-15'!C11+B11 -> 0 | D11: MAYO-GALKE | E11: =I11 -> 0 | F11: ='14-06-15'!F11+E11 -> 0 | H11: MAYO-GALKE | I11: 0
A12: GUIDER | B12: =I7 -> 0 | C12: ='14-06-15'!C12+B12 -> 0 | D12: TOUBOURO | E12: =I12 -> 0 | F12: ='14-06-15'!F12+E12 -> 0 | H12: TOUBOURO | I12: 0
A13: GAROUA | B13: =I8 -> 0 | C13: ='14-06-15'!C13+B13 -> 0 | D13: HOME | E13: =I13 -> 0 | F13: ='14-06-15'!F13+E13 -> 0 | H13: HOME | I13: 0
A15: TOTAL JOURNALIER = | C15: =SUM(B9:B13)+SUM(E9:E13) -> 0 | D15: CUMUL GENERAL = | F15: =SUM(C9:C13)+SUM(F9:F13) -> 0 | H15: JOURNEE | I15: 42170
H16: TRANSMISSION | I16: =I15+1 -> 42171
A20: Transmis le : | B20: =I16 -> 42171

Sheet 16-06-15
A1: SODECOTON
H2: TABLEAU DE SAISI
A3: PLUVIOMETRIE JOURNALIERE ET PAR PENTADE | H3: STATION | I3: RELEVES
H4: MAROUA | I4: 0
B5: JOURNEE DU : | D5: =I15 -> 42171 | H5: KAELE | I5: 0
H6: TCHATIBALI | I6: 0
A7: STATION | B7: RELEVES | D7: STATION | E7: RELEVES | H7: GUIDER | I7: 0
B8: JOURNALIER | C8: CUMUL | E8: JOURNALIER | F8: CUMUL | H8: GAROUA | I8: 0
A9: MAROUA | B9: =I4 -> 0 | C9: ='15-06-15'!C9+B9 -> 0 | D9: NGONG | E9: =I9 -> 0 | F9: ='15-06-15'!F9+E9 -> 0 | H9: NGONG | I9: 0
A10: KAELE | B10: =I5 -> 0 | C10: ='15-06-15'!C10+B10 -> 0 | D10: POLI | E10: =I10 -> 0 | F10: ='15-06-15'!F10+E10 -> 0 | H10: POLI | I10: 0
A11: TCHATIBALI | B11: =I6 -> 0 | C11: ='15-06-15'!C11+B11 -> 0 | D11: MAYO-GALKE | E11: =I11 -> 0 | F11: ='15-06-15'!F11+E11 -> 0 | H11: MAYO-GALKE | I11: 0
A12: GUIDER | B12: =I7 -> 0 | C12: ='15-06-15'!C12+B12 -> 0 | D12: TOUBOURO | E12: =I12 -> 0 | F12: ='15-06-15'!F12+E12 -> 0 | H12: TOUBOURO | I12: 0
A13: GAROUA | B13: =I8 -> 0 | C13: ='15-06-15'!C13+B13 -> 0 | D13: HOME | E13: =I13 -> 0 | F13: ='15-06-15'!F13+E13 -> 0 | H13: HOME | I13: 0
A15: TOTAL JOURNALIER = | C15: =SUM(B9:B13)+SUM(E9:E13) -> 0 | D15: CUMUL GENERAL = | F15: =SUM(C9:C13)+SUM(F9:F13) -> 0 | H15: JOURNEE | I15: 42171
H16: TRANSMISSION | I16: =I15+1 -> 42172
A20: Transmis le : | B20: =I16 -> 42172

Sheet 17-06-15
A1: SODECOTON
H2: TABLEAU DE SAISI
A3: PLUVIOMETRIE JOURNALIERE ET PAR PENTADE | H3: STATION | I3: RELEVES
H4: MAROUA | I4: 0
B5: JOURNEE DU : | D5: =I15 -> 42172 | H5: KAELE | I5: 0
H6: TCHATIBALI | I6: 0
A7: STATION | B7: RELEVES | D7: STATION | E7: RELEVES | H7: GUIDER | I7: 0
B8: JOURNALIER | C8: CUMUL | E8: JOURNALIER | F8: CUMUL | H8: GAROUA | I8: 0
A9: MAROUA | B9: =I4 -> 0 | C9: ='16-06-15'!C9+B9 -> 0 | D9: NGONG | E9: =I9 -> 0 | F9: ='16-06-15'!F9+E9 -> 0 | H9: NGONG | I9: 0
A10: KAELE | B10: =I5 -> 0 | C10: ='16-06-15'!C10+B10 -> 0 | D10: POLI | E10: =I10 -> 0 | F10: ='16-06-15'!F10+E10 -> 0 | H10: POLI | I10: 0
A11: TCHATIBALI | B11: =I6 -> 0 | C11: ='16-06-15'!C11+B11 -> 0 | D11: MAYO-GALKE | E11: =I11 -> 0 | F11: ='16-06-15'!F11+E11 -> 0 | H11: MAYO-GALKE | I11: 0
A12: GUIDER | B12: =I7 -> 0 | C12: ='16-06-15'!C12+B12 -> 0 | D12: TOUBOURO | E12: =I12 -> 0 | F12: ='16-06-15'!F12+E12 -> 0 | H12: TOUBOURO | I12: 0
A13: GAROUA | B13: =I8 -> 0 | C13: ='16-06-15'!C13+B13 -> 0 | D13: HOME | E13: =I13 -> 0 | F13: ='16-06-15'!F13+E13 -> 0 | H13: HOME | I13: 0
A15: TOTAL JOURNALIER = | C15: =SUM(B9:B13)+SUM(E9:E13) -> 0 | D15: CUMUL GENERAL = | F15: =SUM(C9:C13)+SUM(F9:F13) -> 0 | H15: JOURNEE | I15: 42172
H16: TRANSMISSION | I16: =I15+1 -> 42173
A20: Transmis le : | B20: =I16 -> 42173

Sheet 18-06-15
A1: SODECOTON
H2: TABLEAU DE SAISI
A3: PLUVIOMETRIE JOURNALIERE ET PAR PENTADE | H3: STATION | I3: RELEVES
H4: MAROUA | I4: 0
B5: JOURNEE DU : | D5: =I15 -> 42173 | H5: KAELE | I5: 0
H6: TCHATIBALI | I6: 0
A7: STATION | B7: RELEVES | D7: STATION | E7: RELEVES | H7: GUIDER | I7: 0
B8: JOURNALIER | C8: CUMUL | E8: JOURNALIER | F8: CUMUL | H8: GAROUA | I8: 0
A9: MAROUA | B9: =I4 -> 0 | C9: ='17-06-15'!C9+B9 -> 0 | D9: NGONG | E9: =I9 -> 0 | F9: ='17-06-15'!F9+E9 -> 0 | H9: NGONG | I9: 0
A10: KAELE | B10: =I5 -> 0 | C10: ='17-06-15'!C10+B10 -> 0 | D10: POLI | E10: =I10 -> 0 | F10: ='17-06-15'!F10+E10 -> 0 | H10: POLI | I10: 0
A11: TCHATIBALI | B11: =I6 -> 0 | C11: ='17-06-15'!C11+B11 -> 0 | D11: MAYO-GALKE | E11: =I11 -> 0 | F11: ='17-06-15'!F11+E11 -> 0 | H11: MAYO-GALKE | I11: 0
A12: GUIDER | B12: =I7 -> 0 | C12: ='17-06-15'!C12+B12 -> 0 | D12: TOUBOURO | E12: =I12 -> 0 | F12: ='17-06-15'!F12+E12 -> 0 | H12: TOUBOURO | I12: 0
A13: GAROUA | B13: =I8 -> 0 | C13: ='17-06-15'!C13+B13 -> 0 | D13: HOME | E13: =I13 -> 0 | F13: ='17-06-15'!F13+E13 -> 0 | H13: HOME | I13: 0
A15: TOTAL JOURNALIER = | C15: =SUM(B9:B13)+SUM(E9:E13) -> 0 | D15: CUMUL GENERAL = | F15: =SUM(C9:C13)+SUM(F9:F13) -> 0 | H15: JOURNEE | I15: 42173
H16: TRANSMISSION | I16: =I15+1 -> 42174
A20: Transmis le : | B20: =I16 -> 42174

Sheet 19-06-15
A1: SODECOTON
H2: TABLEAU DE SAISI
A3: PLUVIOMETRIE JOURNALIERE ET PAR PENTADE | H3: STATION | I3: RELEVES
H4: MAROUA | I4: 0
B5: JOURNEE DU : | D5: =I15 -> 42174 | H5: KAELE | I5: 0
H6: TCHATIBALI | I6: 0
A7: STATION | B7: RELEVES | D7: STATION | E7: RELEVES | H7: GUIDER | I7: 0
B8: JOURNALIER | C8: CUMUL | E8: JOURNALIER | F8: CUMUL | H8: GAROUA | I8: 0
A9: MAROUA | B9: =I4 -> 0 | C9: ='18-06-15'!C9+B9 -> 0 | D9: NGONG | E9: =I9 -> 0 | F9: ='18-06-15'!F9+E9 -> 0 | H9: NGONG | I9: 0
A10: KAELE | B10: =I5 -> 0 | C10: ='18-06-15'!C10+B10 -> 0 | D10: POLI | E10: =I10 -> 0 | F10: ='18-06-15'!F10+E10 -> 0 | H10: POLI | I10: 0
A11: TCHATIBALI | B11: =I6 -> 0 | C11: ='18-06-15'!C11+B11 -> 0 | D11: MAYO-GALKE | E11: =I11 -> 0 | F11: ='18-06-15'!F11+E11 -> 0 | H11: MAYO-GALKE | I11: 0
A12: GUIDER | B12: =I7 -> 0 | C12: ='18-06-15'!C12+B12 -> 0 | D12: TOUBOURO | E12: =I12 -> 0 | F12: ='18-06-15'!F12+E12 -> 0 | H12: TOUBOURO | I12: 0
A13: GAROUA | B13: =I8 -> 0 | C13: ='18-06-15'!C13+B13 -> 0 | D13: HOME | E13: =I13 -> 0 | F13: ='18-06-15'!F13+E13 -> 0 | H13: HOME | I13: 0
A15: TOTAL JOURNALIER = | C15: =SUM(B9:B13)+SUM(E9:E13) -> 0 | D15: CUMUL GENERAL = | F15: =SUM(C9:C13)+SUM(F9:F13) -> 0 | H15: JOURNEE | I15: 42174
H16: TRANSMISSION | I16: =I15+1 -> 42175
A20: Transmis le : | B20: =I16 -> 42175

Sheet 20-06-15
A1: SODECOTON
H2: TABLEAU DE SAISI
A3: PLUVIOMETRIE JOURNALIERE ET PAR PENTADE | H3: STATION | I3: RELEVES
H4: MAROUA | I4: 0
B5: JOURNEE DU : | D5: =I15 -> 42175 | H5: KAELE | I5: 0
H6: TCHATIBALI | I6: 0
A7: STATION | B7: RELEVES | D7: STATION | E7: RELEVES | H7: GUIDER | I7: 0
B8: JOURNALIER | C8: CUMUL | E8: JOURNALIER | F8: CUMUL | H8: GAROUA | I8: 0
A9: MAROUA | B9: =I4 -> 0 | C9: ='19-06-15'!C9+B9 -> 0 | D9: NGONG | E9: =I9 -> 0 | F9: ='19-06-15'!F9+E9 -> 0 | H9: NGONG | I9: 0
A10: KAELE | B10: =I5 -> 0 | C10: ='19-06-15'!C10+B10 -> 0 | D10: POLI | E10: =I10 -> 0 | F10: ='19-06-15'!F10+E10 -> 0 | H10: POLI | I10: 0
A11: TCHATIBALI | B11: =I6 -> 0 | C11: ='19-06-15'!C11+B11 -> 0 | D11: MAYO-GALKE | E11: =I11 -> 0 | F11: ='19-06-15'!F11+E11 -> 0 | H11: MAYO-GALKE | I11: 0
A12: GUIDER | B12: =I7 -> 0 | C12: ='19-06-15'!C12+B12 -> 0 | D12: TOUBOURO | E12: =I12 -> 0 | F12: ='19-06-15'!F12+E12 -> 0 | H12: TOUBOURO | I12: 0
A13: GAROUA | B13: =I8 -> 0 | C13: ='19-06-15'!C13+B13 -> 0 | D13: HOME | E13: =I13 -> 0 | F13: ='19-06-15'!F13+E13 -> 0 | H13: HOME | I13: 0
A15: TOTAL JOURNALIER = | C15: =SUM(B9:B13)+SUM(E9:E13) -> 0 | D15: CUMUL GENERAL = | F15: =SUM(C9:C13)+SUM(F9:F13) -> 0 | H15: JOURNEE | I15: 42175
H16: TRANSMISSION | I16: =I15+1 -> 42176
A20: Transmis le : | B20: =I16 -> 42176

Sheet 21-06-15
A1: SODECOTON
H2: TABLEAU DE SAISI
A3: PLUVIOMETRIE JOURNALIERE ET PAR PENTADE | H3: STATION | I3: RELEVES
H4: MAROUA | I4: 0
B5: JOURNEE DU : | D5: =I15 -> 42176 | H5: KAELE | I5: 0
H6: TCHATIBALI | I6: 0
A7: STATION | B7: RELEVES | D7: STATION | E7: RELEVES | H7: GUIDER | I7: 0
B8: JOURNALIER | C8: CUMUL | E8: JOURNALIER | F8: CUMUL | H8: GAROUA | I8: 0
A9: MAROUA | B9: =I4 -> 0 | C9: ='20-06-15'!C9+B9 -> 0 | D9: NGONG | E9: =I9 -> 0 | F9: ='20-06-15'!F9+E9 -> 0 | H9: NGONG | I9: 0
A10: KAELE | B10: =I5 -> 0 | C10: ='20-06-15'!C10+B10 -> 0 | D10: POLI | E10: =I10 -> 0 | F10: ='20-06-15'!F10+E10 -> 0 | H10: POLI | I10: 0
A11: TCHATIBALI | B11: =I6 -> 0 | C11: ='20-06-15'!C11+B11 -> 0 | D11: MAYO-GALKE | E11: =I11 -> 0 | F11: ='20-06-15'!F11+E11 -> 0 | H11: MAYO-GALKE | I11: 0
A12: GUIDER | B12: =I7 -> 0 | C12: ='20-06-15'!C12+B12 -> 0 | D12: TOUBOURO | E12: =I12 -> 0 | F12: ='20-06-15'!F12+E12 -> 0 | H12: TOUBOURO | I12: 0
A13: GAROUA | B13: =I8 -> 0 | C13: ='20-06-15'!C13+B13 -> 0 | D13: HOME | E13: =I13 -> 0 | F13: ='20-06-15'!F13+E13 -> 0 | H13: HOME | I13: 0
A15: TOTAL JOURNALIER = | C15: =SUM(B9:B13)+SUM(E9:E13) -> 0 | D15: CUMUL GENERAL = | F15: =SUM(C9:C13)+SUM(F9:F13) -> 0 | H15: JOURNEE | I15: 42176
H16: TRANSMISSION | I16: =I15+1 -> 42177
A20: Transmis le : | B20: =I16 -> 42177

Sheet 22-06-15
A1: SODECOTON
H2: TABLEAU DE SAISI
A3: PLUVIOMETRIE JOURNALIERE ET PAR PENTADE | H3: STATION | I3: RELEVES
H4: MAROUA | I4: 0
B5: JOURNEE DU : | D5: =I15 -> 42177 | H5: KAELE | I5: 0
H6: TCHATIBALI | I6: 0
A7: STATION | B7: RELEVES | D7: STATION | E7: RELEVES | H7: GUIDER | I7: 0
B8: JOURNALIER | C8: CUMUL | E8: JOURNALIER | F8: CUMUL | H8: GAROUA | I8: 0
A9: MAROUA | B9: =I4 -> 0 | C9: ='21-06-15'!C9+B9 -> 0 | D9: NGONG | E9: =I9 -> 0 | F9: ='21-06-15'!F9+E9 -> 0 | H9: NGONG | I9: 0
A10: KAELE | B10: =I5 -> 0 | C10: ='21-06-15'!C10+B10 -> 0 | D10: POLI | E10: =I10 -> 0 | F10: ='21-06-15'!F10+E10 -> 0 | H10: POLI | I10: 0
A11: TCHATIBALI | B11: =I6 -> 0 | C11: ='21-06-15'!C11+B11 -> 0 | D11: MAYO-GALKE | E11: =I11 -> 0 | F11: ='21-06-15'!F11+E11 -> 0 | H11: MAYO-GALKE | I11: 0
A12: GUIDER | B12: =I7 -> 0 | C12: ='21-06-15'!C12+B12 -> 0 | D12: TOUBOURO | E12: =I12 -> 0 | F12: ='21-06-15'!F12+E12 -> 0 | H12: TOUBOURO | I12: 0
A13: GAROUA | B13: =I8 -> 0 | C13: ='21-06-15'!C13+B13 -> 0 | D13: HOME | E13: =I13 -> 0 | F13: ='21-06-15'!F13+E13 -> 0 | H13: HOME | I13: 0
A15: TOTAL JOURNALIER = | C15: =SUM(B9:B13)+SUM(E9:E13) -> 0 | D15: CUMUL GENERAL = | F15: =SUM(C9:C13)+SUM(F9:F13) -> 0 | H15: JOURNEE | I15: 42177
H16: TRANSMISSION | I16: =I15+1 -> 42178
A20: Transmis le : | B20: =I16 -> 42178

Sheet 23-06-15
A1: SODECOTON
H2: TABLEAU DE SAISI
A3: PLUVIOMETRIE JOURNALIERE ET PAR PENTADE | H3: STATION | I3: RELEVES
H4: MAROUA | I4: 0
B5: JOURNEE DU : | D5: =I15 -> 42178 | H5: KAELE | I5: 0
H6: TCHATIBALI | I6: 0
A7: STATION | B7: RELEVES | D7: STATION | E7: RELEVES | H7: GUIDER | I7: 0
B8: JOURNALIER | C8: CUMUL | E8: JOURNALIER | F8: CUMUL | H8: GAROUA | I8: 0
A9: MAROUA | B9: =I4 -> 0 | C9: ='22-06-15'!C9+B9 -> 0 | D9: NGONG | E9: =I9 -> 0 | F9: ='22-06-15'!F9+E9 -> 0 | H9: NGONG | I9: 0
A10: KAELE | B10: =I5 -> 0 | C10: ='22-06-15'!C10+B10 -> 0 | D10: POLI | E10: =I10 -> 0 | F10: ='22-06-15'!F10+E10 -> 0 | H10: POLI | I10: 0
A11: TCHATIBALI | B11: =I6 -> 0 | C11: ='22-06-15'!C11+B11 -> 0 | D11: MAYO-GALKE | E11: =I11 -> 0 | F11: ='22-06-15'!F11+E11 -> 0 | H11: MAYO-GALKE | I11: 0
A12: GUIDER | B12: =I7 -> 0 | C12: ='22-06-15'!C12+B12 -> 0 | D12: TOUBOURO | E12: =I12 -> 0 | F12: ='22-06-15'!F12+E12 -> 0 | H12: TOUBOURO | I12: 0
A13: GAROUA | B13: =I8 -> 0 | C13: ='22-06-15'!C13+B13 -> 0 | D13: HOME | E13: =I13 -> 0 | F13: ='22-06-15'!F13+E13 -> 0 | H13: HOME | I13: 0
A15: TOTAL JOURNALIER = | C15: =SUM(B9:B13)+SUM(E9:E13) -> 0 | D15: CUMUL GENERAL = | F15: =SUM(C9:C13)+SUM(F9:F13) -> 0 | H15: JOURNEE | I15: 42178
H16: TRANSMISSION | I16: =I15+1 -> 42179
A20: Transmis le : | B20: =I16 -> 42179

Sheet 24-06-15
A1: SODECOTON
H2: TABLEAU DE SAISI
A3: PLUVIOMETRIE JOURNALIERE ET PAR PENTADE | H3: STATION | I3: RELEVES
H4: MAROUA | I4: 0
B5: JOURNEE DU : | D5: =I15 -> 42179 | H5: KAELE | I5: 0
H6: TCHATIBALI | I6: 0
A7: STATION | B7: RELEVES | D7: STATION | E7: RELEVES | H7: GUIDER | I7: 0
B8: JOURNALIER | C8: CUMUL | E8: JOURNALIER | F8: CUMUL | H8: GAROUA | I8: 0
A9: MAROUA | B9: =I4 -> 0 | C9: ='23-06-15'!C9+B9 -> 0 | D9: NGONG | E9: =I9 -> 0 | F9: ='23-06-15'!F9+E9 -> 0 | H9: NGONG | I9: 0
A10: KAELE | B10: =I5 -> 0 | C10: ='23-06-15'!C10+B10 -> 0 | D10: POLI | E10: =I10 -> 0 | F10: ='23-06-15'!F10+E10 -> 0 | H10: POLI | I10: 0
A11: TCHATIBALI | B11: =I6 -> 0 | C11: ='23-06-15'!C11+B11 -> 0 | D11: MAYO-GALKE | E11: =I11 -> 0 | F11: ='23-06-15'!F11+E11 -> 0 | H11: MAYO-GALKE | I11: 0
A12: GUIDER | B12: =I7 -> 0 | C12: ='23-06-15'!C12+B12 -> 0 | D12: TOUBOURO | E12: =I12 -> 0 | F12: ='23-06-15'!F12+E12 -> 0 | H12: TOUBOURO | I12: 0
A13: GAROUA | B13: =I8 -> 0 | C13: ='23-06-15'!C13+B13 -> 0 | D13: HOME | E13: =I13 -> 0 | F13: ='23-06-15'!F13+E13 -> 0 | H13: HOME | I13: 0
A15: TOTAL JOURNALIER = | C15: =SUM(B9:B13)+SUM(E9:E13) -> 0 | D15: CUMUL GENERAL = | F15: =SUM(C9:C13)+SUM(F9:F13) -> 0 | H15: JOURNEE | I15: 42179
H16: TRANSMISSION | I16: =I15+1 -> 42180
A20: Transmis le : | B20: =I16 -> 42180

Sheet 25-06-15
A1: SODECOTON
H2: TABLEAU DE SAISI
A3: PLUVIOMETRIE JOURNALIERE ET PAR PENTADE | H3: STATION | I3: RELEVES
H4: MAROUA | I4: 0
B5: JOURNEE DU : | D5: =I15 -> 42180 | H5: KAELE | I5: 0
H6: TCHATIBALI | I6: 0
A7: STATION | B7: RELEVES | D7: STATION | E7: RELEVES | H7: GUIDER | I7: 0
B8: JOURNALIER | C8: CUMUL | E8: JOURNALIER | F8: CUMUL | H8: GAROUA | I8: 0
A9: MAROUA | B9: =I4 -> 0 | C9: ='24-06-15'!C9+B9 -> 0 | D9: NGONG | E9: =I9 -> 0 | F9: ='24-06-15'!F9+E9 -> 0 | H9: NGONG | I9: 0
A10: KAELE | B10: =I5 -> 0 | C10: ='24-06-15'!C10+B10 -> 0 | D10: POLI | E10: =I10 -> 0 | F10: ='24-06-15'!F10+E10 -> 0 | H10: POLI | I10: 0
A11: TCHATIBALI | B11: =I6 -> 0 | C11: ='24-06-15'!C11+B11 -> 0 | D11: MAYO-GALKE | E11: =I11 -> 0 | F11: ='24-06-15'!F11+E11 -> 0 | H11: MAYO-GALKE | I11: 0
A12: GUIDER | B12: =I7 -> 0 | C12: ='24-06-15'!C12+B12 -> 0 | D12: TOUBOURO | E12: =I12 -> 0 | F12: ='24-06-15'!F12+E12 -> 0 | H12: TOUBOURO | I12: 0
A13: GAROUA | B13: =I8 -> 0 | C13: ='24-06-15'!C13+B13 -> 0 | D13: HOME | E13: =I13 -> 0 | F13: ='24-06-15'!F13+E13 -> 0 | H13: HOME | I13: 0
A15: TOTAL JOURNALIER = | C15: =SUM(B9:B13)+SUM(E9:E13) -> 0 | D15: CUMUL GENERAL = | F15: =SUM(C9:C13)+SUM(F9:F13) -> 0 | H15: JOURNEE | I15: 42180
H16: TRANSMISSION | I16: =I15+1 -> 42181
A20: Transmis le : | B20: =I16 -> 42181

Sheet 26-06-15
A1: SODECOTON
H2: TABLEAU DE SAISI
A3: PLUVIOMETRIE JOURNALIERE ET PAR PENTADE | H3: STATION | I3: RELEVES
H4: MAROUA | I4: 0
B5: JOURNEE DU : | D5: =I15 -> 42181 | H5: KAELE | I5: 0
H6: TCHATIBALI | I6: 0
A7: STATION | B7: RELEVES | D7: STATION | E7: RELEVES | H7: GUIDER | I7: 0
B8: JOURNALIER | C8: CUMUL | E8: JOURNALIER | F8: CUMUL | H8: GAROUA | I8: 0
A9: MAROUA | B9: =I4 -> 0 | C9: ='25-06-15'!C9+B9 -> 0 | D9: NGONG | E9: =I9 -> 0 | F9: ='25-06-15'!F9+E9 -> 0 | H9: NGONG | I9: 0
A10: KAELE | B10: =I5 -> 0 | C10: ='25-06-15'!C10+B10 -> 0 | D10: POLI | E10: =I10 -> 0 | F10: ='25-06-15'!F10+E10 -> 0 | H10: POLI | I10: 0
A11: TCHATIBALI | B11: =I6 -> 0 | C11: ='25-06-15'!C11+B11 -> 0 | D11: MAYO-GALKE | E11: =I11 -> 0 | F11: ='25-06-15'!F11+E11 -> 0 | H11: MAYO-GALKE | I11: 0
A12: GUIDER | B12: =I7 -> 0 | C12: ='25-06-15'!C12+B12 -> 0 | D12: TOUBOURO | E12: =I12 -> 0 | F12: ='25-06-15'!F12+E12 -> 0 | H12: TOUBOURO | I12: 0
A13: GAROUA | B13: =I8 -> 0 | C13: ='25-06-15'!C13+B13 -> 0 | D13: HOME | E13: =I13 -> 0 | F13: ='25-06-15'!F13+E13 -> 0 | H13: HOME | I13: 0
A15: TOTAL JOURNALIER = | C15: =SUM(B9:B13)+SUM(E9:E13) -> 0 | D15: CUMUL GENERAL = | F15: =SUM(C9:C13)+SUM(F9:F13) -> 0 | H15: JOURNEE | I15: 42181
H16: TRANSMISSION | I16: =I15+1 -> 42182
A20: Transmis le : | B20: =I16 -> 42182

Sheet 27-06-15
A1: SODECOTON
H2: TABLEAU DE SAISI
A3: PLUVIOMETRIE JOURNALIERE ET PAR PENTADE | H3: STATION | I3: RELEVES
H4: MAROUA | I4: 0
B5: JOURNEE DU : | D5: =I15 -> 42182 | H5: KAELE | I5: 0
H6: TCHATIBALI | I6: 0
A7: STATION | B7: RELEVES | D7: STATION | E7: RELEVES | H7: GUIDER | I7: 0
B8: JOURNALIER | C8: CUMUL | E8: JOURNALIER | F8: CUMUL | H8: GAROUA | I8: 0
A9: MAROUA | B9: =I4 -> 0 | C9: ='26-06-15'!C9+B9 -> 0 | D9: NGONG | E9: =I9 -> 0 | F9: ='26-06-15'!F9+E9 -> 0 | H9: NGONG | I9: 0
A10: KAELE | B10: =I5 -> 0 | C10: ='26-06-15'!C10+B10 -> 0 | D10: POLI | E10: =I10 -> 0 | F10: ='26-06-15'!F10+E10 -> 0 | H10: POLI | I10: 0
A11: TCHATIBALI | B11: =I6 -> 0 | C11: ='26-06-15'!C11+B11 -> 0 | D11: MAYO-GALKE | E11: =I11 -> 0 | F11: ='26-06-15'!F11+E11 -> 0 | H11: MAYO-GALKE | I11: 0
A12: GUIDER | B12: =I7 -> 0 | C12: ='26-06-15'!C12+B12 -> 0 | D12: TOUBOURO | E12: =I12 -> 0 | F12: ='26-06-15'!F12+E12 -> 0 | H12: TOUBOURO | I12: 0
A13: GAROUA | B13: =I8 -> 0 | C13: ='26-06-15'!C13+B13 -> 0 | D13: HOME | E13: =I13 -> 0 | F13: ='26-06-15'!F13+E13 -> 0 | H13: HOME | I13: 0
A15: TOTAL JOURNALIER = | C15: =SUM(B9:B13)+SUM(E9:E13) -> 0 | D15: CUMUL GENERAL = | F15: =SUM(C9:C13)+SUM(F9:F13) -> 0 | H15: JOURNEE | I15: 42182
H16: TRANSMISSION | I16: =I15+1 -> 42183
A20: Transmis le : | B20: =I16 -> 42183

Sheet 28-06-15
A1: SODECOTON
H2: TABLEAU DE SAISI
A3: PLUVIOMETRIE JOURNALIERE ET PAR PENTADE | H3: STATION | I3: RELEVES
H4: MAROUA | I4: 0
B5: JOURNEE DU : | D5: =I15 -> 42183 | H5: KAELE | I5: 0
H6: TCHATIBALI | I6: 0
A7: STATION | B7: RELEVES | D7: STATION | E7: RELEVES | H7: GUIDER | I7: 0
B8: JOURNALIER | C8: CUMUL | E8: JOURNALIER | F8: CUMUL | H8: GAROUA | I8: 0
A9: MAROUA | B9: =I4 -> 0 | C9: ='27-06-15'!C9+B9 -> 0 | D9: NGONG | E9: =I9 -> 0 | F9: ='27-06-15'!F9+E9 -> 0 | H9: NGONG | I9: 0
A10: KAELE | B10: =I5 -> 0 | C10: ='27-06-15'!C10+B10 -> 0 | D10: POLI | E10: =I10 -> 0 | F10: ='27-06-15'!F10+E10 -> 0 | H10: POLI | I10: 0
A11: TCHATIBALI | B11: =I6 -> 0 | C11: ='27-06-15'!C11+B11 -> 0 | D11: MAYO-GALKE | E11: =I11 -> 0 | F11: ='27-06-15'!F11+E11 -> 0 | H11: MAYO-GALKE | I11: 0
A12: GUIDER | B12: =I7 -> 0 | C12: ='27-06-15'!C12+B12 -> 0 | D12: TOUBOURO | E12: =I12 -> 0 | F12: ='27-06-15'!F12+E12 -> 0 | H12: TOUBOURO | I12: 0
A13: GAROUA | B13: =I8 -> 0 | C13: ='27-06-15'!C13+B13 -> 0 | D13: HOME | E13: =I13 -> 0 | F13: ='27-06-15'!F13+E13 -> 0 | H13: HOME | I13: 0
A15: TOTAL JOURNALIER = | C15: =SUM(B9:B13)+SUM(E9:E13) -> 0 | D15: CUMUL GENERAL = | F15: =SUM(C9:C13)+SUM(F9:F13) -> 0 | H15: JOURNEE | I15: 42183
H16: TRANSMISSION | I16: =I15+1 -> 42184
A20: Transmis le : | B20: =I16 -> 42184

Sheet 29-06-15
A1: SODECOTON
H2: TABLEAU DE SAISI
A3: PLUVIOMETRIE JOURNALIERE ET PAR PENTADE | H3: STATION | I3: RELEVES
H4: MAROUA | I4: 0
B5: JOURNEE DU : | D5: =I15 -> 42184 | H5: KAELE | I5: 0
H6: TCHATIBALI | I6: 0
A7: STATION | B7: RELEVES | D7: STATION | E7: RELEVES | H7: GUIDER | I7: 0
B8: JOURNALIER | C8: CUMUL | E8: JOURNALIER | F8: CUMUL | H8: GAROUA | I8: 0
A9: MAROUA | B9: =I4 -> 0 | C9: ='28-06-15'!C9+B9 -> 0 | D9: NGONG | E9: =I9 -> 0 | F9: ='28-06-15'!F9+E9 -> 0 | H9: NGONG | I9: 0
A10: KAELE | B10: =I5 -> 0 | C10: ='28-06-15'!C10+B10 -> 0 | D10: POLI | E10: =I10 -> 0 | F10: ='28-06-15'!F10+E10 -> 0 | H10: POLI | I10: 0
A11: TCHATIBALI | B11: =I6 -> 0 | C11: ='28-06-15'!C11+B11 -> 0 | D11: MAYO-GALKE | E11: =I11 -> 0 | F11: ='28-06-15'!F11+E11 -> 0 | H11: MAYO-GALKE | I11: 0
A12: GUIDER | B12: =I7 -> 0 | C12: ='28-06-15'!C12+B12 -> 0 | D12: TOUBOURO | E12: =I12 -> 0 | F12: ='28-06-15'!F12+E12 -> 0 | H12: TOUBOURO | I12: 0
A13: GAROUA | B13: =I8 -> 0 | C13: ='28-06-15'!C13+B13 -> 0 | D13: HOME | E13: =I13 -> 0 | F13: ='28-06-15'!F13+E13 -> 0 | H13: HOME | I13: 0
A15: TOTAL JOURNALIER = | C15: =SUM(B9:B13)+SUM(E9:E13) -> 0 | D15: CUMUL GENERAL = | F15: =SUM(C9:C13)+SUM(F9:F13) -> 0 | H15: JOURNEE | I15: 42184
H16: TRANSMISSION | I16: =I15+1 -> 42185
A20: Transmis le : | B20: =I16 -> 42185

Sheet 30-06-15
A1: SODECOTON
H2: TABLEAU DE SAISI
A3: PLUVIOMETRIE JOURNALIERE ET PAR PENTADE | H3: STATION | I3: RELEVES
H4: MAROUA | I4: 0
B5: JOURNEE DU : | D5: =I15 -> 42185 | H5: KAELE | I5: 0
H6: TCHATIBALI | I6: 0
A7: STATION | B7: RELEVES | D7: STATION | E7: RELEVES | H7: GUIDER | I7: 0
B8: JOURNALIER | C8: CUMUL | E8: JOURNALIER | F8: CUMUL | H8: GAROUA | I8: 0
A9: MAROUA | B9: =I4 -> 0 | C9: ='29-06-15'!C9+B9 -> 0 | D9: NGONG | E9: =I9 -> 0 | F9: ='29-06-15'!F9+E9 -> 0 | H9: NGONG | I9: 0
A10: KAELE | B10: =I5 -> 0 | C10: ='29-06-15'!C10+B10 -> 0 | D10: POLI | E10: =I10 -> 0 | F10: ='29-06-15'!F10+E10 -> 0 | H10: POLI | I10: 0
A11: TCHATIBALI | B11: =I6 -> 0 | C11: ='29-06-15'!C11+B11 -> 0 | D11: MAYO-GALKE | E11: =I11 -> 0 | F11: ='29-06-15'!F11+E11 -> 0 | H11: MAYO-GALKE | I11: 0
A12: GUIDER | B12: =I7 -> 0 | C12: ='29-06-15'!C12+B12 -> 0 | D12: TOUBOURO | E12: =I12 -> 0 | F12: ='29-06-15'!F12+E12 -> 0 | H12: TOUBOURO | I12: 0
A13: GAROUA | B13: =I8 -> 0 | C13: ='29-06-15'!C13+B13 -> 0 | D13: HOME | E13: =I13 -> 0 | F13: ='29-06-15'!F13+E13 -> 0 | H13: HOME | I13: 0
A15: TOTAL JOURNALIER = | C15: =SUM(B9:B13)+SUM(E9:E13) -> 0 | D15: CUMUL GENERAL = | F15: =SUM(C9:C13)+SUM(F9:F13) -> 0 | H15: JOURNEE | I15: 42185
H16: TRANSMISSION | I16: =I15+1 -> 42186
A20: Transmis le : | B20: =I16 -> 42186

Sheet 01-07-15
A1: SODECOTON
H2: TABLEAU DE SAISI
A3: PLUVIOMETRIE JOURNALIERE ET PAR PENTADE | H3: STATION | I3: RELEVES
H4: MAROUA | I4: 0
B5: JOURNEE DU : | D5: =I15 -> 42186 | H5: KAELE | I5: 0
H6: TCHATIBALI | I6: 0
A7: STATION | B7: RELEVES | D7: STATION | E7: RELEVES | H7: GUIDER | I7: 0
B8: JOURNALIER | C8: CUMUL | E8: JOURNALIER | F8: CUMUL | H8: GAROUA | I8: 0
A9: MAROUA | B9: =I4 -> 0 | C9: ='30-06-15'!C9+B9 -> 0 | D9: NGONG | E9: =I9 -> 0 | F9: ='30-06-15'!F9+E9 -> 0 | H9: NGONG | I9: 0
A10: KAELE | B10: =I5 -> 0 | C10: ='30-06-15'!C10+B10 -> 0 | D10: POLI | E10: =I10 -> 0 | F10: ='30-06-15'!F10+E10 -> 0 | H10: POLI | I10: 0
A11: TCHATIBALI | B11: =I6 -> 0 | C11: ='30-06-15'!C11+B11 -> 0 | D11: MAYO-GALKE | E11: =I11 -> 0 | F11: ='30-06-15'!F11+E11 -> 0 | H11: MAYO-GALKE | I11: 0
A12: GUIDER | B12: =I7 -> 0 | C12: ='30-06-15'!C12+B12 -> 0 | D12: TOUBOURO | E12: =I12 -> 0 | F12: ='30-06-15'!F12+E12 -> 0 | H12: TOUBOURO | I12: 0
A13: GAROUA | B13: =I8 -> 0 | C13: ='30-06-15'!C13+B13 -> 0 | D13: HOME | E13: =I13 -> 0 | F13: ='30-06-15'!F13+E13 -> 0 | H13: HOME | I13: 0
A15: TOTAL JOURNALIER = | C15: =SUM(B9:B13)+SUM(E9:E13) -> 0 | D15: CUMUL GENERAL = | F15: =SUM(C9:C13)+SUM(F9:F13) -> 0 | H15: JOURNEE | I15: 42186
H16: TRANSMISSION | I16: =I15+1 -> 42187
A20: Transmis le : | B20: =I16 -> 42187

Sheet 02-07-15
A1: SODECOTON
H2: TABLEAU DE SAISI
A3: PLUVIOMETRIE JOURNALIERE ET PAR PENTADE | H3: STATION | I3: RELEVES
H4: MAROUA | I4: 0
B5: JOURNEE DU : | D5: =I15 -> 42187 | H5: KAELE | I5: 0
H6: TCHATIBALI | I6: 0
A7: STATION | B7: RELEVES | D7: STATION | E7: RELEVES | H7: GUIDER | I7: 0
B8: JOURNALIER | C8: CUMUL | E8: JOURNALIER | F8: CUMUL | H8: GAROUA | I8: 0
A9: MAROUA | B9: =I4 -> 0 | C9: ='01-07-15'!C9+B9 -> 0 | D9: NGONG | E9: =I9 -> 0 | F9: ='01-07-15'!F9+E9 -> 0 | H9: NGONG | I9: 0
A10: KAELE | B10: =I5 -> 0 | C10: ='01-07-15'!C10+B10 -> 0 | D10: POLI | E10: =I10 -> 0 | F10: ='01-07-15'!F10+E10 -> 0 | H10: POLI | I10: 0
A11: TCHATIBALI | B11: =I6 -> 0 | C11: ='01-07-15'!C11+B11 -> 0 | D11: MAYO-GALKE | E11: =I11 -> 0 | F11: ='01-07-15'!F11+E11 -> 0 | H11: MAYO-GALKE | I11: 0
A12: GUIDER | B12: =I7 -> 0 | C12: ='01-07-15'!C12+B12 -> 0 | D12: TOUBOURO | E12: =I12 -> 0 | F12: ='01-07-15'!F12+E12 -> 0 | H12: TOUBOURO | I12: 0
A13: GAROUA | B13: =I8 -> 0 | C13: ='01-07-15'!C13+B13 -> 0 | D13: HOME | E13: =I13 -> 0 | F13: ='01-07-15'!F13+E13 -> 0 | H13: HOME | I13: 0
A15: TOTAL JOURNALIER = | C15: =SUM(B9:B13)+SUM(E9:E13) -> 0 | D15: CUMUL GENERAL = | F15: =SUM(C9:C13)+SUM(F9:F13) -> 0 | H15: JOURNEE | I15: 42187
H16: TRANSMISSION | I16: =I15+1 -> 42188
A20: Transmis le : | B20: =I16 -> 42188

Sheet 03-07-15
A1: SODECOTON
H2: TABLEAU DE SAISI
A3: PLUVIOMETRIE JOURNALIERE ET PAR PENTADE | H3: STATION | I3: RELEVES
H4: MAROUA | I4: 0
B5: JOURNEE DU : | D5: =I15 -> 42188 | H5: KAELE | I5: 0
H6: TCHATIBALI | I6: 0
A7: STATION | B7: RELEVES | D7: STATION | E7: RELEVES | H7: GUIDER | I7: 0
B8: JOURNALIER | C8: CUMUL | E8: JOURNALIER | F8: CUMUL | H8: GAROUA | I8: 0
A9: MAROUA | B9: =I4 -> 0 | C9: ='02-07-15'!C9+B9 -> 0 | D9: NGONG | E9: =I9 -> 0 | F9: ='02-07-15'!F9+E9 -> 0 | H9: NGONG | I9: 0
A10: KAELE | B10: =I5 -> 0 | C10: ='02-07-15'!C10+B10 -> 0 | D10: POLI | E10: =I10 -> 0 | F10: ='02-07-15'!F10+E10 -> 0 | H10: POLI | I10: 0
A11: TCHATIBALI | B11: =I6 -> 0 | C11: ='02-07-15'!C11+B11 -> 0 | D11: MAYO-GALKE | E11: =I11 -> 0 | F11: ='02-07-15'!F11+E11 -> 0 | H11: MAYO-GALKE | I11: 0
A12: GUIDER | B12: =I7 -> 0 | C12: ='02-07-15'!C12+B12 -> 0 | D12: TOUBOURO | E12: =I12 -> 0 | F12: ='02-07-15'!F12+E12 -> 0 | H12: TOUBOURO | I12: 0
A13: GAROUA | B13: =I8 -> 0 | C13: ='02-07-15'!C13+B13 -> 0 | D13: HOME | E13: =I13 -> 0 | F13: ='02-07-15'!F13+E13 -> 0 | H13: HOME | I13: 0
A15: TOTAL JOURNALIER = | C15: =SUM(B9:B13)+SUM(E9:E13) -> 0 | D15: CUMUL GENERAL = | F15: =SUM(C9:C13)+SUM(F9:F13) -> 0 | H15: JOURNEE | I15: 42188
H16: TRANSMISSION | I16: =I15+1 -> 42189
A20: Transmis le : | B20: =I16 -> 42189

Sheet 04-07-15
A1: SODECOTON
H2: TABLEAU DE SAISI
A3: PLUVIOMETRIE JOURNALIERE ET PAR PENTADE | H3: STATION | I3: RELEVES
H4: MAROUA | I4: 0
B5: JOURNEE DU : | D5: =I15 -> 42189 | H5: KAELE | I5: 0
H6: TCHATIBALI | I6: 0
A7: STATION | B7: RELEVES | D7: STATION | E7: RELEVES | H7: GUIDER | I7: 0
B8: JOURNALIER | C8: CUMUL | E8: JOURNALIER | F8: CUMUL | H8: GAROUA | I8: 0
A9: MAROUA | B9: =I4 -> 0 | C9: ='03-07-15'!C9+B9 -> 0 | D9: NGONG | E9: =I9 -> 0 | F9: ='03-07-15'!F9+E9 -> 0 | H9: NGONG | I9: 0
A10: KAELE | B10: =I5 -> 0 | C10: ='03-07-15'!C10+B10 -> 0 | D10: POLI | E10: =I10 -> 0 | F10: ='03-07-15'!F10+E10 -> 0 | H10: POLI | I10: 0
A11: TCHATIBALI | B11: =I6 -> 0 | C11: ='03-07-15'!C11+B11 -> 0 | D11: MAYO-GALKE | E11: =I11 -> 0 | F11: ='03-07-15'!F11+E11 -> 0 | H11: MAYO-GALKE | I11: 0
A12: GUIDER | B12: =I7 -> 0 | C12: ='03-07-15'!C12+B12 -> 0 | D12: TOUBOURO | E12: =I12 -> 0 | F12: ='03-07-15'!F12+E12 -> 0 | H12: TOUBOURO | I12: 0
A13: GAROUA | B13: =I8 -> 0 | C13: ='03-07-15'!C13+B13 -> 0 | D13: HOME | E13: =I13 -> 0 | F13: ='03-07-15'!F13+E13 -> 0 | H13: HOME | I13: 0
A15: TOTAL JOURNALIER = | C15: =SUM(B9:B13)+SUM(E9:E13) -> 0 | D15: CUMUL GENERAL = | F15: =SUM(C9:C13)+SUM(F9:F13) -> 0 | H15: JOURNEE | I15: 42189
H16: TRANSMISSION | I16: =I15+1 -> 42190
A20: Transmis le : | B20: =I16 -> 42190

Sheet 05-07-15
A1: SODECOTON
H2: TABLEAU DE SAISI
A3: PLUVIOMETRIE JOURNALIERE ET PAR PENTADE | H3: STATION | I3: RELEVES
H4: MAROUA | I4: 0
B5: JOURNEE DU : | D5: =I15 -> 42190 | H5: KAELE | I5: 0
H6: TCHATIBALI | I6: 0
A7: STATION | B7: RELEVES | D7: STATION | E7: RELEVES | H7: GUIDER | I7: 0
B8: JOURNALIER | C8: CUMUL | E8: JOURNALIER | F8: CUMUL | H8: GAROUA | I8: 0
A9: MAROUA | B9: =I4 -> 0 | C9: ='04-07-15'!C9+B9 -> 0 | D9: NGONG | E9: =I9 -> 0 | F9: ='04-07-15'!F9+E9 -> 0 | H9: NGONG | I9: 0
A10: KAELE | B10: =I5 -> 0 | C10: ='04-07-15'!C10+B10 -> 0 | D10: POLI | E10: =I10 -> 0 | F10: ='04-07-15'!F10+E10 -> 0 | H10: POLI | I10: 0
A11: TCHATIBALI | B11: =I6 -> 0 | C11: ='04-07-15'!C11+B11 -> 0 | D11: MAYO-GALKE | E11: =I11 -> 0 | F11: ='04-07-15'!F11+E11 -> 0 | H11: MAYO-GALKE | I11: 0
A12: GUIDER | B12: =I7 -> 0 | C12: ='04-07-15'!C12+B12 -> 0 | D12: TOUBOURO | E12: =I12 -> 0 | F12: ='04-07-15'!F12+E12 -> 0 | H12: TOUBOURO | I12: 0
A13: GAROUA | B13: =I8 -> 0 | C13: ='04-07-15'!C13+B13 -> 0 | D13: HOME | E13: =I13 -> 0 | F13: ='04-07-15'!F13+E13 -> 0 | H13: HOME | I13: 0
A15: TOTAL JOURNALIER = | C15: =SUM(B9:B13)+SUM(E9:E13) -> 0 | D15: CUMUL GENERAL = | F15: =SUM(C9:C13)+SUM(F9:F13) -> 0 | H15: JOURNEE | I15: 42190
H16: TRANSMISSION | I16: =I15+1 -> 42191
A20: Transmis le : | B20: =I16 -> 42191

Sheet 06-07-15
A1: SODECOTON
H2: TABLEAU DE SAISI
A3: PLUVIOMETRIE JOURNALIERE ET PAR PENTADE | H3: STATION | I3: RELEVES
H4: MAROUA | I4: 0
B5: JOURNEE DU : | D5: =I15 -> 42191 | H5: KAELE | I5: 0
H6: TCHATIBALI | I6: 0
A7: STATION | B7: RELEVES | D7: STATION | E7: RELEVES | H7: GUIDER | I7: 0
B8: JOURNALIER | C8: CUMUL | E8: JOURNALIER | F8: CUMUL | H8: GAROUA | I8: 0
A9: MAROUA | B9: =I4 -> 0 | C9: ='05-07-15'!C9+B9 -> 0 | D9: NGONG | E9: =I9 -> 0 | F9: ='05-07-15'!F9+E9 -> 0 | H9: NGONG | I9: 0
A10: KAELE | B10: =I5 -> 0 | C10: ='05-07-15'!C10+B10 -> 0 | D10: POLI | E10: =I10 -> 0 | F10: ='05-07-15'!F10+E10 -> 0 | H10: POLI | I10: 0
A11: TCHATIBALI | B11: =I6 -> 0 | C11: ='05-07-15'!C11+B11 -> 0 | D11: MAYO-GALKE | E11: =I11 -> 0 | F11: ='05-07-15'!F11+E11 -> 0 | H11: MAYO-GALKE | I11: 0
A12: GUIDER | B12: =I7 -> 0 | C12: ='05-07-15'!C12+B12 -> 0 | D12: TOUBOURO | E12: =I12 -> 0 | F12: ='05-07-15'!F12+E12 -> 0 | H12: TOUBOURO | I12: 0
A13: GAROUA | B13: =I8 -> 0 | C13: ='05-07-15'!C13+B13 -> 0 | D13: HOME | E13: =I13 -> 0 | F13: ='05-07-15'!F13+E13 -> 0 | H13: HOME | I13: 0
A15: TOTAL JOURNALIER = | C15: =SUM(B9:B13)+SUM(E9:E13) -> 0 | D15: CUMUL GENERAL = | F15: =SUM(C9:C13)+SUM(F9:F13) -> 0 | H15: JOURNEE | I15: 42191
H16: TRANSMISSION | I16: =I15+1 -> 42192
A20: Transmis le : | B20: =I16 -> 42192

Sheet 07-07-15
A1: SODECOTON
H2: TABLEAU DE SAISI
A3: PLUVIOMETRIE JOURNALIERE ET PAR PENTADE | H3: STATION | I3: RELEVES
H4: MAROUA | I4: 0
B5: JOURNEE DU : | D5: =I15 -> 42192 | H5: KAELE | I5: 0
H6: TCHATIBALI | I6: 0
A7: STATION | B7: RELEVES | D7: STATION | E7: RELEVES | H7: GUIDER | I7: 0
B8: JOURNALIER | C8: CUMUL | E8: JOURNALIER | F8: CUMUL | H8: GAROUA | I8: 0
A9: MAROUA | B9: =I4 -> 0 | C9: ='06-07-15'!C9+B9 -> 0 | D9: NGONG | E9: =I9 -> 0 | F9: ='06-07-15'!F9+E9 -> 0 | H9: NGONG | I9: 0
A10: KAELE | B10: =I5 -> 0 | C10: ='06-07-15'!C10+B10 -> 0 | D10: POLI | E10: =I10 -> 0 | F10: ='06-07-15'!F10+E10 -> 0 | H10: POLI | I10: 0
A11: TCHATIBALI | B11: =I6 -> 0 | C11: ='06-07-15'!C11+B11 -> 0 | D11: MAYO-GALKE | E11: =I11 -> 0 | F11: ='06-07-15'!F11+E11 -> 0 | H11: MAYO-GALKE | I11: 0
A12: GUIDER | B12: =I7 -> 0 | C12: ='06-07-15'!C12+B12 -> 0 | D12: TOUBOURO | E12: =I12 -> 0 | F12: ='06-07-15'!F12+E12 -> 0 | H12: TOUBOURO | I12: 0
A13: GAROUA | B13: =I8 -> 0 | C13: ='06-07-15'!C13+B13 -> 0 | D13: HOME | E13: =I13 -> 0 | F13: ='06-07-15'!F13+E13 -> 0 | H13: HOME | I13: 0
A15: TOTAL JOURNALIER = | C15: =SUM(B9:B13)+SUM(E9:E13) -> 0 | D15: CUMUL GENERAL = | F15: =SUM(C9:C13)+SUM(F9:F13) -> 0 | H15: JOURNEE | I15: 42192
H16: TRANSMISSION | I16: =I15+1 -> 42193
A20: Transmis le : | B20: =I16 -> 42193

Sheet 08-07-15
A1: SODECOTON
H2: TABLEAU DE SAISI
A3: PLUVIOMETRIE JOURNALIERE ET PAR PENTADE | H3: STATION | I3: RELEVES
H4: MAROUA | I4: 0
B5: JOURNEE DU : | D5: =I15 -> 42193 | H5: KAELE | I5: 0
H6: TCHATIBALI | I6: 0
A7: STATION | B7: RELEVES | D7: STATION | E7: RELEVES | H7: GUIDER | I7: 0
B8: JOURNALIER | C8: CUMUL | E8: JOURNALIER | F8: CUMUL | H8: GAROUA | I8: 0
A9: MAROUA | B9: =I4 -> 0 | C9: ='07-07-15'!C9+B9 -> 0 | D9: NGONG | E9: =I9 -> 0 | F9: ='07-07-15'!F9+E9 -> 0 | H9: NGONG | I9: 0
A10: KAELE | B10: =I5 -> 0 | C10: ='07-07-15'!C10+B10 -> 0 | D10: POLI | E10: =I10 -> 0 | F10: ='07-07-15'!F10+E10 -> 0 | H10: POLI | I10: 0
A11: TCHATIBALI | B11: =I6 -> 0 | C11: ='07-07-15'!C11+B11 -> 0 | D11: MAYO-GALKE | E11: =I11 -> 0 | F11: ='07-07-15'!F11+E11 -> 0 | H11: MAYO-GALKE | I11: 0
A12: GUIDER | B12: =I7 -> 0 | C12: ='07-07-15'!C12+B12 -> 0 | D12: TOUBOURO | E12: =I12 -> 0 | F12: ='07-07-15'!F12+E12 -> 0 | H12: TOUBOURO | I12: 0
A13: GAROUA | B13: =I8 -> 0 | C13: ='07-07-15'!C13+B13 -> 0 | D13: HOME | E13: =I13 -> 0 | F13: ='07-07-15'!F13+E13 -> 0 | H13: HOME | I13: 0
A15: TOTAL JOURNALIER = | C15: =SUM(B9:B13)+SUM(E9:E13) -> 0 | D15: CUMUL GENERAL = | F15: =SUM(C9:C13)+SUM(F9:F13) -> 0 | H15: JOURNEE | I15: 42193
H16: TRANSMISSION | I16: =I15+1 -> 42194
A20: Transmis le : | B20: =I16 -> 42194

Sheet 09-07-15
A1: SODECOTON
H2: TABLEAU DE SAISI
A3: PLUVIOMETRIE JOURNALIERE ET PAR PENTADE | H3: STATION | I3: RELEVES
H4: MAROUA | I4: 0
B5: JOURNEE DU : | D5: =I15 -> 42194 | H5: KAELE | I5: 0
H6: TCHATIBALI | I6: 0
A7: STATION | B7: RELEVES | D7: STATION | E7: RELEVES | H7: GUIDER | I7: 0
B8: JOURNALIER | C8: CUMUL | E8: JOURNALIER | F8: CUMUL | H8: GAROUA | I8: 0
A9: MAROUA | B9: =I4 -> 0 | C9: ='08-07-15'!C9+B9 -> 0 | D9: NGONG | E9: =I9 -> 0 | F9: ='08-07-15'!F9+E9 -> 0 | H9: NGONG | I9: 0
A10: KAELE | B10: =I5 -> 0 | C10: ='08-07-15'!C10+B10 -> 0 | D10: POLI | E10: =I10 -> 0 | F10: ='08-07-15'!F10+E10 -> 0 | H10: POLI | I10: 0
A11: TCHATIBALI | B11: =I6 -> 0 | C11: ='08-07-15'!C11+B11 -> 0 | D11: MAYO-GALKE | E11: =I11 -> 0 | F11: ='08-07-15'!F11+E11 -> 0 | H11: MAYO-GALKE | I11: 0
A12: GUIDER | B12: =I7 -> 0 | C12: ='08-07-15'!C12+B12 -> 0 | D12: TOUBOURO | E12: =I12 -> 0 | F12: ='08-07-15'!F12+E12 -> 0 | H12: TOUBOURO | I12: 0
A13: GAROUA | B13: =I8 -> 0 | C13: ='08-07-15'!C13+B13 -> 0 | D13: HOME | E13: =I13 -> 0 | F13: ='08-07-15'!F13+E13 -> 0 | H13: HOME | I13: 0
A15: TOTAL JOURNALIER = | C15: =SUM(B9:B13)+SUM(E9:E13) -> 0 | D15: CUMUL GENERAL = | F15: =SUM(C9:C13)+SUM(F9:F13) -> 0 | H15: JOURNEE | I15: 42194
H16: TRANSMISSION | I16: =I15+1 -> 42195
A20: Transmis le : | B20: =I16 -> 42195

Sheet 10-07-15
A1: SODECOTON
H2: TABLEAU DE SAISI
A3: PLUVIOMETRIE JOURNALIERE ET PAR PENTADE | H3: STATION | I3: RELEVES
H4: MAROUA | I4: 0
B5: JOURNEE DU : | D5: =I15 -> 42195 | H5: KAELE | I5: 0
H6: TCHATIBALI | I6: 0
A7: STATION | B7: RELEVES | D7: STATION | E7: RELEVES | H7: GUIDER | I7: 0
B8: JOURNALIER | C8: CUMUL | E8: JOURNALIER | F8: CUMUL | H8: GAROUA | I8: 0
A9: MAROUA | B9: =I4 -> 0 | C9: ='09-07-15'!C9+B9 -> 0 | D9: NGONG | E9: =I9 -> 0 | F9: ='09-07-15'!F9+E9 -> 0 | H9: NGONG | I9: 0
A10: KAELE | B10: =I5 -> 0 | C10: ='09-07-15'!C10+B10 -> 0 | D10: POLI | E10: =I10 -> 0 | F10: ='09-07-15'!F10+E10 -> 0 | H10: POLI | I10: 0
A11: TCHATIBALI | B11: =I6 -> 0 | C11: ='09-07-15'!C11+B11 -> 0 | D11: MAYO-GALKE | E11: =I11 -> 0 | F11: ='09-07-15'!F11+E11 -> 0 | H11: MAYO-GALKE | I11: 0
A12: GUIDER | B12: =I7 -> 0 | C12: ='09-07-15'!C12+B12 -> 0 | D12: TOUBOURO | E12: =I12 -> 0 | F12: ='09-07-15'!F12+E12 -> 0 | H12: TOUBOURO | I12: 0
A13: GAROUA | B13: =I8 -> 0 | C13: ='09-07-15'!C13+B13 -> 0 | D13: HOME | E13: =I13 -> 0 | F13: ='09-07-15'!F13+E13 -> 0 | H13: HOME | I13: 0
A15: TOTAL JOURNALIER = | C15: =SUM(B9:B13)+SUM(E9:E13) -> 0 | D15: CUMUL GENERAL = | F15: =SUM(C9:C13)+SUM(F9:F13) -> 0 | H15: JOURNEE | I15: 42195
H16: TRANSMISSION | I16: =I15+1 -> 42196
A20: Transmis le : | B20: =I16 -> 42196

Sheet 11-07-15
A1: SODECOTON
H2: TABLEAU DE SAISI
A3: PLUVIOMETRIE JOURNALIERE ET PAR PENTADE | H3: STATION | I3: RELEVES
H4: MAROUA | I4: 0
B5: JOURNEE DU : | D5: =I15 -> 42196 | H5: KAELE | I5: 0
H6: TCHATIBALI | I6: 0
A7: STATION | B7: RELEVES | D7: STATION | E7: RELEVES | H7: GUIDER | I7: 0
B8: JOURNALIER | C8: CUMUL | E8: JOURNALIER | F8: CUMUL | H8: GAROUA | I8: 0
A9: MAROUA | B9: =I4 -> 0 | C9: ='10-07-15'!C9+B9 -> 0 | D9: NGONG | E9: =I9 -> 0 | F9: ='10-07-15'!F9+E9 -> 0 | H9: NGONG | I9: 0
A10: KAELE | B10: =I5 -> 0 | C10: ='10-07-15'!C10+B10 -> 0 | D10: POLI | E10: =I10 -> 0 | F10: ='10-07-15'!F10+E10 -> 0 | H10: POLI | I10: 0
A11: TCHATIBALI | B11: =I6 -> 0 | C11: ='10-07-15'!C11+B11 -> 0 | D11: MAYO-GALKE | E11: =I11 -> 0 | F11: ='10-07-15'!F11+E11 -> 0 | H11: MAYO-GALKE | I11: 0
A12: GUIDER | B12: =I7 -> 0 | C12: ='10-07-15'!C12+B12 -> 0 | D12: TOUBOURO | E12: =I12 -> 0 | F12: ='10-07-15'!F12+E12 -> 0 | H12: TOUBOURO | I12: 0
A13: GAROUA | B13: =I8 -> 0 | C13: ='10-07-15'!C13+B13 -> 0 | D13: HOME | E13: =I13 -> 0 | F13: ='10-07-15'!F13+E13 -> 0 | H13: HOME | I13: 0
A15: TOTAL JOURNALIER = | C15: =SUM(B9:B13)+SUM(E9:E13) -> 0 | D15: CUMUL GENERAL = | F15: =SUM(C9:C13)+SUM(F9:F13) -> 0 | H15: JOURNEE | I15: 42196
H16: TRANSMISSION | I16: =I15+1 -> 42197
A20: Transmis le : | B20: =I16 -> 42197

Sheet 12-07-15
A1: SODECOTON
H2: TABLEAU DE SAISI
A3: PLUVIOMETRIE JOURNALIERE ET PAR PENTADE | H3: STATION | I3: RELEVES
H4: MAROUA | I4: 0
B5: JOURNEE DU : | D5: =I15 -> 42197 | H5: KAELE | I5: 0
H6: TCHATIBALI | I6: 0
A7: STATION | B7: RELEVES | D7: STATION | E7: RELEVES | H7: GUIDER | I7: 0
B8: JOURNALIER | C8: CUMUL | E8: JOURNALIER | F8: CUMUL | H8: GAROUA | I8: 0
A9: MAROUA | B9: =I4 -> 0 | C9: ='11-07-15'!C9+B9 -> 0 | D9: NGONG | E9: =I9 -> 0 | F9: ='11-07-15'!F9+E9 -> 0 | H9: NGONG | I9: 0
A10: KAELE | B10: =I5 -> 0 | C10: ='11-07-15'!C10+B10 -> 0 | D10: POLI | E10: =I10 -> 0 | F10: ='11-07-15'!F10+E10 -> 0 | H10: POLI | I10: 0
A11: TCHATIBALI | B11: =I6 -> 0 | C11: ='11-07-15'!C11+B11 -> 0 | D11: MAYO-GALKE | E11: =I11 -> 0 | F11: ='11-07-15'!F11+E11 -> 0 | H11: MAYO-GALKE | I11: 0
A12: GUIDER | B12: =I7 -> 0 | C12: ='11-07-15'!C12+B12 -> 0 | D12: TOUBOURO | E12: =I12 -> 0 | F12: ='11-07-15'!F12+E12 -> 0 | H12: TOUBOURO | I12: 0
A13: GAROUA | B13: =I8 -> 0 | C13: ='11-07-15'!C13+B13 -> 0 | D13: HOME | E13: =I13 -> 0 | F13: ='11-07-15'!F13+E13 -> 0 | H13: HOME | I13: 0
A15: TOTAL JOURNALIER = | C15: =SUM(B9:B13)+SUM(E9:E13) -> 0 | D15: CUMUL GENERAL = | F15: =SUM(C9:C13)+SUM(F9:F13) -> 0 | H15: JOURNEE | I15: 42197
H16: TRANSMISSION | I16: =I15+1 -> 42198
A20: Transmis le : | B20: =I16 -> 42198

Sheet 13-07-15
A1: SODECOTON
H2: TABLEAU DE SAISI
A3: PLUVIOMETRIE JOURNALIERE ET PAR PENTADE | H3: STATION | I3: RELEVES
H4: MAROUA | I4: 0
B5: JOURNEE DU : | D5: =I15 -> 42198 | H5: KAELE | I5: 0
H6: TCHATIBALI | I6: 0
A7: STATION | B7: RELEVES | D7: STATION | E7: RELEVES | H7: GUIDER | I7: 0
B8: JOURNALIER | C8: CUMUL | E8: JOURNALIER | F8: CUMUL | H8: GAROUA | I8: 0
A9: MAROUA | B9: =I4 -> 0 | C9: ='12-07-15'!C9+B9 -> 0 | D9: NGONG | E9: =I9 -> 0 | F9: ='12-07-15'!F9+E9 -> 0 | H9: NGONG | I9: 0
A10: KAELE | B10: =I5 -> 0 | C10: ='12-07-15'!C10+B10 -> 0 | D10: POLI | E10: =I10 -> 0 | F10: ='12-07-15'!F10+E10 -> 0 | H10: POLI | I10: 0
A11: TCHATIBALI | B11: =I6 -> 0 | C11: ='12-07-15'!C11+B11 -> 0 | D11: MAYO-GALKE | E11: =I11 -> 0 | F11: ='12-07-15'!F11+E11 -> 0 | H11: MAYO-GALKE | I11: 0
A12: GUIDER | B12: =I7 -> 0 | C12: ='12-07-15'!C12+B12 -> 0 | D12: TOUBOURO | E12: =I12 -> 0 | F12: ='12-07-15'!F12+E12 -> 0 | H12: TOUBOURO | I12: 0
A13: GAROUA | B13: =I8 -> 0 | C13: ='12-07-15'!C13+B13 -> 0 | D13: HOME | E13: =I13 -> 0 | F13: ='12-07-15'!F13+E13 -> 0 | H13: HOME | I13: 0
A15: TOTAL JOURNALIER = | C15: =SUM(B9:B13)+SUM(E9:E13) -> 0 | D15: CUMUL GENERAL = | F15: =SUM(C9:C13)+SUM(F9:F13) -> 0 | H15: JOURNEE | I15: 42198
H16: TRANSMISSION | I16: =I15+1 -> 42199
A20: Transmis le : | B20: =I16 -> 42199

Sheet 14-07-15
A1: SODECOTON
H2: TABLEAU DE SAISI
A3: PLUVIOMETRIE JOURNALIERE ET PAR PENTADE | H3: STATION | I3: RELEVES
H4: MAROUA | I4: 0
B5: JOURNEE DU : | D5: =I15 -> 42199 | H5: KAELE | I5: 0
H6: TCHATIBALI | I6: 0
A7: STATION | B7: RELEVES | D7: STATION | E7: RELEVES | H7: GUIDER | I7: 0
B8: JOURNALIER | C8: CUMUL | E8: JOURNALIER | F8: CUMUL | H8: GAROUA | I8: 0
A9: MAROUA | B9: =I4 -> 0 | C9: ='13-07-15'!C9+B9 -> 0 | D9: NGONG | E9: =I9 -> 0 | F9: ='13-07-15'!F9+E9 -> 0 | H9: NGONG | I9: 0
A10: KAELE | B10: =I5 -> 0 | C10: ='13-07-15'!C10+B10 -> 0 | D10: POLI | E10: =I10 -> 0 | F10: ='13-07-15'!F10+E10 -> 0 | H10: POLI | I10: 0
A11: TCHATIBALI | B11: =I6 -> 0 | C11: ='13-07-15'!C11+B11 -> 0 | D11: MAYO-GALKE | E11: =I11 -> 0 | F11: ='13-07-15'!F11+E11 -> 0 | H11: MAYO-GALKE | I11: 0
A12: GUIDER | B12: =I7 -> 0 | C12: ='13-07-15'!C12+B12 -> 0 | D12: TOUBOURO | E12: =I12 -> 0 | F12: ='13-07-15'!F12+E12 -> 0 | H12: TOUBOURO | I12: 0
A13: GAROUA | B13: =I8 -> 0 | C13: ='13-07-15'!C13+B13 -> 0 | D13: HOME | E13: =I13 -> 0 | F13: ='13-07-15'!F13+E13 -> 0 | H13: HOME | I13: 0
A15: TOTAL JOURNALIER = | C15: =SUM(B9:B13)+SUM(E9:E13) -> 0 | D15: CUMUL GENERAL = | F15: =SUM(C9:C13)+SUM(F9:F13) -> 0 | H15: JOURNEE | I15: 42199
H16: TRANSMISSION | I16: =I15+1 -> 42200
A20: Transmis le : | B20: =I16 -> 42200

Sheet 15-07-15
A1: SODECOTON
H2: TABLEAU DE SAISI
A3: PLUVIOMETRIE JOURNALIERE ET PAR PENTADE | H3: STATION | I3: RELEVES
H4: MAROUA | I4: 0
B5: JOURNEE DU : | D5: =I15 -> 42200 | H5: KAELE | I5: 0
H6: TCHATIBALI | I6: 0
A7: STATION | B7: RELEVES | D7: STATION | E7: RELEVES | H7: GUIDER | I7: 0
B8: JOURNALIER | C8: CUMUL | E8: JOURNALIER | F8: CUMUL | H8: GAROUA | I8: 0
A9: MAROUA | B9: =I4 -> 0 | C9: ='14-07-15'!C9+B9 -> 0 | D9: NGONG | E9: =I9 -> 0 | F9: ='14-07-15'!F9+E9 -> 0 | H9: NGONG | I9: 0
A10: KAELE | B10: =I5 -> 0 | C10: ='14-07-15'!C10+B10 -> 0 | D10: POLI | E10: =I10 -> 0 | F10: ='14-07-15'!F10+E10 -> 0 | H10: POLI | I10: 0
A11: TCHATIBALI | B11: =I6 -> 0 | C11: ='14-07-15'!C11+B11 -> 0 | D11: MAYO-GALKE | E11: =I11 -> 0 | F11: ='14-07-15'!F11+E11 -> 0 | H11: MAYO-GALKE | I11: 0
A12: GUIDER | B12: =I7 -> 0 | C12: ='14-07-15'!C12+B12 -> 0 | D12: TOUBOURO | E12: =I12 -> 0 | F12: ='14-07-15'!F12+E12 -> 0 | H12: TOUBOURO | I12: 0
A13: GAROUA | B13: =I8 -> 0 | C13: ='14-07-15'!C13+B13 -> 0 | D13: HOME | E13: =I13 -> 0 | F13: ='14-07-15'!F13+E13 -> 0 | H13: HOME | I13: 0
A15: TOTAL JOURNALIER = | C15: =SUM(B9:B13)+SUM(E9:E13) -> 0 | D15: CUMUL GENERAL = | F15: =SUM(C9:C13)+SUM(F9:F13) -> 0 | H15: JOURNEE | I15: 42200
H16: TRANSMISSION | I16: =I15+1 -> 42201
A20: Transmis le : | B20: =I16 -> 42201

Sheet 16-07-15
A1: SODECOTON
H2: TABLEAU DE SAISI
A3: PLUVIOMETRIE JOURNALIERE ET PAR PENTADE | H3: STATION | I3: RELEVES
H4: MAROUA | I4: 0
B5: JOURNEE DU : | D5: =I15 -> 42201 | H5: KAELE | I5: 0
H6: TCHATIBALI | I6: 0
A7: STATION | B7: RELEVES | D7: STATION | E7: RELEVES | H7: GUIDER | I7: 0
B8: JOURNALIER | C8: CUMUL | E8: JOURNALIER | F8: CUMUL | H8: GAROUA | I8: 0
A9: MAROUA | B9: =I4 -> 0 | C9: ='15-07-15'!C9+B9 -> 0 | D9: NGONG | E9: =I9 -> 0 | F9: ='15-07-15'!F9+E9 -> 0 | H9: NGONG | I9: 0
A10: KAELE | B10: =I5 -> 0 | C10: ='15-07-15'!C10+B10 -> 0 | D10: POLI | E10: =I10 -> 0 | F10: ='15-07-15'!F10+E10 -> 0 | H10: POLI | I10: 0
A11: TCHATIBALI | B11: =I6 -> 0 | C11: ='15-07-15'!C11+B11 -> 0 | D11: MAYO-GALKE | E11: =I11 -> 0 | F11: ='15-07-15'!F11+E11 -> 0 | H11: MAYO-GALKE | I11: 0
A12: GUIDER | B12: =I7 -> 0 | C12: ='15-07-15'!C12+B12 -> 0 | D12: TOUBOURO | E12: =I12 -> 0 | F12: ='15-07-15'!F12+E12 -> 0 | H12: TOUBOURO | I12: 0
A13: GAROUA | B13: =I8 -> 0 | C13: ='15-07-15'!C13+B13 -> 0 | D13: HOME | E13: =I13 -> 0 | F13: ='15-07-15'!F13+E13 -> 0 | H13: HOME | I13: 0
A15: TOTAL JOURNALIER = | C15: =SUM(B9:B13)+SUM(E9:E13) -> 0 | D15: CUMUL GENERAL = | F15: =SUM(C9:C13)+SUM(F9:F13) -> 0 | H15: JOURNEE | I15: 42201
H16: TRANSMISSION | I16: =I15+1 -> 42202
A20: Transmis le : | B20: =I16 -> 42202

Sheet 17-07-15
A1: SODECOTON
H2: TABLEAU DE SAISI
A3: PLUVIOMETRIE JOURNALIERE ET PAR PENTADE | H3: STATION | I3: RELEVES
H4: MAROUA | I4: 0
B5: JOURNEE DU : | D5: =I15 -> 42202 | H5: KAELE | I5: 0
H6: TCHATIBALI | I6: 0
A7: STATION | B7: RELEVES | D7: STATION | E7: RELEVES | H7: GUIDER | I7: 0
B8: JOURNALIER | C8: CUMUL | E8: JOURNALIER | F8: CUMUL | H8: GAROUA | I8: 0
A9: MAROUA | B9: =I4 -> 0 | C9: ='16-07-15'!C9+B9 -> 0 | D9: NGONG | E9: =I9 -> 0 | F9: ='16-07-15'!F9+E9 -> 0 | H9: NGONG | I9: 0
A10: KAELE | B10: =I5 -> 0 | C10: ='16-07-15'!C10+B10 -> 0 | D10: POLI | E10: =I10 -> 0 | F10: ='16-07-15'!F10+E10 -> 0 | H10: POLI | I10: 0
A11: TCHATIBALI | B11: =I6 -> 0 | C11: ='16-07-15'!C11+B11 -> 0 | D11: MAYO-GALKE | E11: =I11 -> 0 | F11: ='16-07-15'!F11+E11 -> 0 | H11: MAYO-GALKE | I11: 0
A12: GUIDER | B12: =I7 -> 0 | C12: ='16-07-15'!C12+B12 -> 0 | D12: TOUBOURO | E12: =I12 -> 0 | F12: ='16-07-15'!F12+E12 -> 0 | H12: TOUBOURO | I12: 0
A13: GAROUA | B13: =I8 -> 0 | C13: ='16-07-15'!C13+B13 -> 0 | D13: HOME | E13: =I13 -> 0 | F13: ='16-07-15'!F13+E13 -> 0 | H13: HOME | I13: 0
A15: TOTAL JOURNALIER = | C15: =SUM(B9:B13)+SUM(E9:E13) -> 0 | D15: CUMUL GENERAL = | F15: =SUM(C9:C13)+SUM(F9:F13) -> 0 | H15: JOURNEE | I15: 42202
H16: TRANSMISSION | I16: =I15+1 -> 42203
A20: Transmis le : | B20: =I16 -> 42203

Sheet 18-07-15
A1: SODECOTON
H2: TABLEAU DE SAISI
A3: PLUVIOMETRIE JOURNALIERE ET PAR PENTADE | H3: STATION | I3: RELEVES
H4: MAROUA | I4: 0
B5: JOURNEE DU : | D5: =I15 -> 42203 | H5: KAELE | I5: 0
H6: TCHATIBALI | I6: 0
A7: STATION | B7: RELEVES | D7: STATION | E7: RELEVES | H7: GUIDER | I7: 0
B8: JOURNALIER | C8: CUMUL | E8: JOURNALIER | F8: CUMUL | H8: GAROUA | I8: 0
A9: MAROUA | B9: =I4 -> 0 | C9: ='17-07-15'!C9+B9 -> 0 | D9: NGONG | E9: =I9 -> 0 | F9: ='17-07-15'!F9+E9 -> 0 | H9: NGONG | I9: 0
A10: KAELE | B10: =I5 -> 0 | C10: ='17-07-15'!C10+B10 -> 0 | D10: POLI | E10: =I10 -> 0 | F10: ='17-07-15'!F10+E10 -> 0 | H10: POLI | I10: 0
A11: TCHATIBALI | B11: =I6 -> 0 | C11: ='17-07-15'!C11+B11 -> 0 | D11: MAYO-GALKE | E11: =I11 -> 0 | F11: ='17-07-15'!F11+E11 -> 0 | H11: MAYO-GALKE | I11: 0
A12: GUIDER | B12: =I7 -> 0 | C12: ='17-07-15'!C12+B12 -> 0 | D12: TOUBOURO | E12: =I12 -> 0 | F12: ='17-07-15'!F12+E12 -> 0 | H12: TOUBOURO | I12: 0
A13: GAROUA | B13: =I8 -> 0 | C13: ='17-07-15'!C13+B13 -> 0 | D13: HOME | E13: =I13 -> 0 | F13: ='17-07-15'!F13+E13 -> 0 | H13: HOME | I13: 0
A15: TOTAL JOURNALIER = | C15: =SUM(B9:B13)+SUM(E9:E13) -> 0 | D15: CUMUL GENERAL = | F15: =SUM(C9:C13)+SUM(F9:F13) -> 0 | H15: JOURNEE | I15: 42203
H16: TRANSMISSION | I16: =I15+1 -> 42204
A20: Transmis le : | B20: =I16 -> 42204

Sheet 19-07-15
A1: SODECOTON
H2: TABLEAU DE SAISI
A3: PLUVIOMETRIE JOURNALIERE ET PAR PENTADE | H3: STATION | I3: RELEVES
H4: MAROUA | I4: 0
B5: JOURNEE DU : | D5: =I15 -> 42204 | H5: KAELE | I5: 0
H6: TCHATIBALI | I6: 0
A7: STATION | B7: RELEVES | D7: STATION | E7: RELEVES | H7: GUIDER | I7: 0
B8: JOURNALIER | C8: CUMUL | E8: JOURNALIER | F8: CUMUL | H8: GAROUA | I8: 0
A9: MAROUA | B9: =I4 -> 0 | C9: ='18-07-15'!C9+B9 -> 0 | D9: NGONG | E9: =I9 -> 0 | F9: ='18-07-15'!F9+E9 -> 0 | H9: NGONG | I9: 0
A10: KAELE | B10: =I5 -> 0 | C10: ='18-07-15'!C10+B10 -> 0 | D10: POLI | E10: =I10 -> 0 | F10: ='18-07-15'!F10+E10 -> 0 | H10: POLI | I10: 0
A11: TCHATIBALI | B11: =I6 -> 0 | C11: ='18-07-15'!C11+B11 -> 0 | D11: MAYO-GALKE | E11: =I11 -> 0 | F11: ='18-07-15'!F11+E11 -> 0 | H11: MAYO-GALKE | I11: 0
A12: GUIDER | B12: =I7 -> 0 | C12: ='18-07-15'!C12+B12 -> 0 | D12: TOUBOURO | E12: =I12 -> 0 | F12: ='18-07-15'!F12+E12 -> 0 | H12: TOUBOURO | I12: 0
A13: GAROUA | B13: =I8 -> 0 | C13: ='18-07-15'!C13+B13 -> 0 | D13: HOME | E13: =I13 -> 0 | F13: ='18-07-15'!F13+E13 -> 0 | H13: HOME | I13: 0
A15: TOTAL JOURNALIER = | C15: =SUM(B9:B13)+SUM(E9:E13) -> 0 | D15: CUMUL GENERAL = | F15: =SUM(C9:C13)+SUM(F9:F13) -> 0 | H15: JOURNEE | I15: 42204
H16: TRANSMISSION | I16: =I15+1 -> 42205
A20: Transmis le : | B20: =I16 -> 42205

Sheet 20-07-15
A1: SODECOTON
H2: TABLEAU DE SAISI
A3: PLUVIOMETRIE JOURNALIERE ET PAR PENTADE | H3: STATION | I3: RELEVES
H4: MAROUA | I4: 0
B5: JOURNEE DU : | D5: =I15 -> 42205 | H5: KAELE | I5: 0
H6: TCHATIBALI | I6: 0
A7: STATION | B7: RELEVES | D7: STATION | E7: RELEVES | H7: GUIDER | I7: 0
B8: JOURNALIER | C8: CUMUL | E8: JOURNALIER | F8: CUMUL | H8: GAROUA | I8: 0
A9: MAROUA | B9: =I4 -> 0 | C9: ='19-07-15'!C9+B9 -> 0 | D9: NGONG | E9: =I9 -> 0 | F9: ='19-07-15'!F9+E9 -> 0 | H9: NGONG | I9: 0
A10: KAELE | B10: =I5 -> 0 | C10: ='19-07-15'!C10+B10 -> 0 | D10: POLI | E10: =I10 -> 0 | F10: ='19-07-15'!F10+E10 -> 0 | H10: POLI | I10: 0
A11: TCHATIBALI | B11: =I6 -> 0 | C11: ='19-07-15'!C11+B11 -> 0 | D11: MAYO-GALKE | E11: =I11 -> 0 | F11: ='19-07-15'!F11+E11 -> 0 | H11: MAYO-GALKE | I11: 0
A12: GUIDER | B12: =I7 -> 0 | C12: ='19-07-15'!C12+B12 -> 0 | D12: TOUBOURO | E12: =I12 -> 0 | F12: ='19-07-15'!F12+E12 -> 0 | H12: TOUBOURO | I12: 0
A13: GAROUA | B13: =I8 -> 0 | C13: ='19-07-15'!C13+B13 -> 0 | D13: HOME | E13: =I13 -> 0 | F13: ='19-07-15'!F13+E13 -> 0 | H13: HOME | I13: 0
A15: TOTAL JOURNALIER = | C15: =SUM(B9:B13)+SUM(E9:E13) -> 0 | D15: CUMUL GENERAL = | F15: =SUM(C9:C13)+SUM(F9:F13) -> 0 | H15: JOURNEE | I15: 42205
H16: TRANSMISSION | I16: =I15+1 -> 42206
A20: Transmis le : | B20: =I16 -> 42206

Sheet 21-07-15
A1: SODECOTON
H2: TABLEAU DE SAISI
A3: PLUVIOMETRIE JOURNALIERE ET PAR PENTADE | H3: STATION | I3: RELEVES
H4: MAROUA | I4: 0
B5: JOURNEE DU : | D5: =I15 -> 42206 | H5: KAELE | I5: 0
H6: TCHATIBALI | I6: 0
A7: STATION | B7: RELEVES | D7: STATION | E7: RELEVES | H7: GUIDER | I7: 0
B8: JOURNALIER | C8: CUMUL | E8: JOURNALIER | F8: CUMUL | H8: GAROUA | I8: 0
A9: MAROUA | B9: =I4 -> 0 | C9: ='20-07-15'!C9+B9 -> 0 | D9: NGONG | E9: =I9 -> 0 | F9: ='20-07-15'!F9+E9 -> 0 | H9: NGONG | I9: 0
A10: KAELE | B10: =I5 -> 0 | C10: ='20-07-15'!C10+B10 -> 0 | D10: POLI | E10: =I10 -> 0 | F10: ='20-07-15'!F10+E10 -> 0 | H10: POLI | I10: 0
A11: TCHATIBALI | B11: =I6 -> 0 | C11: ='20-07-15'!C11+B11 -> 0 | D11: MAYO-GALKE | E11: =I11 -> 0 | F11: ='20-07-15'!F11+E11 -> 0 | H11: MAYO-GALKE | I11: 0
A12: GUIDER | B12: =I7 -> 0 | C12: ='20-07-15'!C12+B12 -> 0 | D12: TOUBOURO | E12: =I12 -> 0 | F12: ='20-07-15'!F12+E12 -> 0 | H12: TOUBOURO | I12: 0
A13: GAROUA | B13: =I8 -> 0 | C13: ='20-07-15'!C13+B13 -> 0 | D13: HOME | E13: =I13 -> 0 | F13: ='20-07-15'!F13+E13 -> 0 | H13: HOME | I13: 0
A15: TOTAL JOURNALIER = | C15: =SUM(B9:B13)+SUM(E9:E13) -> 0 | D15: CUMUL GENERAL = | F15: =SUM(C9:C13)+SUM(F9:F13) -> 0 | H15: JOURNEE | I15: 42206
H16: TRANSMISSION | I16: =I15+1 -> 42207
A20: Transmis le : | B20: =I16 -> 42207

Sheet 22-07-15
A1: SODECOTON
H2: TABLEAU DE SAISI
A3: PLUVIOMETRIE JOURNALIERE ET PAR PENTADE | H3: STATION | I3: RELEVES
H4: MAROUA | I4: 0
B5: JOURNEE DU : | D5: =I15 -> 42207 | H5: KAELE | I5: 0
H6: TCHATIBALI | I6: 0
A7: STATION | B7: RELEVES | D7: STATION | E7: RELEVES | H7: GUIDER | I7: 0
B8: JOURNALIER | C8: CUMUL | E8: JOURNALIER | F8: CUMUL | H8: GAROUA | I8: 0
A9: MAROUA | B9: =I4 -> 0 | C9: ='21-07-15'!C9+B9 -> 0 | D9: NGONG | E9: =I9 -> 0 | F9: ='21-07-15'!F9+E9 -> 0 | H9: NGONG | I9: 0
A10: KAELE | B10: =I5 -> 0 | C10: ='21-07-15'!C10+B10 -> 0 | D10: POLI | E10: =I10 -> 0 | F10: ='21-07-15'!F10+E10 -> 0 | H10: POLI | I10: 0
A11: TCHATIBALI | B11: =I6 -> 0 | C11: ='21-07-15'!C11+B11 -> 0 | D11: MAYO-GALKE | E11: =I11 -> 0 | F11: ='21-07-15'!F11+E11 -> 0 | H11: MAYO-GALKE | I11: 0
A12: GUIDER | B12: =I7 -> 0 | C12: ='21-07-15'!C12+B12 -> 0 | D12: TOUBOURO | E12: =I12 -> 0 | F12: ='21-07-15'!F12+E12 -> 0 | H12: TOUBOURO | I12: 0
A13: GAROUA | B13: =I8 -> 0 | C13: ='21-07-15'!C13+B13 -> 0 | D13: HOME | E13: =I13 -> 0 | F13: ='21-07-15'!F13+E13 -> 0 | H13: HOME | I13: 0
A15: TOTAL JOURNALIER = | C15: =SUM(B9:B13)+SUM(E9:E13) -> 0 | D15: CUMUL GENERAL = | F15: =SUM(C9:C13)+SUM(F9:F13) -> 0 | H15: JOURNEE | I15: 42207
H16: TRANSMISSION | I16: =I15+1 -> 42208
A20: Transmis le : | B20: =I16 -> 42208

Sheet 23-07-15
A1: SODECOTON
H2: TABLEAU DE SAISI
A3: PLUVIOMETRIE JOURNALIERE ET PAR PENTADE | H3: STATION | I3: RELEVES
H4: MAROUA | I4: 0
B5: JOURNEE DU : | D5: =I15 -> 42208 | H5: KAELE | I5: 0
H6: TCHATIBALI | I6: 0
A7: STATION | B7: RELEVES | D7: STATION | E7: RELEVES | H7: GUIDER | I7: 0
B8: JOURNALIER | C8: CUMUL | E8: JOURNALIER | F8: CUMUL | H8: GAROUA | I8: 0
A9: MAROUA | B9: =I4 -> 0 | C9: ='22-07-15'!C9+B9 -> 0 | D9: NGONG | E9: =I9 -> 0 | F9: ='22-07-15'!F9+E9 -> 0 | H9: NGONG | I9: 0
A10: KAELE | B10: =I5 -> 0 | C10: ='22-07-15'!C10+B10 -> 0 | D10: POLI | E10: =I10 -> 0 | F10: ='22-07-15'!F10+E10 -> 0 | H10: POLI | I10: 0
A11: TCHATIBALI | B11: =I6 -> 0 | C11: ='22-07-15'!C11+B11 -> 0 | D11: MAYO-GALKE | E11: =I11 -> 0 | F11: ='22-07-15'!F11+E11 -> 0 | H11: MAYO-GALKE | I11: 0
A12: GUIDER | B12: =I7 -> 0 | C12: ='22-07-15'!C12+B12 -> 0 | D12: TOUBOURO | E12: =I12 -> 0 | F12: ='22-07-15'!F12+E12 -> 0 | H12: TOUBOURO | I12: 0
A13: GAROUA | B13: =I8 -> 0 | C13: ='22-07-15'!C13+B13 -> 0 | D13: HOME | E13: =I13 -> 0 | F13: ='22-07-15'!F13+E13 -> 0 | H13: HOME | I13: 0
A15: TOTAL JOURNALIER = | C15: =SUM(B9:B13)+SUM(E9:E13) -> 0 | D15: CUMUL GENERAL = | F15: =SUM(C9:C13)+SUM(F9:F13) -> 0 | H15: JOURNEE | I15: 42208
H16: TRANSMISSION | I16: =I15+1 -> 42209
A20: Transmis le : | B20: =I16 -> 42209

Sheet 24-07-15
A1: SODECOTON
H2: TABLEAU DE SAISI
A3: PLUVIOMETRIE JOURNALIERE ET PAR PENTADE | H3: STATION | I3: RELEVES
H4: MAROUA | I4: 0
B5: JOURNEE DU : | D5: =I15 -> 42209 | H5: KAELE | I5: 0
H6: TCHATIBALI | I6: 0
A7: STATION | B7: RELEVES | D7: STATION | E7: RELEVES | H7: GUIDER | I7: 0
B8: JOURNALIER | C8: CUMUL | E8: JOURNALIER | F8: CUMUL | H8: GAROUA | I8: 0
A9: MAROUA | B9: =I4 -> 0 | C9: ='23-07-15'!C9+B9 -> 0 | D9: NGONG | E9: =I9 -> 0 | F9: ='23-07-15'!F9+E9 -> 0 | H9: NGONG | I9: 0
A10: KAELE | B10: =I5 -> 0 | C10: ='23-07-15'!C10+B10 -> 0 | D10: POLI | E10: =I10 -> 0 | F10: ='23-07-15'!F10+E10 -> 0 | H10: POLI | I10: 0
A11: TCHATIBALI | B11: =I6 -> 0 | C11: ='23-07-15'!C11+B11 -> 0 | D11: MAYO-GALKE | E11: =I11 -> 0 | F11: ='23-07-15'!F11+E11 -> 0 | H11: MAYO-GALKE | I11: 0
A12: GUIDER | B12: =I7 -> 0 | C12: ='23-07-15'!C12+B12 -> 0 | D12: TOUBOURO | E12: =I12 -> 0 | F12: ='23-07-15'!F12+E12 -> 0 | H12: TOUBOURO | I12: 0
A13: GAROUA | B13: =I8 -> 0 | C13: ='23-07-15'!C13+B13 -> 0 | D13: HOME | E13: =I13 -> 0 | F13: ='23-07-15'!F13+E13 -> 0 | H13: HOME | I13: 0
A15: TOTAL JOURNALIER = | C15: =SUM(B9:B13)+SUM(E9:E13) -> 0 | D15: CUMUL GENERAL = | F15: =SUM(C9:C13)+SUM(F9:F13) -> 0 | H15: JOURNEE | I15: 42209
H16: TRANSMISSION | I16: =I15+1 -> 42210
A20: Transmis le : | B20: =I16 -> 42210

Sheet 25-07-15
A1: SODECOTON
H2: TABLEAU DE SAISI
A3: PLUVIOMETRIE JOURNALIERE ET PAR PENTADE | H3: STATION | I3: RELEVES
H4: MAROUA | I4: 0
B5: JOURNEE DU : | D5: =I15 -> 42210 | H5: KAELE | I5: 0
H6: TCHATIBALI | I6: 0
A7: STATION | B7: RELEVES | D7: STATION | E7: RELEVES | H7: GUIDER | I7: 0
B8: JOURNALIER | C8: CUMUL | E8: JOURNALIER | F8: CUMUL | H8: GAROUA | I8: 0
A9: MAROUA | B9: =I4 -> 0 | C9: ='24-07-15'!C9+B9 -> 0 | D9: NGONG | E9: =I9 -> 0 | F9: ='24-07-15'!F9+E9 -> 0 | H9: NGONG | I9: 0
A10: KAELE | B10: =I5 -> 0 | C10: ='24-07-15'!C10+B10 -> 0 | D10: POLI | E10: =I10 -> 0 | F10: ='24-07-15'!F10+E10 -> 0 | H10: POLI | I10: 0
A11: TCHATIBALI | B11: =I6 -> 0 | C11: ='24-07-15'!C11+B11 -> 0 | D11: MAYO-GALKE | E11: =I11 -> 0 | F11: ='24-07-15'!F11+E11 -> 0 | H11: MAYO-GALKE | I11: 0
A12: GUIDER | B12: =I7 -> 0 | C12: ='24-07-15'!C12+B12 -> 0 | D12: TOUBOURO | E12: =I12 -> 0 | F12: ='24-07-15'!F12+E12 -> 0 | H12: TOUBOURO | I12: 0
A13: GAROUA | B13: =I8 -> 0 | C13: ='24-07-15'!C13+B13 -> 0 | D13: HOME | E13: =I13 -> 0 | F13: ='24-07-15'!F13+E13 -> 0 | H13: HOME | I13: 0
A15: TOTAL JOURNALIER = | C15: =SUM(B9:B13)+SUM(E9:E13) -> 0 | D15: CUMUL GENERAL = | F15: =SUM(C9:C13)+SUM(F9:F13) -> 0 | H15: JOURNEE | I15: 42210
H16: TRANSMISSION | I16: =I15+1 -> 42211
A20: Transmis le : | B20: =I16 -> 42211

Sheet 26-07-15
A1: SODECOTON
H2: TABLEAU DE SAISI
A3: PLUVIOMETRIE JOURNALIERE ET PAR PENTADE | H3: STATION | I3: RELEVES
H4: MAROUA | I4: 0
B5: JOURNEE DU : | D5: =I15 -> 42211 | H5: KAELE | I5: 0
H6: TCHATIBALI | I6: 0
A7: STATION | B7: RELEVES | D7: STATION | E7: RELEVES | H7: GUIDER | I7: 0
B8: JOURNALIER | C8: CUMUL | E8: JOURNALIER | F8: CUMUL | H8: GAROUA | I8: 0
A9: MAROUA | B9: =I4 -> 0 | C9: ='25-07-15'!C9+B9 -> 0 | D9: NGONG | E9: =I9 -> 0 | F9: ='25-07-15'!F9+E9 -> 0 | H9: NGONG | I9: 0
A10: KAELE | B10: =I5 -> 0 | C10: ='25-07-15'!C10+B10 -> 0 | D10: POLI | E10: =I10 -> 0 | F10: ='25-07-15'!F10+E10 -> 0 | H10: POLI | I10: 0
A11: TCHATIBALI | B11: =I6 -> 0 | C11: ='25-07-15'!C11+B11 -> 0 | D11: MAYO-GALKE | E11: =I11 -> 0 | F11: ='25-07-15'!F11+E11 -> 0 | H11: MAYO-GALKE | I11: 0
A12: GUIDER | B12: =I7 -> 0 | C12: ='25-07-15'!C12+B12 -> 0 | D12: TOUBOURO | E12: =I12 -> 0 | F12: ='25-07-15'!F12+E12 -> 0 | H12: TOUBOURO | I12: 0
A13: GAROUA | B13: =I8 -> 0 | C13: ='25-07-15'!C13+B13 -> 0 | D13: HOME | E13: =I13 -> 0 | F13: ='25-07-15'!F13+E13 -> 0 | H13: HOME | I13: 0
A15: TOTAL JOURNALIER = | C15: =SUM(B9:B13)+SUM(E9:E13) -> 0 | D15: CUMUL GENERAL = | F15: =SUM(C9:C13)+SUM(F9:F13) -> 0 | H15: JOURNEE | I15: 42211
H16: TRANSMISSION | I16: =I15+1 -> 42212
A20: Transmis le : | B20: =I16 -> 42212

Sheet 27-07-15
A1: SODECOTON
H2: TABLEAU DE SAISI
A3: PLUVIOMETRIE JOURNALIERE ET PAR PENTADE | H3: STATION | I3: RELEVES
H4: MAROUA | I4: 0
B5: JOURNEE DU : | D5: =I15 -> 42212 | H5: KAELE | I5: 0
H6: TCHATIBALI | I6: 0
A7: STATION | B7: RELEVES | D7: STATION | E7: RELEVES | H7: GUIDER | I7: 0
B8: JOURNALIER | C8: CUMUL | E8: JOURNALIER | F8: CUMUL | H8: GAROUA | I8: 0
A9: MAROUA | B9: =I4 -> 0 | C9: ='26-07-15'!C9+B9 -> 0 | D9: NGONG | E9: =I9 -> 0 | F9: ='26-07-15'!F9+E9 -> 0 | H9: NGONG | I9: 0
A10: KAELE | B10: =I5 -> 0 | C10: ='26-07-15'!C10+B10 -> 0 | D10: POLI | E10: =I10 -> 0 | F10: ='26-07-15'!F10+E10 -> 0 | H10: POLI | I10: 0
A11: TCHATIBALI | B11: =I6 -> 0 | C11: ='26-07-15'!C11+B11 -> 0 | D11: MAYO-GALKE | E11: =I11 -> 0 | F11: ='26-07-15'!F11+E11 -> 0 | H11: MAYO-GALKE | I11: 0
A12: GUIDER | B12: =I7 -> 0 | C12: ='26-07-15'!C12+B12 -> 0 | D12: TOUBOURO | E12: =I12 -> 0 | F12: ='26-07-15'!F12+E12 -> 0 | H12: TOUBOURO | I12: 0
A13: GAROUA | B13: =I8 -> 0 | C13: ='26-07-15'!C13+B13 -> 0 | D13: HOME | E13: =I13 -> 0 | F13: ='26-07-15'!F13+E13 -> 0 | H13: HOME | I13: 0
A15: TOTAL JOURNALIER = | C15: =SUM(B9:B13)+SUM(E9:E13) -> 0 | D15: CUMUL GENERAL = | F15: =SUM(C9:C13)+SUM(F9:F13) -> 0 | H15: JOURNEE | I15: 42212
H16: TRANSMISSION | I16: =I15+1 -> 42213
A20: Transmis le : | B20: =I16 -> 42213

Sheet 28-07-15
A1: SODECOTON
H2: TABLEAU DE SAISI
A3: PLUVIOMETRIE JOURNALIERE ET PAR PENTADE | H3: STATION | I3: RELEVES
H4: MAROUA | I4: 0
B5: JOURNEE DU : | D5: =I15 -> 42213 | H5: KAELE | I5: 0
H6: TCHATIBALI | I6: 0
A7: STATION | B7: RELEVES | D7: STATION | E7: RELEVES | H7: GUIDER | I7: 0
B8: JOURNALIER | C8: CUMUL | E8: JOURNALIER | F8: CUMUL | H8: GAROUA | I8: 0
A9: MAROUA | B9: =I4 -> 0 | C9: ='27-07-15'!C9+B9 -> 0 | D9: NGONG | E9: =I9 -> 0 | F9: ='27-07-15'!F9+E9 -> 0 | H9: NGONG | I9: 0
A10: KAELE | B10: =I5 -> 0 | C10: ='27-07-15'!C10+B10 -> 0 | D10: POLI | E10: =I10 -> 0 | F10: ='27-07-15'!F10+E10 -> 0 | H10: POLI | I10: 0
A11: TCHATIBALI | B11: =I6 -> 0 | C11: ='27-07-15'!C11+B11 -> 0 | D11: MAYO-GALKE | E11: =I11 -> 0 | F11: ='27-07-15'!F11+E11 -> 0 | H11: MAYO-GALKE | I11: 0
A12: GUIDER | B12: =I7 -> 0 | C12: ='27-07-15'!C12+B12 -> 0 | D12: TOUBOURO | E12: =I12 -> 0 | F12: ='27-07-15'!F12+E12 -> 0 | H12: TOUBOURO | I12: 0
A13: GAROUA | B13: =I8 -> 0 | C13: ='27-07-15'!C13+B13 -> 0 | D13: HOME | E13: =I13 -> 0 | F13: ='27-07-15'!F13+E13 -> 0 | H13: HOME | I13: 0
A15: TOTAL JOURNALIER = | C15: =SUM(B9:B13)+SUM(E9:E13) -> 0 | D15: CUMUL GENERAL = | F15: =SUM(C9:C13)+SUM(F9:F13) -> 0 | H15: JOURNEE | I15: 42213
H16: TRANSMISSION | I16: =I15+1 -> 42214
A20: Transmis le : | B20: =I16 -> 42214

Sheet 29-07-15
A1: SODECOTON
H2: TABLEAU DE SAISI
A3: PLUVIOMETRIE JOURNALIERE ET PAR PENTADE | H3: STATION | I3: RELEVES
H4: MAROUA | I4: 0
B5: JOURNEE DU : | D5: =I15 -> 42214 | H5: KAELE | I5: 0
H6: TCHATIBALI | I6: 0
A7: STATION | B7: RELEVES | D7: STATION | E7: RELEVES | H7: GUIDER | I7: 0
B8: JOURNALIER | C8: CUMUL | E8: JOURNALIER | F8: CUMUL | H8: GAROUA | I8: 0
A9: MAROUA | B9: =I4 -> 0 | C9: ='28-07-15'!C9+B9 -> 0 | D9: NGONG | E9: =I9 -> 0 | F9: ='28-07-15'!F9+E9 -> 0 | H9: NGONG | I9: 0
A10: KAELE | B10: =I5 -> 0 | C10: ='28-07-15'!C10+B10 -> 0 | D10: POLI | E10: =I10 -> 0 | F10: ='28-07-15'!F10+E10 -> 0 | H10: POLI | I10: 0
A11: TCHATIBALI | B11: =I6 -> 0 | C11: ='28-07-15'!C11+B11 -> 0 | D11: MAYO-GALKE | E11: =I11 -> 0 | F11: ='28-07-15'!F11+E11 -> 0 | H11: MAYO-GALKE | I11: 0
A12: GUIDER | B12: =I7 -> 0 | C12: ='28-07-15'!C12+B12 -> 0 | D12: TOUBOURO | E12: =I12 -> 0 | F12: ='28-07-15'!F12+E12 -> 0 | H12: TOUBOURO | I12: 0
A13: GAROUA | B13: =I8 -> 0 | C13: ='28-07-15'!C13+B13 -> 0 | D13: HOME | E13: =I13 -> 0 | F13: ='28-07-15'!F13+E13 -> 0 | H13: HOME | I13: 0
A15: TOTAL JOURNALIER = | C15: =SUM(B9:B13)+SUM(E9:E13) -> 0 | D15: CUMUL GENERAL = | F15: =SUM(C9:C13)+SUM(F9:F13) -> 0 | H15: JOURNEE | I15: 42214
H16: TRANSMISSION | I16: =I15+1 -> 42215
A20: Transmis le : | B20: =I16 -> 42215

Sheet 30-07-15
A1: SODECOTON
H2: TABLEAU DE SAISI
A3: PLUVIOMETRIE JOURNALIERE ET PAR PENTADE | H3: STATION | I3: RELEVES
H4: MAROUA | I4: 0
B5: JOURNEE DU : | D5: =I15 -> 42215 | H5: KAELE | I5: 0
H6: TCHATIBALI | I6: 0
A7: STATION | B7: RELEVES | D7: STATION | E7: RELEVES | H7: GUIDER | I7: 0
B8: JOURNALIER | C8: CUMUL | E8: JOURNALIER | F8: CUMUL | H8: GAROUA | I8: 0
A9: MAROUA | B9: =I4 -> 0 | C9: ='29-07-15'!C9+B9 -> 0 | D9: NGONG | E9: =I9 -> 0 | F9: ='29-07-15'!F9+E9 -> 0 | H9: NGONG | I9: 0
A10: KAELE | B10: =I5 -> 0 | C10: ='29-07-15'!C10+B10 -> 0 | D10: POLI | E10: =I10 -> 0 | F10: ='29-07-15'!F10+E10 -> 0 | H10: POLI | I10: 0
A11: TCHATIBALI | B11: =I6 -> 0 | C11: ='29-07-15'!C11+B11 -> 0 | D11: MAYO-GALKE | E11: =I11 -> 0 | F11: ='29-07-15'!F11+E11 -> 0 | H11: MAYO-GALKE | I11: 0
A12: GUIDER | B12: =I7 -> 0 | C12: ='29-07-15'!C12+B12 -> 0 | D12: TOUBOURO | E12: =I12 -> 0 | F12: ='29-07-15'!F12+E12 -> 0 | H12: TOUBOURO | I12: 0
A13: GAROUA | B13: =I8 -> 0 | C13: ='29-07-15'!C13+B13 -> 0 | D13: HOME | E13: =I13 -> 0 | F13: ='29-07-15'!F13+E13 -> 0 | H13: HOME | I13: 0
A15: TOTAL JOURNALIER = | C15: =SUM(B9:B13)+SUM(E9:E13) -> 0 | D15: CUMUL GENERAL = | F15: =SUM(C9:C13)+SUM(F9:F13) -> 0 | H15: JOURNEE | I15: 42215
H16: TRANSMISSION | I16: =I15+1 -> 42216
A20: Transmis le : | B20: =I16 -> 42216

Sheet 31-07-15
A1: SODECOTON
H2: TABLEAU DE SAISI
A3: PLUVIOMETRIE JOURNALIERE ET PAR PENTADE | H3: STATION | I3: RELEVES
H4: MAROUA | I4: 0
B5: JOURNEE DU : | D5: =I15 -> 42216 | H5: KAELE | I5: 0
H6: TCHATIBALI | I6: 0
A7: STATION | B7: RELEVES | D7: STATION | E7: RELEVES | H7: GUIDER | I7: 0
B8: JOURNALIER | C8: CUMUL | E8: JOURNALIER | F8: CUMUL | H8: GAROUA | I8: 0
A9: MAROUA | B9: =I4 -> 0 | C9: ='30-07-15'!C9+B9 -> 0 | D9: NGONG | E9: =I9 -> 0 | F9: ='30-07-15'!F9+E9 -> 0 | H9: NGONG | I9: 0
A10: KAELE | B10: =I5 -> 0 | C10: ='30-07-15'!C10+B10 -> 0 | D10: POLI | E10: =I10 -> 0 | F10: ='30-07-15'!F10+E10 -> 0 | H10: POLI | I10: 0
A11: TCHATIBALI | B11: =I6 -> 0 | C11: ='30-07-15'!C11+B11 -> 0 | D11: MAYO-GALKE | E11: =I11 -> 0 | F11: ='30-07-15'!F11+E11 -> 0 | H11: MAYO-GALKE | I11: 0
A12: GUIDER | B12: =I7 -> 0 | C12: ='30-07-15'!C12+B12 -> 0 | D12: TOUBOURO | E12: =I12 -> 0 | F12: ='30-07-15'!F12+E12 -> 0 | H12: TOUBOURO | I12: 0
A13: GAROUA | B13: =I8 -> 0 | C13: ='30-07-15'!C13+B13 -> 0 | D13: HOME | E13: =I13 -> 0 | F13: ='30-07-15'!F13+E13 -> 0 | H13: HOME | I13: 0
A15: TOTAL JOURNALIER = | C15: =SUM(B9:B13)+SUM(E9:E13) -> 0 | D15: CUMUL GENERAL = | F15: =SUM(C9:C13)+SUM(F9:F13) -> 0 | H15: JOURNEE | I15: 42216
H16: TRANSMISSION | I16: =I15+1 -> 42217
A20: Transmis le : | B20: =I16 -> 42217

Sheet 01-08-15
A1: SODECOTON
H2: TABLEAU DE SAISI
A3: PLUVIOMETRIE JOURNALIERE ET PAR PENTADE | H3: STATION | I3: RELEVES
H4: MAROUA | I4: 0
B5: JOURNEE DU : | D5: =I15 -> 42217 | H5: KAELE | I5: 0
H6: TCHATIBALI | I6: 0
A7: STATION | B7: RELEVES | D7: STATION | E7: RELEVES | H7: GUIDER | I7: 0
B8: JOURNALIER | C8: CUMUL | E8: JOURNALIER | F8: CUMUL | H8: GAROUA | I8: 0
A9: MAROUA | B9: =I4 -> 0 | C9: ='31-07-15'!C9+B9 -> 0 | D9: NGONG | E9: =I9 -> 0 | F9: ='31-07-15'!F9+E9 -> 0 | H9: NGONG | I9: 0
A10: KAELE | B10: =I5 -> 0 | C10: ='31-07-15'!C10+B10 -> 0 | D10: POLI | E10: =I10 -> 0 | F10: ='31-07-15'!F10+E10 -> 0 | H10: POLI | I10: 0
A11: TCHATIBALI | B11: =I6 -> 0 | C11: ='31-07-15'!C11+B11 -> 0 | D11: MAYO-GALKE | E11: =I11 -> 0 | F11: ='31-07-15'!F11+E11 -> 0 | H11: MAYO-GALKE | I11: 0
A12: GUIDER | B12: =I7 -> 0 | C12: ='31-07-15'!C12+B12 -> 0 | D12: TOUBOURO | E12: =I12 -> 0 | F12: ='31-07-15'!F12+E12 -> 0 | H12: TOUBOURO | I12: 0
A13: GAROUA | B13: =I8 -> 0 | C13: ='31-07-15'!C13+B13 -> 0 | D13: HOME | E13: =I13 -> 0 | F13: ='31-07-15'!F13+E13 -> 0 | H13: HOME | I13: 0
A15: TOTAL JOURNALIER = | C15: =SUM(B9:B13)+SUM(E9:E13) -> 0 | D15: CUMUL GENERAL = | F15: =SUM(C9:C13)+SUM(F9:F13) -> 0 | H15: JOURNEE | I15: 42217
H16: TRANSMISSION | I16: =I15+1 -> 42218
A20: Transmis le : | B20: =I16 -> 42218

Sheet 02-08-15
A1: SODECOTON
H2: TABLEAU DE SAISI
A3: PLUVIOMETRIE JOURNALIERE ET PAR PENTADE | H3: STATION | I3: RELEVES
H4: MAROUA | I4: 0
B5: JOURNEE DU : | D5: =I15 -> 42218 | H5: KAELE | I5: 0
H6: TCHATIBALI | I6: 0
A7: STATION | B7: RELEVES | D7: STATION | E7: RELEVES | H7: GUIDER | I7: 0
B8: JOURNALIER | C8: CUMUL | E8: JOURNALIER | F8: CUMUL | H8: GAROUA | I8: 0
A9: MAROUA | B9: =I4 -> 0 | C9: ='01-08-15'!C9+B9 -> 0 | D9: NGONG | E9: =I9 -> 0 | F9: ='01-08-15'!F9+E9 -> 0 | H9: NGONG | I9: 0
A10: KAELE | B10: =I5 -> 0 | C10: ='01-08-15'!C10+B10 -> 0 | D10: POLI | E10: =I10 -> 0 | F10: ='01-08-15'!F10+E10 -> 0 | H10: POLI | I10: 0
A11: TCHATIBALI | B11: =I6 -> 0 | C11: ='01-08-15'!C11+B11 -> 0 | D11: MAYO-GALKE | E11: =I11 -> 0 | F11: ='01-08-15'!F11+E11 -> 0 | H11: MAYO-GALKE | I11: 0
A12: GUIDER | B12: =I7 -> 0 | C12: ='01-08-15'!C12+B12 -> 0 | D12: TOUBOURO | E12: =I12 -> 0 | F12: ='01-08-15'!F12+E12 -> 0 | H12: TOUBOURO | I12: 0
A13: GAROUA | B13: =I8 -> 0 | C13: ='01-08-15'!C13+B13 -> 0 | D13: HOME | E13: =I13 -> 0 | F13: ='01-08-15'!F13+E13 -> 0 | H13: HOME | I13: 0
A15: TOTAL JOURNALIER = | C15: =SUM(B9:B13)+SUM(E9:E13) -> 0 | D15: CUMUL GENERAL = | F15: =SUM(C9:C13)+SUM(F9:F13) -> 0 | H15: JOURNEE | I15: 42218
H16: TRANSMISSION | I16: =I15+1 -> 42219
A20: Transmis le : | B20: =I16 -> 42219

Sheet 03-08-15
A1: SODECOTON
H2: TABLEAU DE SAISI
A3: PLUVIOMETRIE JOURNALIERE ET PAR PENTADE | H3: STATION | I3: RELEVES
H4: MAROUA | I4: 0
B5: JOURNEE DU : | D5: =I15 -> 42219 | H5: KAELE | I5: 0
H6: TCHATIBALI | I6: 0
A7: STATION | B7: RELEVES | D7: STATION | E7: RELEVES | H7: GUIDER | I7: 0
B8: JOURNALIER | C8: CUMUL | E8: JOURNALIER | F8: CUMUL | H8: GAROUA | I8: 0
A9: MAROUA | B9: =I4 -> 0 | C9: ='02-08-15'!C9+B9 -> 0 | D9: NGONG | E9: =I9 -> 0 | F9: ='02-08-15'!F9+E9 -> 0 | H9: NGONG | I9: 0
A10: KAELE | B10: =I5 -> 0 | C10: ='02-08-15'!C10+B10 -> 0 | D10: POLI | E10: =I10 -> 0 | F10: ='02-08-15'!F10+E10 -> 0 | H10: POLI | I10: 0
A11: TCHATIBALI | B11: =I6 -> 0 | C11: ='02-08-15'!C11+B11 -> 0 | D11: MAYO-GALKE | E11: =I11 -> 0 | F11: ='02-08-15'!F11+E11 -> 0 | H11: MAYO-GALKE | I11: 0
A12: GUIDER | B12: =I7 -> 0 | C12: ='02-08-15'!C12+B12 -> 0 | D12: TOUBOURO | E12: =I12 -> 0 | F12: ='02-08-15'!F12+E12 -> 0 | H12: TOUBOURO | I12: 0
A13: GAROUA | B13: =I8 -> 0 | C13: ='02-08-15'!C13+B13 -> 0 | D13: HOME | E13: =I13 -> 0 | F13: ='02-08-15'!F13+E13 -> 0 | H13: HOME | I13: 0
A15: TOTAL JOURNALIER = | C15: =SUM(B9:B13)+SUM(E9:E13) -> 0 | D15: CUMUL GENERAL = | F15: =SUM(C9:C13)+SUM(F9:F13) -> 0 | H15: JOURNEE | I15: 42219
H16: TRANSMISSION | I16: =I15+1 -> 42220
A20: Transmis le : | B20: =I16 -> 42220

Sheet 04-08-15
A1: SODECOTON
H2: TABLEAU DE SAISI
A3: PLUVIOMETRIE JOURNALIERE ET PAR PENTADE | H3: STATION | I3: RELEVES
H4: MAROUA | I4: 0
B5: JOURNEE DU : | D5: =I15 -> 42220 | H5: KAELE | I5: 0
H6: TCHATIBALI | I6: 0
A7: STATION | B7: RELEVES | D7: STATION | E7: RELEVES | H7: GUIDER | I7: 0
B8: JOURNALIER | C8: CUMUL | E8: JOURNALIER | F8: CUMUL | H8: GAROUA | I8: 0
A9: MAROUA | B9: =I4 -> 0 | C9: ='03-08-15'!C9+B9 -> 0 | D9: NGONG | E9: =I9 -> 0 | F9: ='03-08-15'!F9+E9 -> 0 | H9: NGONG | I9: 0
A10: KAELE | B10: =I5 -> 0 | C10: ='03-08-15'!C10+B10 -> 0 | D10: POLI | E10: =I10 -> 0 | F10: ='03-08-15'!F10+E10 -> 0 | H10: POLI | I10: 0
A11: TCHATIBALI | B11: =I6 -> 0 | C11: ='03-08-15'!C11+B11 -> 0 | D11: MAYO-GALKE | E11: =I11 -> 0 | F11: ='03-08-15'!F11+E11 -> 0 | H11: MAYO-GALKE | I11: 0
A12: GUIDER | B12: =I7 -> 0 | C12: ='03-08-15'!C12+B12 -> 0 | D12: TOUBOURO | E12: =I12 -> 0 | F12: ='03-08-15'!F12+E12 -> 0 | H12: TOUBOURO | I12: 0
A13: GAROUA | B13: =I8 -> 0 | C13: ='03-08-15'!C13+B13 -> 0 | D13: HOME | E13: =I13 -> 0 | F13: ='03-08-15'!F13+E13 -> 0 | H13: HOME | I13: 0
A15: TOTAL JOURNALIER = | C15: =SUM(B9:B13)+SUM(E9:E13) -> 0 | D15: CUMUL GENERAL = | F15: =SUM(C9:C13)+SUM(F9:F13) -> 0 | H15: JOURNEE | I15: 42220
H16: TRANSMISSION | I16: =I15+1 -> 42221
A20: Transmis le : | B20: =I16 -> 42221

Sheet 05-08-15
A1: SODECOTON
H2: TABLEAU DE SAISI
A3: PLUVIOMETRIE JOURNALIERE ET PAR PENTADE | H3: STATION | I3: RELEVES
H4: MAROUA | I4: 0
B5: JOURNEE DU : | D5: =I15 -> 42221 | H5: KAELE | I5: 0
H6: TCHATIBALI | I6: 0
A7: STATION | B7: RELEVES | D7: STATION | E7: RELEVES | H7: GUIDER | I7: 0
B8: JOURNALIER | C8: CUMUL | E8: JOURNALIER | F8: CUMUL | H8: GAROUA | I8: 0
A9: MAROUA | B9: =I4 -> 0 | C9: ='04-08-15'!C9+B9 -> 0 | D9: NGONG | E9: =I9 -> 0 | F9: ='04-08-15'!F9+E9 -> 0 | H9: NGONG | I9: 0
A10: KAELE | B10: =I5 -> 0 | C10: ='04-08-15'!C10+B10 -> 0 | D10: POLI | E10: =I10 -> 0 | F10: ='04-08-15'!F10+E10 -> 0 | H10: POLI | I10: 0
A11: TCHATIBALI | B11: =I6 -> 0 | C11: ='04-08-15'!C11+B11 -> 0 | D11: MAYO-GALKE | E11: =I11 -> 0 | F11: ='04-08-15'!F11+E11 -> 0 | H11: MAYO-GALKE | I11: 0
A12: GUIDER | B12: =I7 -> 0 | C12: ='04-08-15'!C12+B12 -> 0 | D12: TOUBOURO | E12: =I12 -> 0 | F12: ='04-08-15'!F12+E12 -> 0 | H12: TOUBOURO | I12: 0
A13: GAROUA | B13: =I8 -> 0 | C13: ='04-08-15'!C13+B13 -> 0 | D13: HOME | E13: =I13 -> 0 | F13: ='04-08-15'!F13+E13 -> 0 | H13: HOME | I13: 0
A15: TOTAL JOURNALIER = | C15: =SUM(B9:B13)+SUM(E9:E13) -> 0 | D15: CUMUL GENERAL = | F15: =SUM(C9:C13)+SUM(F9:F13) -> 0 | H15: JOURNEE | I15: 42221
H16: TRANSMISSION | I16: =I15+1 -> 42222
A20: Transmis le : | B20: =I16 -> 42222

Sheet 06-08-15
A1: SODECOTON
H2: TABLEAU DE SAISI
A3: PLUVIOMETRIE JOURNALIERE ET PAR PENTADE | H3: STATION | I3: RELEVES
H4: MAROUA | I4: 0
B5: JOURNEE DU : | D5: =I15 -> 42222 | H5: KAELE | I5: 0
H6: TCHATIBALI | I6: 0
A7: STATION | B7: RELEVES | D7: STATION | E7: RELEVES | H7: GUIDER | I7: 0
B8: JOURNALIER | C8: CUMUL | E8: JOURNALIER | F8: CUMUL | H8: GAROUA | I8: 0
A9: MAROUA | B9: =I4 -> 0 | C9: ='05-08-15'!C9+B9 -> 0 | D9: NGONG | E9: =I9 -> 0 | F9: ='05-08-15'!F9+E9 -> 0 | H9: NGONG | I9: 0
A10: KAELE | B10: =I5 -> 0 | C10: ='05-08-15'!C10+B10 -> 0 | D10: POLI | E10: =I10 -> 0 | F10: ='05-08-15'!F10+E10 -> 0 | H10: POLI | I10: 0
A11: TCHATIBALI | B11: =I6 -> 0 | C11: ='05-08-15'!C11+B11 -> 0 | D11: MAYO-GALKE | E11: =I11 -> 0 | F11: ='05-08-15'!F11+E11 -> 0 | H11: MAYO-GALKE | I11: 0
A12: GUIDER | B12: =I7 -> 0 | C12: ='05-08-15'!C12+B12 -> 0 | D12: TOUBOURO | E12: =I12 -> 0 | F12: ='05-08-15'!F12+E12 -> 0 | H12: TOUBOURO | I12: 0
A13: GAROUA | B13: =I8 -> 0 | C13: ='05-08-15'!C13+B13 -> 0 | D13: HOME | E13: =I13 -> 0 | F13: ='05-08-15'!F13+E13 -> 0 | H13: HOME | I13: 0
A15: TOTAL JOURNALIER = | C15: =SUM(B9:B13)+SUM(E9:E13) -> 0 | D15: CUMUL GENERAL = | F15: =SUM(C9:C13)+SUM(F9:F13) -> 0 | H15: JOURNEE | I15: 42222
H16: TRANSMISSION | I16: =I15+1 -> 42223
A20: Transmis le : | B20: =I16 -> 42223

Sheet 07-08-15
A1: SODECOTON
H2: TABLEAU DE SAISI
A3: PLUVIOMETRIE JOURNALIERE ET PAR PENTADE | H3: STATION | I3: RELEVES
H4: MAROUA | I4: 0
B5: JOURNEE DU : | D5: =I15 -> 42223 | H5: KAELE | I5: 0
H6: TCHATIBALI | I6: 0
A7: STATION | B7: RELEVES | D7: STATION | E7: RELEVES | H7: GUIDER | I7: 0
B8: JOURNALIER | C8: CUMUL | E8: JOURNALIER | F8: CUMUL | H8: GAROUA | I8: 0
A9: MAROUA | B9: =I4 -> 0 | C9: ='06-08-15'!C9+B9 -> 0 | D9: NGONG | E9: =I9 -> 0 | F9: ='06-08-15'!F9+E9 -> 0 | H9: NGONG | I9: 0
A10: KAELE | B10: =I5 -> 0 | C10: ='06-08-15'!C10+B10 -> 0 | D10: POLI | E10: =I10 -> 0 | F10: ='06-08-15'!F10+E10 -> 0 | H10: POLI | I10: 0
A11: TCHATIBALI | B11: =I6 -> 0 | C11: ='06-08-15'!C11+B11 -> 0 | D11: MAYO-GALKE | E11: =I11 -> 0 | F11: ='06-08-15'!F11+E11 -> 0 | H11: MAYO-GALKE | I11: 0
A12: GUIDER | B12: =I7 -> 0 | C12: ='06-08-15'!C12+B12 -> 0 | D12: TOUBOURO | E12: =I12 -> 0 | F12: ='06-08-15'!F12+E12 -> 0 | H12: TOUBOURO | I12: 0
A13: GAROUA | B13: =I8 -> 0 | C13: ='06-08-15'!C13+B13 -> 0 | D13: HOME | E13: =I13 -> 0 | F13: ='06-08-15'!F13+E13 -> 0 | H13: HOME | I13: 0
A15: TOTAL JOURNALIER = | C15: =SUM(B9:B13)+SUM(E9:E13) -> 0 | D15: CUMUL GENERAL = | F15: =SUM(C9:C13)+SUM(F9:F13) -> 0 | H15: JOURNEE | I15: 42223
H16: TRANSMISSION | I16: =I15+1 -> 42224
A20: Transmis le : | B20: =I16 -> 42224

Sheet 08-08-15
A1: SODECOTON
H2: TABLEAU DE SAISI
A3: PLUVIOMETRIE JOURNALIERE ET PAR PENTADE | H3: STATION | I3: RELEVES
H4: MAROUA | I4: 0
B5: JOURNEE DU : | D5: =I15 -> 42224 | H5: KAELE | I5: 0
H6: TCHATIBALI | I6: 0
A7: STATION | B7: RELEVES | D7: STATION | E7: RELEVES | H7: GUIDER | I7: 0
B8: JOURNALIER | C8: CUMUL | E8: JOURNALIER | F8: CUMUL | H8: GAROUA | I8: 0
A9: MAROUA | B9: =I4 -> 0 | C9: ='07-08-15'!C9+B9 -> 0 | D9: NGONG | E9: =I9 -> 0 | F9: ='07-08-15'!F9+E9 -> 0 | H9: NGONG | I9: 0
A10: KAELE | B10: =I5 -> 0 | C10: ='07-08-15'!C10+B10 -> 0 | D10: POLI | E10: =I10 -> 0 | F10: ='07-08-15'!F10+E10 -> 0 | H10: POLI | I10: 0
A11: TCHATIBALI | B11: =I6 -> 0 | C11: ='07-08-15'!C11+B11 -> 0 | D11: MAYO-GALKE | E11: =I11 -> 0 | F11: ='07-08-15'!F11+E11 -> 0 | H11: MAYO-GALKE | I11: 0
A12: GUIDER | B12: =I7 -> 0 | C12: ='07-08-15'!C12+B12 -> 0 | D12: TOUBOURO | E12: =I12 -> 0 | F12: ='07-08-15'!F12+E12 -> 0 | H12: TOUBOURO | I12: 0
A13: GAROUA | B13: =I8 -> 0 | C13: ='07-08-15'!C13+B13 -> 0 | D13: HOME | E13: =I13 -> 0 | F13: ='07-08-15'!F13+E13 -> 0 | H13: HOME | I13: 0
A15: TOTAL JOURNALIER = | C15: =SUM(B9:B13)+SUM(E9:E13) -> 0 | D15: CUMUL GENERAL = | F15: =SUM(C9:C13)+SUM(F9:F13) -> 0 | H15: JOURNEE | I15: 42224
H16: TRANSMISSION | I16: =I15+1 -> 42225
A20: Transmis le : | B20: =I16 -> 42225

Sheet 09-08-15
A1: SODECOTON
H2: TABLEAU DE SAISI
A3: PLUVIOMETRIE JOURNALIERE ET PAR PENTADE | H3: STATION | I3: RELEVES
H4: MAROUA | I4: 0
B5: JOURNEE DU : | D5: =I15 -> 42225 | H5: KAELE | I5: 0
H6: TCHATIBALI | I6: 0
A7: STATION | B7: RELEVES | D7: STATION | E7: RELEVES | H7: GUIDER | I7: 0
B8: JOURNALIER | C8: CUMUL | E8: JOURNALIER | F8: CUMUL | H8: GAROUA | I8: 0
A9: MAROUA | B9: =I4 -> 0 | C9: ='08-08-15'!C9+B9 -> 0 | D9: NGONG | E9: =I9 -> 0 | F9: ='08-08-15'!F9+E9 -> 0 | H9: NGONG | I9: 0
A10: KAELE | B10: =I5 -> 0 | C10: ='08-08-15'!C10+B10 -> 0 | D10: POLI | E10: =I10 -> 0 | F10: ='08-08-15'!F10+E10 -> 0 | H10: POLI | I10: 0
A11: TCHATIBALI | B11: =I6 -> 0 | C11: ='08-08-15'!C11+B11 -> 0 | D11: MAYO-GALKE | E11: =I11 -> 0 | F11: ='08-08-15'!F11+E11 -> 0 | H11: MAYO-GALKE | I11: 0
A12: GUIDER | B12: =I7 -> 0 | C12: ='08-08-15'!C12+B12 -> 0 | D12: TOUBOURO | E12: =I12 -> 0 | F12: ='08-08-15'!F12+E12 -> 0 | H12: TOUBOURO | I12: 0
A13: GAROUA | B13: =I8 -> 0 | C13: ='08-08-15'!C13+B13 -> 0 | D13: HOME | E13: =I13 -> 0 | F13: ='08-08-15'!F13+E13 -> 0 | H13: HOME | I13: 0
A15: TOTAL JOURNALIER = | C15: =SUM(B9:B13)+SUM(E9:E13) -> 0 | D15: CUMUL GENERAL = | F15: =SUM(C9:C13)+SUM(F9:F13) -> 0 | H15: JOURNEE | I15: 42225
H16: TRANSMISSION | I16: =I15+1 -> 42226
A20: Transmis le : | B20: =I16 -> 42226

Sheet 10-08-15
A1: SODECOTON
H2: TABLEAU DE SAISI
A3: PLUVIOMETRIE JOURNALIERE ET PAR PENTADE | H3: STATION | I3: RELEVES
H4: MAROUA | I4: 0
B5: JOURNEE DU : | D5: =I15 -> 42226 | H5: KAELE | I5: 0
H6: TCHATIBALI | I6: 0
A7: STATION | B7: RELEVES | D7: STATION | E7: RELEVES | H7: GUIDER | I7: 0
B8: JOURNALIER | C8: CUMUL | E8: JOURNALIER | F8: CUMUL | H8: GAROUA | I8: 0
A9: MAROUA | B9: =I4 -> 0 | C9: ='09-08-15'!C9+B9 -> 0 | D9: NGONG | E9: =I9 -> 0 | F9: ='09-08-15'!F9+E9 -> 0 | H9: NGONG | I9: 0
A10: KAELE | B10: =I5 -> 0 | C10: ='09-08-15'!C10+B10 -> 0 | D10: POLI | E10: =I10 -> 0 | F10: ='09-08-15'!F10+E10 -> 0 | H10: POLI | I10: 0
A11: TCHATIBALI | B11: =I6 -> 0 | C11: ='09-08-15'!C11+B11 -> 0 | D11: MAYO-GALKE | E11: =I11 -> 0 | F11: ='09-08-15'!F11+E11 -> 0 | H11: MAYO-GALKE | I11: 0
A12: GUIDER | B12: =I7 -> 0 | C12: ='09-08-15'!C12+B12 -> 0 | D12: TOUBOURO | E12: =I12 -> 0 | F12: ='09-08-15'!F12+E12 -> 0 | H12: TOUBOURO | I12: 0
A13: GAROUA | B13: =I8 -> 0 | C13: ='09-08-15'!C13+B13 -> 0 | D13: HOME | E13: =I13 -> 0 | F13: ='09-08-15'!F13+E13 -> 0 | H13: HOME | I13: 0
A15: TOTAL JOURNALIER = | C15: =SUM(B9:B13)+SUM(E9:E13) -> 0 | D15: CUMUL GENERAL = | F15: =SUM(C9:C13)+SUM(F9:F13) -> 0 | H15: JOURNEE | I15: 42226
H16: TRANSMISSION | I16: =I15+1 -> 42227
A20: Transmis le : | B20: =I16 -> 42227

Sheet 11-08-15
A1: SODECOTON
H2: TABLEAU DE SAISI
A3: PLUVIOMETRIE JOURNALIERE ET PAR PENTADE | H3: STATION | I3: RELEVES
H4: MAROUA | I4: 0
B5: JOURNEE DU : | D5: =I15 -> 42227 | H5: KAELE | I5: 0
H6: TCHATIBALI | I6: 0
A7: STATION | B7: RELEVES | D7: STATION | E7: RELEVES | H7: GUIDER | I7: 0
B8: JOURNALIER | C8: CUMUL | E8: JOURNALIER | F8: CUMUL | H8: GAROUA | I8: 0
A9: MAROUA | B9: =I4 -> 0 | C9: ='10-08-15'!C9+B9 -> 0 | D9: NGONG | E9: =I9 -> 0 | F9: ='10-08-15'!F9+E9 -> 0 | H9: NGONG | I9: 0
A10: KAELE | B10: =I5 -> 0 | C10: ='10-08-15'!C10+B10 -> 0 | D10: POLI | E10: =I10 -> 0 | F10: ='10-08-15'!F10+E10 -> 0 | H10: POLI | I10: 0
A11: TCHATIBALI | B11: =I6 -> 0 | C11: ='10-08-15'!C11+B11 -> 0 | D11: MAYO-GALKE | E11: =I11 -> 0 | F11: ='10-08-15'!F11+E11 -> 0 | H11: MAYO-GALKE | I11: 0
A12: GUIDER | B12: =I7 -> 0 | C12: ='10-08-15'!C12+B12 -> 0 | D12: TOUBOURO | E12: =I12 -> 0 | F12: ='10-08-15'!F12+E12 -> 0 | H12: TOUBOURO | I12: 0
A13: GAROUA | B13: =I8 -> 0 | C13: ='10-08-15'!C13+B13 -> 0 | D13: HOME | E13: =I13 -> 0 | F13: ='10-08-15'!F13+E13 -> 0 | H13: HOME | I13: 0
A15: TOTAL JOURNALIER = | C15: =SUM(B9:B13)+SUM(E9:E13) -> 0 | D15: CUMUL GENERAL = | F15: =SUM(C9:C13)+SUM(F9:F13) -> 0 | H15: JOURNEE | I15: 42227
H16: TRANSMISSION | I16: =I15+1 -> 42228
A20: Transmis le : | B20: =I16 -> 42228

Sheet 12-08-15
A1: SODECOTON
H2: TABLEAU DE SAISI
A3: PLUVIOMETRIE JOURNALIERE ET PAR PENTADE | H3: STATION | I3: RELEVES
H4: MAROUA | I4: 0
B5: JOURNEE DU : | D5: =I15 -> 42228 | H5: KAELE | I5: 0
H6: TCHATIBALI | I6: 0
A7: STATION | B7: RELEVES | D7: STATION | E7: RELEVES | H7: GUIDER | I7: 0
B8: JOURNALIER | C8: CUMUL | E8: JOURNALIER | F8: CUMUL | H8: GAROUA | I8: 0
A9: MAROUA | B9: =I4 -> 0 | C9: ='11-08-15'!C9+B9 -> 0 | D9: NGONG | E9: =I9 -> 0 | F9: ='11-08-15'!F9+E9 -> 0 | H9: NGONG | I9: 0
A10: KAELE | B10: =I5 -> 0 | C10: ='11-08-15'!C10+B10 -> 0 | D10: POLI | E10: =I10 -> 0 | F10: ='11-08-15'!F10+E10 -> 0 | H10: POLI | I10: 0
A11: TCHATIBALI | B11: =I6 -> 0 | C11: ='11-08-15'!C11+B11 -> 0 | D11: MAYO-GALKE | E11: =I11 -> 0 | F11: ='11-08-15'!F11+E11 -> 0 | H11: MAYO-GALKE | I11: 0
A12: GUIDER | B12: =I7 -> 0 | C12: ='11-08-15'!C12+B12 -> 0 | D12: TOUBOURO | E12: =I12 -> 0 | F12: ='11-08-15'!F12+E12 -> 0 | H12: TOUBOURO | I12: 0
A13: GAROUA | B13: =I8 -> 0 | C13: ='11-08-15'!C13+B13 -> 0 | D13: HOME | E13: =I13 -> 0 | F13: ='11-08-15'!F13+E13 -> 0 | H13: HOME | I13: 0
A15: TOTAL JOURNALIER = | C15: =SUM(B9:B13)+SUM(E9:E13) -> 0 | D15: CUMUL GENERAL = | F15: =SUM(C9:C13)+SUM(F9:F13) -> 0 | H15: JOURNEE | I15: 42228
H16: TRANSMISSION | I16: =I15+1 -> 42229
A20: Transmis le : | B20: =I16 -> 42229

Sheet 13-08-15
A1: SODECOTON
H2: TABLEAU DE SAISI
A3: PLUVIOMETRIE JOURNALIERE ET PAR PENTADE | H3: STATION | I3: RELEVES
H4: MAROUA | I4: 0
B5: JOURNEE DU : | D5: =I15 -> 42229 | H5: KAELE | I5: 0
H6: TCHATIBALI | I6: 0
A7: STATION | B7: RELEVES | D7: STATION | E7: RELEVES | H7: GUIDER | I7: 0
B8: JOURNALIER | C8: CUMUL | E8: JOURNALIER | F8: CUMUL | H8: GAROUA | I8: 0
A9: MAROUA | B9: =I4 -> 0 | C9: ='12-08-15'!C9+B9 -> 0 | D9: NGONG | E9: =I9 -> 0 | F9: ='12-08-15'!F9+E9 -> 0 | H9: NGONG | I9: 0
A10: KAELE | B10: =I5 -> 0 | C10: ='12-08-15'!C10+B10 -> 0 | D10: POLI | E10: =I10 -> 0 | F10: ='12-08-15'!F10+E10 -> 0 | H10: POLI | I10: 0
A11: TCHATIBALI | B11: =I6 -> 0 | C11: ='12-08-15'!C11+B11 -> 0 | D11: MAYO-GALKE | E11: =I11 -> 0 | F11: ='12-08-15'!F11+E11 -> 0 | H11: MAYO-GALKE | I11: 0
A12: GUIDER | B12: =I7 -> 0 | C12: ='12-08-15'!C12+B12 -> 0 | D12: TOUBOURO | E12: =I12 -> 0 | F12: ='12-08-15'!F12+E12 -> 0 | H12: TOUBOURO | I12: 0
A13: GAROUA | B13: =I8 -> 0 | C13: ='12-08-15'!C13+B13 -> 0 | D13: HOME | E13: =I13 -> 0 | F13: ='12-08-15'!F13+E13 -> 0 | H13: HOME | I13: 0
A15: TOTAL JOURNALIER = | C15: =SUM(B9:B13)+SUM(E9:E13) -> 0 | D15: CUMUL GENERAL = | F15: =SUM(C9:C13)+SUM(F9:F13) -> 0 | H15: JOURNEE | I15: 42229
H16: TRANSMISSION | I16: =I15+1 -> 42230
A20: Transmis le : | B20: =I16 -> 42230

Sheet 14-08-15
A1: SODECOTON
H2: TABLEAU DE SAISI
A3: PLUVIOMETRIE JOURNALIERE ET PAR PENTADE | H3: STATION | I3: RELEVES
H4: MAROUA | I4: 0
B5: JOURNEE DU : | D5: =I15 -> 42230 | H5: KAELE | I5: 0
H6: TCHATIBALI | I6: 0
A7: STATION | B7: RELEVES | D7: STATION | E7: RELEVES | H7: GUIDER | I7: 0
B8: JOURNALIER | C8: CUMUL | E8: JOURNALIER | F8: CUMUL | H8: GAROUA | I8: 0
A9: MAROUA | B9: =I4 -> 0 | C9: ='13-08-15'!C9+B9 -> 0 | D9: NGONG | E9: =I9 -> 0 | F9: ='13-08-15'!F9+E9 -> 0 | H9: NGONG | I9: 0
A10: KAELE | B10: =I5 -> 0 | C10: ='13-08-15'!C10+B10 -> 0 | D10: POLI | E10: =I10 -> 0 | F10: ='13-08-15'!F10+E10 -> 0 | H10: POLI | I10: 0
A11: TCHATIBALI | B11: =I6 -> 0 | C11: ='13-08-15'!C11+B11 -> 0 | D11: MAYO-GALKE | E11: =I11 -> 0 | F11: ='13-08-15'!F11+E11 -> 0 | H11: MAYO-GALKE | I11: 0
A12: GUIDER | B12: =I7 -> 0 | C12: ='13-08-15'!C12+B12 -> 0 | D12: TOUBOURO | E12: =I12 -> 0 | F12: ='13-08-15'!F12+E12 -> 0 | H12: TOUBOURO | I12: 0
A13: GAROUA | B13: =I8 -> 0 | C13: ='13-08-15'!C13+B13 -> 0 | D13: HOME | E13: =I13 -> 0 | F13: ='13-08-15'!F13+E13 -> 0 | H13: HOME | I13: 0
A15: TOTAL JOURNALIER = | C15: =SUM(B9:B13)+SUM(E9:E13) -> 0 | D15: CUMUL GENERAL = | F15: =SUM(C9:C13)+SUM(F9:F13) -> 0 | H15: JOURNEE | I15: 42230
H16: TRANSMISSION | I16: =I15+1 -> 42231
A20: Transmis le : | B20: =I16 -> 42231

Sheet 15-08-15
A1: SODECOTON
H2: TABLEAU DE SAISI
A3: PLUVIOMETRIE JOURNALIERE ET PAR PENTADE | H3: STATION | I3: RELEVES
H4: MAROUA | I4: 0
B5: JOURNEE DU : | D5: =I15 -> 42231 | H5: KAELE | I5: 0
H6: TCHATIBALI | I6: 0
A7: STATION | B7: RELEVES | D7: STATION | E7: RELEVES | H7: GUIDER | I7: 0
B8: JOURNALIER | C8: CUMUL | E8: JOURNALIER | F8: CUMUL | H8: GAROUA | I8: 0
A9: MAROUA | B9: =I4 -> 0 | C9: ='14-08-15'!C9+B9 -> 0 | D9: NGONG | E9: =I9 -> 0 | F9: ='14-08-15'!F9+E9 -> 0 | H9: NGONG | I9: 0
A10: KAELE | B10: =I5 -> 0 | C10: ='14-08-15'!C10+B10 -> 0 | D10: POLI | E10: =I10 -> 0 | F10: ='14-08-15'!F10+E10 -> 0 | H10: POLI | I10: 0
A11: TCHATIBALI | B11: =I6 -> 0 | C11: ='14-08-15'!C11+B11 -> 0 | D11: MAYO-GALKE | E11: =I11 -> 0 | F11: ='14-08-15'!F11+E11 -> 0 | H11: MAYO-GALKE | I11: 0
A12: GUIDER | B12: =I7 -> 0 | C12: ='14-08-15'!C12+B12 -> 0 | D12: TOUBOURO | E12: =I12 -> 0 | F12: ='14-08-15'!F12+E12 -> 0 | H12: TOUBOURO | I12: 0
A13: GAROUA | B13: =I8 -> 0 | C13: ='14-08-15'!C13+B13 -> 0 | D13: HOME | E13: =I13 -> 0 | F13: ='14-08-15'!F13+E13 -> 0 | H13: HOME | I13: 0
A15: TOTAL JOURNALIER = | C15: =SUM(B9:B13)+SUM(E9:E13) -> 0 | D15: CUMUL GENERAL = | F15: =SUM(C9:C13)+SUM(F9:F13) -> 0 | H15: JOURNEE | I15: 42231
H16: TRANSMISSION | I16: =I15+1 -> 42232
A20: Transmis le : | B20: =I16 -> 42232

Sheet 16-08-15
A1: SODECOTON
H2: TABLEAU DE SAISI
A3: PLUVIOMETRIE JOURNALIERE ET PAR PENTADE | H3: STATION | I3: RELEVES
H4: MAROUA | I4: 0
B5: JOURNEE DU : | D5: =I15 -> 42232 | H5: KAELE | I5: 0
H6: TCHATIBALI | I6: 0
A7: STATION | B7: RELEVES | D7: STATION | E7: RELEVES | H7: GUIDER | I7: 0
B8: JOURNALIER | C8: CUMUL | E8: JOURNALIER | F8: CUMUL | H8: GAROUA | I8: 0
A9: MAROUA | B9: =I4 -> 0 | C9: ='15-08-15'!C9+B9 -> 0 | D9: NGONG | E9: =I9 -> 0 | F9: ='15-08-15'!F9+E9 -> 0 | H9: NGONG | I9: 0
A10: KAELE | B10: =I5 -> 0 | C10: ='15-08-15'!C10+B10 -> 0 | D10: POLI | E10: =I10 -> 0 | F10: ='15-08-15'!F10+E10 -> 0 | H10: POLI | I10: 0
A11: TCHATIBALI | B11: =I6 -> 0 | C11: ='15-08-15'!C11+B11 -> 0 | D11: MAYO-GALKE | E11: =I11 -> 0 | F11: ='15-08-15'!F11+E11 -> 0 | H11: MAYO-GALKE | I11: 0
A12: GUIDER | B12: =I7 -> 0 | C12: ='15-08-15'!C12+B12 -> 0 | D12: TOUBOURO | E12: =I12 -> 0 | F12: ='15-08-15'!F12+E12 -> 0 | H12: TOUBOURO | I12: 0
A13: GAROUA | B13: =I8 -> 0 | C13: ='15-08-15'!C13+B13 -> 0 | D13: HOME | E13: =I13 -> 0 | F13: ='15-08-15'!F13+E13 -> 0 | H13: HOME | I13: 0
A15: TOTAL JOURNALIER = | C15: =SUM(B9:B13)+SUM(E9:E13) -> 0 | D15: CUMUL GENERAL = | F15: =SUM(C9:C13)+SUM(F9:F13) -> 0 | H15: JOURNEE | I15: 42232
H16: TRANSMISSION | I16: =I15+1 -> 42233
A20: Transmis le : | B20: =I16 -> 42233

Sheet 17-08-15
A1: SODECOTON
H2: TABLEAU DE SAISI
A3: PLUVIOMETRIE JOURNALIERE ET PAR PENTADE | H3: STATION | I3: RELEVES
H4: MAROUA | I4: 0
B5: JOURNEE DU : | D5: =I15 -> 42233 | H5: KAELE | I5: 0
H6: TCHATIBALI | I6: 0
A7: STATION | B7: RELEVES | D7: STATION | E7: RELEVES | H7: GUIDER | I7: 0
B8: JOURNALIER | C8: CUMUL | E8: JOURNALIER | F8: CUMUL | H8: GAROUA | I8: 0
A9: MAROUA | B9: =I4 -> 0 | C9: ='16-08-15'!C9+B9 -> 0 | D9: NGONG | E9: =I9 -> 0 | F9: ='16-08-15'!F9+E9 -> 0 | H9: NGONG | I9: 0
A10: KAELE | B10: =I5 -> 0 | C10: ='16-08-15'!C10+B10 -> 0 | D10: POLI | E10: =I10 -> 0 | F10: ='16-08-15'!F10+E10 -> 0 | H10: POLI | I10: 0
A11: TCHATIBALI | B11: =I6 -> 0 | C11: ='16-08-15'!C11+B11 -> 0 | D11: MAYO-GALKE | E11: =I11 -> 0 | F11: ='16-08-15'!F11+E11 -> 0 | H11: MAYO-GALKE | I11: 0
A12: GUIDER | B12: =I7 -> 0 | C12: ='16-08-15'!C12+B12 -> 0 | D12: TOUBOURO | E12: =I12 -> 0 | F12: ='16-08-15'!F12+E12 -> 0 | H12: TOUBOURO | I12: 0
A13: GAROUA | B13: =I8 -> 0 | C13: ='16-08-15'!C13+B13 -> 0 | D13: HOME | E13: =I13 -> 0 | F13: ='16-08-15'!F13+E13 -> 0 | H13: HOME | I13: 0
A15: TOTAL JOURNALIER = | C15: =SUM(B9:B13)+SUM(E9:E13) -> 0 | D15: CUMUL GENERAL = | F15: =SUM(C9:C13)+SUM(F9:F13) -> 0 | H15: JOURNEE | I15: 42233
H16: TRANSMISSION | I16: =I15+1 -> 42234
A20: Transmis le : | B20: =I16 -> 42234

Sheet 18-08-15
A1: SODECOTON
H2: TABLEAU DE SAISI
A3: PLUVIOMETRIE JOURNALIERE ET PAR PENTADE | H3: STATION | I3: RELEVES
H4: MAROUA | I4: 0
B5: JOURNEE DU : | D5: =I15 -> 42234 | H5: KAELE | I5: 0
H6: TCHATIBALI | I6: 0
A7: STATION | B7: RELEVES | D7: STATION | E7: RELEVES | H7: GUIDER | I7: 0
B8: JOURNALIER | C8: CUMUL | E8: JOURNALIER | F8: CUMUL | H8: GAROUA | I8: 0
A9: MAROUA | B9: =I4 -> 0 | C9: ='17-08-15'!C9+B9 -> 0 | D9: NGONG | E9: =I9 -> 0 | F9: ='17-08-15'!F9+E9 -> 0 | H9: NGONG | I9: 0
A10: KAELE | B10: =I5 -> 0 | C10: ='17-08-15'!C10+B10 -> 0 | D10: POLI | E10: =I10 -> 0 | F10: ='17-08-15'!F10+E10 -> 0 | H10: POLI | I10: 0
A11: TCHATIBALI | B11: =I6 -> 0 | C11: ='17-08-15'!C11+B11 -> 0 | D11: MAYO-GALKE | E11: =I11 -> 0 | F11: ='17-08-15'!F11+E11 -> 0 | H11: MAYO-GALKE | I11: 0
A12: GUIDER | B12: =I7 -> 0 | C12: ='17-08-15'!C12+B12 -> 0 | D12: TOUBOURO | E12: =I12 -> 0 | F12: ='17-08-15'!F12+E12 -> 0 | H12: TOUBOURO | I12: 0
A13: GAROUA | B13: =I8 -> 0 | C13: ='17-08-15'!C13+B13 -> 0 | D13: HOME | E13: =I13 -> 0 | F13: ='17-08-15'!F13+E13 -> 0 | H13: HOME | I13: 0
A15: TOTAL JOURNALIER = | C15: =SUM(B9:B13)+SUM(E9:E13) -> 0 | D15: CUMUL GENERAL = | F15: =SUM(C9:C13)+SUM(F9:F13) -> 0 | H15: JOURNEE | I15: 42234
H16: TRANSMISSION | I16: =I15+1 -> 42235
A20: Transmis le : | B20: =I16 -> 42235

Sheet 19-08-15
A1: SODECOTON
H2: TABLEAU DE SAISI
A3: PLUVIOMETRIE JOURNALIERE ET PAR PENTADE | H3: STATION | I3: RELEVES
H4: MAROUA | I4: 0
B5: JOURNEE DU : | D5: =I15 -> 42235 | H5: KAELE | I5: 0
H6: TCHATIBALI | I6: 0
A7: STATION | B7: RELEVES | D7: STATION | E7: RELEVES | H7: GUIDER | I7: 0
B8: JOURNALIER | C8: CUMUL | E8: JOURNALIER | F8: CUMUL | H8: GAROUA | I8: 0
A9: MAROUA | B9: =I4 -> 0 | C9: ='18-08-15'!C9+B9 -> 0 | D9: NGONG | E9: =I9 -> 0 | F9: ='18-08-15'!F9+E9 -> 0 | H9: NGONG | I9: 0
A10: KAELE | B10: =I5 -> 0 | C10: ='18-08-15'!C10+B10 -> 0 | D10: POLI | E10: =I10 -> 0 | F10: ='18-08-15'!F10+E10 -> 0 | H10: POLI | I10: 0
A11: TCHATIBALI | B11: =I6 -> 0 | C11: ='18-08-15'!C11+B11 -> 0 | D11: MAYO-GALKE | E11: =I11 -> 0 | F11: ='18-08-15'!F11+E11 -> 0 | H11: MAYO-GALKE | I11: 0
A12: GUIDER | B12: =I7 -> 0 | C12: ='18-08-15'!C12+B12 -> 0 | D12: TOUBOURO | E12: =I12 -> 0 | F12: ='18-08-15'!F12+E12 -> 0 | H12: TOUBOURO | I12: 0
A13: GAROUA | B13: =I8 -> 0 | C13: ='18-08-15'!C13+B13 -> 0 | D13: HOME | E13: =I13 -> 0 | F13: ='18-08-15'!F13+E13 -> 0 | H13: HOME | I13: 0
A15: TOTAL JOURNALIER = | C15: =SUM(B9:B13)+SUM(E9:E13) -> 0 | D15: CUMUL GENERAL = | F15: =SUM(C9:C13)+SUM(F9:F13) -> 0 | H15: JOURNEE | I15: 42235
H16: TRANSMISSION | I16: =I15+1 -> 42236
A20: Transmis le : | B20: =I16 -> 42236

Sheet 20-08-15
A1: SODECOTON
H2: TABLEAU DE SAISI
A3: PLUVIOMETRIE JOURNALIERE ET PAR PENTADE | H3: STATION | I3: RELEVES
H4: MAROUA | I4: 0
B5: JOURNEE DU : | D5: =I15 -> 42236 | H5: KAELE | I5: 0
H6: TCHATIBALI | I6: 0
A7: STATION | B7: RELEVES | D7: STATION | E7: RELEVES | H7: GUIDER | I7: 0
B8: JOURNALIER | C8: CUMUL | E8: JOURNALIER | F8: CUMUL | H8: GAROUA | I8: 0
A9: MAROUA | B9: =I4 -> 0 | C9: ='19-08-15'!C9+B9 -> 0 | D9: NGONG | E9: =I9 -> 0 | F9: ='19-08-15'!F9+E9 -> 0 | H9: NGONG | I9: 0
A10: KAELE | B10: =I5 -> 0 | C10: ='19-08-15'!C10+B10 -> 0 | D10: POLI | E10: =I10 -> 0 | F10: ='19-08-15'!F10+E10 -> 0 | H10: POLI | I10: 0
A11: TCHATIBALI | B11: =I6 -> 0 | C11: ='19-08-15'!C11+B11 -> 0 | D11: MAYO-GALKE | E11: =I11 -> 0 | F11: ='19-08-15'!F11+E11 -> 0 | H11: MAYO-GALKE | I11: 0
A12: GUIDER | B12: =I7 -> 0 | C12: ='19-08-15'!C12+B12 -> 0 | D12: TOUBOURO | E12: =I12 -> 0 | F12: ='19-08-15'!F12+E12 -> 0 | H12: TOUBOURO | I12: 0
A13: GAROUA | B13: =I8 -> 0 | C13: ='19-08-15'!C13+B13 -> 0 | D13: HOME | E13: =I13 -> 0 | F13: ='19-08-15'!F13+E13 -> 0 | H13: HOME | I13: 0
A15: TOTAL JOURNALIER = | C15: =SUM(B9:B13)+SUM(E9:E13) -> 0 | D15: CUMUL GENERAL = | F15: =SUM(C9:C13)+SUM(F9:F13) -> 0 | H15: JOURNEE | I15: 42236
H16: TRANSMISSION | I16: =I15+1 -> 42237
A20: Transmis le : | B20: =I16 -> 42237

Sheet 21-08-15
A1: SODECOTON
H2: TABLEAU DE SAISI
A3: PLUVIOMETRIE JOURNALIERE ET PAR PENTADE | H3: STATION | I3: RELEVES
H4: MAROUA | I4: 0
B5: JOURNEE DU : | D5: =I15 -> 42237 | H5: KAELE | I5: 0
H6: TCHATIBALI | I6: 0
A7: STATION | B7: RELEVES | D7: STATION | E7: RELEVES | H7: GUIDER | I7: 0
B8: JOURNALIER | C8: CUMUL | E8: JOURNALIER | F8: CUMUL | H8: GAROUA | I8: 0
A9: MAROUA | B9: =I4 -> 0 | C9: ='20-08-15'!C9+B9 -> 0 | D9: NGONG | E9: =I9 -> 0 | F9: ='20-08-15'!F9+E9 -> 0 | H9: NGONG | I9: 0
A10: KAELE | B10: =I5 -> 0 | C10: ='20-08-15'!C10+B10 -> 0 | D10: POLI | E10: =I10 -> 0 | F10: ='20-08-15'!F10+E10 -> 0 | H10: POLI | I10: 0
A11: TCHATIBALI | B11: =I6 -> 0 | C11: ='20-08-15'!C11+B11 -> 0 | D11: MAYO-GALKE | E11: =I11 -> 0 | F11: ='20-08-15'!F11+E11 -> 0 | H11: MAYO-GALKE | I11: 0
A12: GUIDER | B12: =I7 -> 0 | C12: ='20-08-15'!C12+B12 -> 0 | D12: TOUBOURO | E12: =I12 -> 0 | F12: ='20-08-15'!F12+E12 -> 0 | H12: TOUBOURO | I12: 0
A13: GAROUA | B13: =I8 -> 0 | C13: ='20-08-15'!C13+B13 -> 0 | D13: HOME | E13: =I13 -> 0 | F13: ='20-08-15'!F13+E13 -> 0 | H13: HOME | I13: 0
A15: TOTAL JOURNALIER = | C15: =SUM(B9:B13)+SUM(E9:E13) -> 0 | D15: CUMUL GENERAL = | F15: =SUM(C9:C13)+SUM(F9:F13) -> 0 | H15: JOURNEE | I15: 42237
H16: TRANSMISSION | I16: =I15+1 -> 42238
A20: Transmis le : | B20: =I16 -> 42238

Sheet 22-08-15
A1: SODECOTON
H2: TABLEAU DE SAISI
A3: PLUVIOMETRIE JOURNALIERE ET PAR PENTADE | H3: STATION | I3: RELEVES
H4: MAROUA | I4: 0
B5: JOURNEE DU : | D5: =I15 -> 42238 | H5: KAELE | I5: 0
H6: TCHATIBALI | I6: 0
A7: STATION | B7: RELEVES | D7: STATION | E7: RELEVES | H7: GUIDER | I7: 0
B8: JOURNALIER | C8: CUMUL | E8: JOURNALIER | F8: CUMUL | H8: GAROUA | I8: 0
A9: MAROUA | B9: =I4 -> 0 | C9: ='21-08-15'!C9+B9 -> 0 | D9: NGONG | E9: =I9 -> 0 | F9: ='21-08-15'!F9+E9 -> 0 | H9: NGONG | I9: 0
A10: KAELE | B10: =I5 -> 0 | C10: ='21-08-15'!C10+B10 -> 0 | D10: POLI | E10: =I10 -> 0 | F10: ='21-08-15'!F10+E10 -> 0 | H10: POLI | I10: 0
A11: TCHATIBALI | B11: =I6 -> 0 | C11: ='21-08-15'!C11+B11 -> 0 | D11: MAYO-GALKE | E11: =I11 -> 0 | F11: ='21-08-15'!F11+E11 -> 0 | H11: MAYO-GALKE | I11: 0
A12: GUIDER | B12: =I7 -> 0 | C12: ='21-08-15'!C12+B12 -> 0 | D12: TOUBOURO | E12: =I12 -> 0 | F12: ='21-08-15'!F12+E12 -> 0 | H12: TOUBOURO | I12: 0
A13: GAROUA | B13: =I8 -> 0 | C13: ='21-08-15'!C13+B13 -> 0 | D13: HOME | E13: =I13 -> 0 | F13: ='21-08-15'!F13+E13 -> 0 | H13: HOME | I13: 0
A15: TOTAL JOURNALIER = | C15: =SUM(B9:B13)+SUM(E9:E13) -> 0 | D15: CUMUL GENERAL = | F15: =SUM(C9:C13)+SUM(F9:F13) -> 0 | H15: JOURNEE | I15: 42238
H16: TRANSMISSION | I16: =I15+1 -> 42239
A20: Transmis le : | B20: =I16 -> 42239

Sheet 23-08-15
A1: SODECOTON
H2: TABLEAU DE SAISI
A3: PLUVIOMETRIE JOURNALIERE ET PAR PENTADE | H3: STATION | I3: RELEVES
H4: MAROUA | I4: 0
B5: JOURNEE DU : | D5: =I15 -> 42239 | H5: KAELE | I5: 0
H6: TCHATIBALI | I6: 0
A7: STATION | B7: RELEVES | D7: STATION | E7: RELEVES | H7: GUIDER | I7: 0
B8: JOURNALIER | C8: CUMUL | E8: JOURNALIER | F8: CUMUL | H8: GAROUA | I8: 0
A9: MAROUA | B9: =I4 -> 0 | C9: ='22-08-15'!C9+B9 -> 0 | D9: NGONG | E9: =I9 -> 0 | F9: ='22-08-15'!F9+E9 -> 0 | H9: NGONG | I9: 0
A10: KAELE | B10: =I5 -> 0 | C10: ='22-08-15'!C10+B10 -> 0 | D10: POLI | E10: =I10 -> 0 | F10: ='22-08-15'!F10+E10 -> 0 | H10: POLI | I10: 0
A11: TCHATIBALI | B11: =I6 -> 0 | C11: ='22-08-15'!C11+B11 -> 0 | D11: MAYO-GALKE | E11: =I11 -> 0 | F11: ='22-08-15'!F11+E11 -> 0 | H11: MAYO-GALKE | I11: 0
A12: GUIDER | B12: =I7 -> 0 | C12: ='22-08-15'!C12+B12 -> 0 | D12: TOUBOURO | E12: =I12 -> 0 | F12: ='22-08-15'!F12+E12 -> 0 | H12: TOUBOURO | I12: 0
A13: GAROUA | B13: =I8 -> 0 | C13: ='22-08-15'!C13+B13 -> 0 | D13: HOME | E13: =I13 -> 0 | F13: ='22-08-15'!F13+E13 -> 0 | H13: HOME | I13: 0
