Workbook

Sheet 26-03-14
A1: SODECOTON
H2: TABLEAU DE SAISI
A3: PLUVIOMETRIE JOURNALIERE ET PAR PENTADE | H3: STATION | I3: RELEVES
H4: MAROUA | I4: 0
B5: JOURNEE DU : | D5: =I15 -> 41724 | H5: KAELE | I5: 0
H6: TCHATIBALI | I6: 0
A7: STATION | B7: RELEVES | D7: STATION | E7: RELEVES | H7: GUIDER | I7: 0
B8: JOURNALIER | C8: CUMUL | E8: JOURNALIER | F8: CUMUL | H8: GAROUA | I8: 1
A9: MAROUA | B9: =I4 -> 0 | C9: =B9 -> 0 | D9: NGONG | E9: =I9 -> 0 | F9: =E9 -> 0 | H9: NGONG | I9: 0
A10: KAELE | B10: =I5 -> 0 | C10: =B10 -> 0 | D10: POLI | E10: =I10 -> 11 | F10: =E10 -> 11 | H10: POLI | I10: 11
A11: TCHATIBALI | B11: =I6 -> 0 | C11: =B11 -> 0 | D11: MAYO-GALKE | E11: =I11 -> 22 | F11: =E11 -> 22 | H11: MAYO-GALKE | I11: 22
A12: GUIDER | B12: =I7 -> 0 | C12: =B12 -> 0 | D12: TOUBOURO | E12: =I12 -> 8 | F12: =E12 -> 8 | H12: TOUBOURO | I12: 8
A13: GAROUA | B13: =I8 -> 1 | C13: =B13 -> 1 | D13: HOME | E13: =I13 -> 4 | F13: =E13 -> 4 | H13: HOME | I13: 4
A15: TOTAL JOURNALIER = | C15: =SUM(B9:B13)+SUM(E9:E13) -> 46 | D15: CUMUL GENERAL = | F15: =SUM(C9:C13)+SUM(F9:F13) -> 46 | H15: JOURNEE | I15: 41724
H16: TRANSMISSION | I16: =I15+1 -> 41725
A20: Transmis le : | B20: =I16 -> 41725

Sheet 27-03-14
A1: SODECOTON
H2: TABLEAU DE SAISI
A3: PLUVIOMETRIE JOURNALIERE ET PAR PENTADE | H3: STATION | I3: RELEVES
H4: MAROUA | I4: 2
B5: JOURNEE DU : | D5: =I15 -> 41725 | H5: KAELE | I5: 3
H6: TCHATIBALI | I6: 0
A7: STATION | B7: RELEVES | D7: STATION | E7: RELEVES | H7: GUIDER | I7: 7
B8: JOURNALIER | C8: CUMUL | E8: JOURNALIER | F8: CUMUL | H8: GAROUA | I8: 2
A9: MAROUA | B9: =I4 -> 2 | C9: ='26-03-14'!C9+B9 -> 2 | D9: NGONG | E9: =I9 -> 0 | F9: ='26-03-14'!F9+E9 -> 0 | H9: NGONG | I9: 0
A10: KAELE | B10: =I5 -> 3 | C10: ='26-03-14'!C10+B10 -> 3 | D10: POLI | E10: =I10 -> 4 | F10: ='26-03-14'!F10+E10 -> 15 | H10: POLI | I10: 4
A11: TCHATIBALI | B11: =I6 -> 0 | C11: ='26-03-14'!C11+B11 -> 0 | D11: MAYO-GALKE | E11: =I11 -> 0 | F11: ='26-03-14'!F11+E11 -> 22 | H11: MAYO-GALKE | I11: 0
A12: GUIDER | B12: =I7 -> 7 | C12: ='26-03-14'!C12+B12 -> 7 | D12: TOUBOURO | E12: =I12 -> 0 | F12: ='26-03-14'!F12+E12 -> 8 | H12: TOUBOURO | I12: 0
A13: GAROUA | B13: =I8 -> 2 | C13: ='26-03-14'!C13+B13 -> 3 | D13: HOME | E13: =I13 -> 0 | F13: ='26-03-14'!F13+E13 -> 4 | H13: HOME | I13: 0
A15: TOTAL JOURNALIER = | C15: =SUM(B9:B13)+SUM(E9:E13) -> 18 | D15: CUMUL GENERAL = | F15: =SUM(C9:C13)+SUM(F9:F13) -> 64 | H15: JOURNEE | I15: 41725
H16: TRANSMISSION | I16: =I15+1 -> 41726
A20: Transmis le : | B20: =I16 -> 41726

Sheet 28-03-14
A1: SODECOTON
H2: TABLEAU DE SAISI
A3: PLUVIOMETRIE JOURNALIERE ET PAR PENTADE | H3: STATION | I3: RELEVES
H4: MAROUA | I4: 0
B5: JOURNEE DU : | D5: =I15 -> 41726 | H5: KAELE | I5: 2
H6: TCHATIBALI | I6: 0
A7: STATION | B7: RELEVES | D7: STATION | E7: RELEVES | H7: GUIDER | I7: 4
B8: JOURNALIER | C8: CUMUL | E8: JOURNALIER | F8: CUMUL | H8: GAROUA | I8: 0
A9: MAROUA | B9: =I4 -> 0 | C9: ='27-03-14'!C9+B9 -> 2 | D9: NGONG | E9: =I9 -> 0 | F9: ='27-03-14'!F9+E9 -> 0 | H9: NGONG | I9: 0
A10: KAELE | B10: =I5 -> 2 | C10: ='27-03-14'!C10+B10 -> 5 | D10: POLI | E10: =I10 -> 0 | F10: ='27-03-14'!F10+E10 -> 15 | H10: POLI | I10: 0
A11: TCHATIBALI | B11: =I6 -> 0 | C11: ='27-03-14'!C11+B11 -> 0 | D11: MAYO-GALKE | E11: =I11 -> 0 | F11: ='27-03-14'!F11+E11 -> 22 | H11: MAYO-GALKE | I11: 0
A12: GUIDER | B12: =I7 -> 4 | C12: ='27-03-14'!C12+B12 -> 11 | D12: TOUBOURO | E12: =I12 -> 0 | F12: ='27-03-14'!F12+E12 -> 8 | H12: TOUBOURO | I12: 0
A13: GAROUA | B13: =I8 -> 0 | C13: ='27-03-14'!C13+B13 -> 3 | D13: HOME | E13: =I13 -> 0 | F13: ='27-03-14'!F13+E13 -> 4 | H13: HOME | I13: 0
A15: TOTAL JOURNALIER = | C15: =SUM(B9:B13)+SUM(E9:E13) -> 6 | D15: CUMUL GENERAL = | F15: =SUM(C9:C13)+SUM(F9:F13) -> 70 | H15: JOURNEE | I15: 41726
H16: TRANSMISSION | I16: =I15+1 -> 41727
A20: Transmis le : | B20: =I16 -> 41727

Sheet 29-03-14
A1: SODECOTON
H2: TABLEAU DE SAISI
A3: PLUVIOMETRIE JOURNALIERE ET PAR PENTADE | H3: STATION | I3: RELEVES
H4: MAROUA | I4: 0
B5: JOURNEE DU : | D5: =I15 -> 41727 | H5: KAELE | I5: 3
H6: TCHATIBALI | I6: 10
A7: STATION | B7: RELEVES | D7: STATION | E7: RELEVES | H7: GUIDER | I7: 0
B8: JOURNALIER | C8: CUMUL | E8: JOURNALIER | F8: CUMUL | H8: GAROUA | I8: 11
A9: MAROUA | B9: =I4 -> 0 | C9: ='28-03-14'!C9+B9 -> 2 | D9: NGONG | E9: =I9 -> 6 | F9: ='28-03-14'!F9+E9 -> 6 | H9: NGONG | I9: 6
A10: KAELE | B10: =I5 -> 3 | C10: ='28-03-14'!C10+B10 -> 8 | D10: POLI | E10: =I10 -> 0 | F10: ='28-03-14'!F10+E10 -> 15 | H10: POLI | I10: 0
A11: TCHATIBALI | B11: =I6 -> 10 | C11: ='28-03-14'!C11+B11 -> 10 | D11: MAYO-GALKE | E11: =I11 -> 9 | F11: ='28-03-14'!F11+E11 -> 31 | H11: MAYO-GALKE | I11: 9
A12: GUIDER | B12: =I7 -> 0 | C12: ='28-03-14'!C12+B12 -> 11 | D12: TOUBOURO | E12: =I12 -> 0 | F12: ='28-03-14'!F12+E12 -> 8 | H12: TOUBOURO | I12: 0
A13: GAROUA | B13: =I8 -> 11 | C13: ='28-03-14'!C13+B13 -> 14 | D13: HOME | E13: =I13 -> 0 | F13: ='28-03-14'!F13+E13 -> 4 | H13: HOME | I13: 0
A15: TOTAL JOURNALIER = | C15: =SUM(B9:B13)+SUM(E9:E13) -> 39 | D15: CUMUL GENERAL = | F15: =SUM(C9:C13)+SUM(F9:F13) -> 109 | H15: JOURNEE | I15: 41727
H16: TRANSMISSION | I16: =I15+1 -> 41728
A20: Transmis le : | B20: =I16 -> 41728

Sheet 30-03-14
A1: SODECOTON
H2: TABLEAU DE SAISI
A3: PLUVIOMETRIE JOURNALIERE ET PAR PENTADE | H3: STATION | I3: RELEVES
H4: MAROUA | I4: 0
B5: JOURNEE DU : | D5: =I15 -> 41728 | H5: KAELE | I5: 0
H6: TCHATIBALI | I6: 0
A7: STATION | B7: RELEVES | D7: STATION | E7: RELEVES | H7: GUIDER | I7: 0
B8: JOURNALIER | C8: CUMUL | E8: JOURNALIER | F8: CUMUL | H8: GAROUA | I8: 1
A9: MAROUA | B9: =I4 -> 0 | C9: ='29-03-14'!C9+B9 -> 2 | D9: NGONG | E9: =I9 -> 0 | F9: ='29-03-14'!F9+E9 -> 6 | H9: NGONG | I9: 0
A10: KAELE | B10: =I5 -> 0 | C10: ='29-03-14'!C10+B10 -> 8 | D10: POLI | E10: =I10 -> 43 | F10: ='29-03-14'!F10+E10 -> 58 | H10: POLI | I10: 43
A11: TCHATIBALI | B11: =I6 -> 0 | C11: ='29-03-14'!C11+B11 -> 10 | D11: MAYO-GALKE | E11: =I11 -> 0 | F11: ='29-03-14'!F11+E11 -> 31 | H11: MAYO-GALKE | I11: 0
A12: GUIDER | B12: =I7 -> 0 | C12: ='29-03-14'!C12+B12 -> 11 | D12: TOUBOURO | E12: =I12 -> 2 | F12: ='29-03-14'!F12+E12 -> 10 | H12: TOUBOURO | I12: 2
A13: GAROUA | B13: =I8 -> 1 | C13: ='29-03-14'!C13+B13 -> 15 | D13: HOME | E13: =I13 -> 23 | F13: ='29-03-14'!F13+E13 -> 27 | H13: HOME | I13: 23
A15: TOTAL JOURNALIER = | C15: =SUM(B9:B13)+SUM(E9:E13) -> 69 | D15: CUMUL GENERAL = | F15: =SUM(C9:C13)+SUM(F9:F13) -> 178 | H15: JOURNEE | I15: 41728
H16: TRANSMISSION | I16: =I15+1 -> 41729
A20: Transmis le : | B20: =I16 -> 41729

Sheet 31-03-14
A1: SODECOTON
H2: TABLEAU DE SAISI
A3: PLUVIOMETRIE JOURNALIERE ET PAR PENTADE | H3: STATION | I3: RELEVES
H4: MAROUA | I4: 0
B5: JOURNEE DU : | D5: =I15 -> 41729 | H5: KAELE | I5: 0
H6: TCHATIBALI | I6: 0
A7: STATION | B7: RELEVES | D7: STATION | E7: RELEVES | H7: GUIDER | I7: 0
B8: JOURNALIER | C8: CUMUL | E8: JOURNALIER | F8: CUMUL | H8: GAROUA | I8: 0
A9: MAROUA | B9: =I4 -> 0 | C9: ='30-03-14'!C9+B9 -> 2 | D9: NGONG | E9: =I9 -> 0 | F9: ='30-03-14'!F9+E9 -> 6 | H9: NGONG | I9: 0
A10: KAELE | B10: =I5 -> 0 | C10: ='30-03-14'!C10+B10 -> 8 | D10: POLI | E10: =I10 -> 0 | F10: ='30-03-14'!F10+E10 -> 58 | H10: POLI | I10: 0
A11: TCHATIBALI | B11: =I6 -> 0 | C11: ='30-03-14'!C11+B11 -> 10 | D11: MAYO-GALKE | E11: =I11 -> 0 | F11: ='30-03-14'!F11+E11 -> 31 | H11: MAYO-GALKE | I11: 0
A12: GUIDER | B12: =I7 -> 0 | C12: ='30-03-14'!C12+B12 -> 11 | D12: TOUBOURO | E12: =I12 -> 0 | F12: ='30-03-14'!F12+E12 -> 10 | H12: TOUBOURO | I12: 0
A13: GAROUA | B13: =I8 -> 0 | C13: ='30-03-14'!C13+B13 -> 15 | D13: HOME | E13: =I13 -> 0 | F13: ='30-03-14'!F13+E13 -> 27 | H13: HOME | I13: 0
A15: TOTAL JOURNALIER = | C15: =SUM(B9:B13)+SUM(E9:E13) -> 0 | D15: CUMUL GENERAL = | F15: =SUM(C9:C13)+SUM(F9:F13) -> 178 | H15: JOURNEE | I15: 41729
H16: TRANSMISSION | I16: =I15+1 -> 41730
A20: Transmis le : | B20: =I16 -> 41730

Sheet 01-04-14
A1: SODECOTON
H2: TABLEAU DE SAISI
A3: PLUVIOMETRIE JOURNALIERE ET PAR PENTADE | H3: STATION | I3: RELEVES
H4: MAROUA | I4: 0
B5: JOURNEE DU : | D5: =I15 -> 41730 | H5: KAELE | I5: 0
H6: TCHATIBALI | I6: 0
A7: STATION | B7: RELEVES | D7: STATION | E7: RELEVES | H7: GUIDER | I7: 0
B8: JOURNALIER | C8: CUMUL | E8: JOURNALIER | F8: CUMUL | H8: GAROUA | I8: 0
A9: MAROUA | B9: =I4 -> 0 | C9: ='31-03-14'!C9+B9 -> 2 | D9: NGONG | E9: =I9 -> 0 | F9: ='31-03-14'!F9+E9 -> 6 | H9: NGONG | I9: 0
A10: KAELE | B10: =I5 -> 0 | C10: ='31-03-14'!C10+B10 -> 8 | D10: POLI | E10: =I10 -> 0 | F10: ='31-03-14'!F10+E10 -> 58 | H10: POLI | I10: 0
A11: TCHATIBALI | B11: =I6 -> 0 | C11: ='31-03-14'!C11+B11 -> 10 | D11: MAYO-GALKE | E11: =I11 -> 0 | F11: ='31-03-14'!F11+E11 -> 31 | H11: MAYO-GALKE | I11: 0
A12: GUIDER | B12: =I7 -> 0 | C12: ='31-03-14'!C12+B12 -> 11 | D12: TOUBOURO | E12: =I12 -> 0 | F12: ='31-03-14'!F12+E12 -> 10 | H12: TOUBOURO | I12: 0
A13: GAROUA | B13: =I8 -> 0 | C13: ='31-03-14'!C13+B13 -> 15 | D13: HOME | E13: =I13 -> 0 | F13: ='31-03-14'!F13+E13 -> 27 | H13: HOME | I13: 0
A15: TOTAL JOURNALIER = | C15: =SUM(B9:B13)+SUM(E9:E13) -> 0 | D15: CUMUL GENERAL = | F15: =SUM(C9:C13)+SUM(F9:F13) -> 178 | H15: JOURNEE | I15: 41730
H16: TRANSMISSION | I16: =I15+1 -> 41731
A20: Transmis le : | B20: =I16 -> 41731

Sheet 02-04-14
A1: SODECOTON
H2: TABLEAU DE SAISI
A3: PLUVIOMETRIE JOURNALIERE ET PAR PENTADE | H3: STATION | I3: RELEVES
H4: MAROUA | I4: 0
B5: JOURNEE DU : | D5: =I15 -> 41731 | H5: KAELE | I5: 0
H6: TCHATIBALI | I6: 0
A7: STATION | B7: RELEVES | D7: STATION | E7: RELEVES | H7: GUIDER | I7: 0
B8: JOURNALIER | C8: CUMUL | E8: JOURNALIER | F8: CUMUL | H8: GAROUA | I8: 0
A9: MAROUA | B9: =I4 -> 0 | C9: ='01-04-14'!C9+B9 -> 2 | D9: NGONG | E9: =I9 -> 0 | F9: ='01-04-14'!F9+E9 -> 6 | H9: NGONG | I9: 0
A10: KAELE | B10: =I5 -> 0 | C10: ='01-04-14'!C10+B10 -> 8 | D10: POLI | E10: =I10 -> 0 | F10: ='01-04-14'!F10+E10 -> 58 | H10: POLI | I10: 0
A11: TCHATIBALI | B11: =I6 -> 0 | C11: ='01-04-14'!C11+B11 -> 10 | D11: MAYO-GALKE | E11: =I11 -> 0 | F11: ='01-04-14'!F11+E11 -> 31 | H11: MAYO-GALKE | I11: 0
A12: GUIDER | B12: =I7 -> 0 | C12: ='01-04-14'!C12+B12 -> 11 | D12: TOUBOURO | E12: =I12 -> 0 | F12: ='01-04-14'!F12+E12 -> 10 | H12: TOUBOURO | I12: 0
A13: GAROUA | B13: =I8 -> 0 | C13: ='01-04-14'!C13+B13 -> 15 | D13: HOME | E13: =I13 -> 0 | F13: ='01-04-14'!F13+E13 -> 27 | H13: HOME | I13: 0
A15: TOTAL JOURNALIER = | C15: =SUM(B9:B13)+SUM(E9:E13) -> 0 | D15: CUMUL GENERAL = | F15: =SUM(C9:C13)+SUM(F9:F13) -> 178 | H15: JOURNEE | I15: 41731
H16: TRANSMISSION | I16: =I15+1 -> 41732
A20: Transmis le : | B20: =I16 -> 41732

Sheet 03-04-14
A1: SODECOTON
H2: TABLEAU DE SAISI
A3: PLUVIOMETRIE JOURNALIERE ET PAR PENTADE | H3: STATION | I3: RELEVES
H4: MAROUA | I4: 0
B5: JOURNEE DU : | D5: =I15 -> 41732 | H5: KAELE | I5: 0
H6: TCHATIBALI | I6: 0
A7: STATION | B7: RELEVES | D7: STATION | E7: RELEVES | H7: GUIDER | I7: 0
B8: JOURNALIER | C8: CUMUL | E8: JOURNALIER | F8: CUMUL | H8: GAROUA | I8: 0
A9: MAROUA | B9: =I4 -> 0 | C9: ='02-04-14'!C9+B9 -> 2 | D9: NGONG | E9: =I9 -> 0 | F9: ='02-04-14'!F9+E9 -> 6 | H9: NGONG | I9: 0
A10: KAELE | B10: =I5 -> 0 | C10: ='02-04-14'!C10+B10 -> 8 | D10: POLI | E10: =I10 -> 0 | F10: ='02-04-14'!F10+E10 -> 58 | H10: POLI | I10: 0
A11: TCHATIBALI | B11: =I6 -> 0 | C11: ='02-04-14'!C11+B11 -> 10 | D11: MAYO-GALKE | E11: =I11 -> 0 | F11: ='02-04-14'!F11+E11 -> 31 | H11: MAYO-GALKE | I11: 0
A12: GUIDER | B12: =I7 -> 0 | C12: ='02-04-14'!C12+B12 -> 11 | D12: TOUBOURO | E12: =I12 -> 0 | F12: ='02-04-14'!F12+E12 -> 10 | H12: TOUBOURO | I12: 0
A13: GAROUA | B13: =I8 -> 0 | C13: ='02-04-14'!C13+B13 -> 15 | D13: HOME | E13: =I13 -> 0 | F13: ='02-04-14'!F13+E13 -> 27 | H13: HOME | I13: 0
A15: TOTAL JOURNALIER = | C15: =SUM(B9:B13)+SUM(E9:E13) -> 0 | D15: CUMUL GENERAL = | F15: =SUM(C9:C13)+SUM(F9:F13) -> 178 | H15: JOURNEE | I15: 41732
H16: TRANSMISSION | I16: =I15+1 -> 41733
A20: Transmis le : | B20: =I16 -> 41733

Sheet 04-04-14
A1: SODECOTON
H2: TABLEAU DE SAISI
A3: PLUVIOMETRIE JOURNALIERE ET PAR PENTADE | H3: STATION | I3: RELEVES
H4: MAROUA | I4: 0
B5: JOURNEE DU : | D5: =I15 -> 41733 | H5: KAELE | I5: 0
H6: TCHATIBALI | I6: 0
A7: STATION | B7: RELEVES | D7: STATION | E7: RELEVES | H7: GUIDER | I7: 0
B8: JOURNALIER | C8: CUMUL | E8: JOURNALIER | F8: CUMUL | H8: GAROUA | I8: 0
A9: MAROUA | B9: =I4 -> 0 | C9: ='03-04-14'!C9+B9 -> 2 | D9: NGONG | E9: =I9 -> 0 | F9: ='03-04-14'!F9+E9 -> 6 | H9: NGONG | I9: 0
A10: KAELE | B10: =I5 -> 0 | C10: ='03-04-14'!C10+B10 -> 8 | D10: POLI | E10: =I10 -> 0 | F10: ='03-04-14'!F10+E10 -> 58 | H10: POLI | I10: 0
A11: TCHATIBALI | B11: =I6 -> 0 | C11: ='03-04-14'!C11+B11 -> 10 | D11: MAYO-GALKE | E11: =I11 -> 0 | F11: ='03-04-14'!F11+E11 -> 31 | H11: MAYO-GALKE | I11: 0
A12: GUIDER | B12: =I7 -> 0 | C12: ='03-04-14'!C12+B12 -> 11 | D12: TOUBOURO | E12: =I12 -> 0 | F12: ='03-04-14'!F12+E12 -> 10 | H12: TOUBOURO | I12: 0
A13: GAROUA | B13: =I8 -> 0 | C13: ='03-04-14'!C13+B13 -> 15 | D13: HOME | E13: =I13 -> 0 | F13: ='03-04-14'!F13+E13 -> 27 | H13: HOME | I13: 0
A15: TOTAL JOURNALIER = | C15: =SUM(B9:B13)+SUM(E9:E13) -> 0 | D15: CUMUL GENERAL = | F15: =SUM(C9:C13)+SUM(F9:F13) -> 178 | H15: JOURNEE | I15: 41733
H16: TRANSMISSION | I16: =I15+1 -> 41734
A20: Transmis le : | B20: =I16 -> 41734

Sheet 05-04-14
A1: SODECOTON
H2: TABLEAU DE SAISI
A3: PLUVIOMETRIE JOURNALIERE ET PAR PENTADE | H3: STATION | I3: RELEVES
H4: MAROUA | I4: 0
B5: JOURNEE DU : | D5: =I15 -> 41734 | H5: KAELE | I5: 0
H6: TCHATIBALI | I6: 0
A7: STATION | B7: RELEVES | D7: STATION | E7: RELEVES | H7: GUIDER | I7: 0
B8: JOURNALIER | C8: CUMUL | E8: JOURNALIER | F8: CUMUL | H8: GAROUA | I8: 0
A9: MAROUA | B9: =I4 -> 0 | C9: ='04-04-14'!C9+B9 -> 2 | D9: NGONG | E9: =I9 -> 0 | F9: ='04-04-14'!F9+E9 -> 6 | H9: NGONG | I9: 0
A10: KAELE | B10: =I5 -> 0 | C10: ='04-04-14'!C10+B10 -> 8 | D10: POLI | E10: =I10 -> 0 | F10: ='04-04-14'!F10+E10 -> 58 | H10: POLI | I10: 0
A11: TCHATIBALI | B11: =I6 -> 0 | C11: ='04-04-14'!C11+B11 -> 10 | D11: MAYO-GALKE | E11: =I11 -> 0 | F11: ='04-04-14'!F11+E11 -> 31 | H11: MAYO-GALKE | I11: 0
A12: GUIDER | B12: =I7 -> 0 | C12: ='04-04-14'!C12+B12 -> 11 | D12: TOUBOURO | E12: =I12 -> 0 | F12: ='04-04-14'!F12+E12 -> 10 | H12: TOUBOURO | I12: 0
A13: GAROUA | B13: =I8 -> 0 | C13: ='04-04-14'!C13+B13 -> 15 | D13: HOME | E13: =I13 -> 0 | F13: ='04-04-14'!F13+E13 -> 27 | H13: HOME | I13: 0
A15: TOTAL JOURNALIER = | C15: =SUM(B9:B13)+SUM(E9:E13) -> 0 | D15: CUMUL GENERAL = | F15: =SUM(C9:C13)+SUM(F9:F13) -> 178 | H15: JOURNEE | I15: 41734
H16: TRANSMISSION | I16: =I15+1 -> 41735
A20: Transmis le : | B20: =I16 -> 41735

Sheet 06-04-14
A1: SODECOTON
H2: TABLEAU DE SAISI
A3: PLUVIOMETRIE JOURNALIERE ET PAR PENTADE | H3: STATION | I3: RELEVES
H4: MAROUA | I4: 0
B5: JOURNEE DU : | D5: =I15 -> 41735 | H5: KAELE | I5: 0
H6: TCHATIBALI | I6: 0
A7: STATION | B7: RELEVES | D7: STATION | E7: RELEVES | H7: GUIDER | I7: 0
B8: JOURNALIER | C8: CUMUL | E8: JOURNALIER | F8: CUMUL | H8: GAROUA | I8: 0
A9: MAROUA | B9: =I4 -> 0 | C9: ='05-04-14'!C9+B9 -> 2 | D9: NGONG | E9: =I9 -> 0 | F9: ='05-04-14'!F9+E9 -> 6 | H9: NGONG | I9: 0
A10: KAELE | B10: =I5 -> 0 | C10: ='05-04-14'!C10+B10 -> 8 | D10: POLI | E10: =I10 -> 0 | F10: ='05-04-14'!F10+E10 -> 58 | H10: POLI | I10: 0
A11: TCHATIBALI | B11: =I6 -> 0 | C11: ='05-04-14'!C11+B11 -> 10 | D11: MAYO-GALKE | E11: =I11 -> 0 | F11: ='05-04-14'!F11+E11 -> 31 | H11: MAYO-GALKE | I11: 0
A12: GUIDER | B12: =I7 -> 0 | C12: ='05-04-14'!C12+B12 -> 11 | D12: TOUBOURO | E12: =I12 -> 0 | F12: ='05-04-14'!F12+E12 -> 10 | H12: TOUBOURO | I12: 0
A13: GAROUA | B13: =I8 -> 0 | C13: ='05-04-14'!C13+B13 -> 15 | D13: HOME | E13: =I13 -> 0 | F13: ='05-04-14'!F13+E13 -> 27 | H13: HOME | I13: 0
A15: TOTAL JOURNALIER = | C15: =SUM(B9:B13)+SUM(E9:E13) -> 0 | D15: CUMUL GENERAL = | F15: =SUM(C9:C13)+SUM(F9:F13) -> 178 | H15: JOURNEE | I15: 41735
H16: TRANSMISSION | I16: =I15+1 -> 41736
A20: Transmis le : | B20: =I16 -> 41736

Sheet 07-04-14
A1: SODECOTON
H2: TABLEAU DE SAISI
A3: PLUVIOMETRIE JOURNALIERE ET PAR PENTADE | H3: STATION | I3: RELEVES
H4: MAROUA | I4: 0
B5: JOURNEE DU : | D5: =I15 -> 41736 | H5: KAELE | I5: 0
H6: TCHATIBALI | I6: 0
A7: STATION | B7: RELEVES | D7: STATION | E7: RELEVES | H7: GUIDER | I7: 0
B8: JOURNALIER | C8: CUMUL | E8: JOURNALIER | F8: CUMUL | H8: GAROUA | I8: 0
A9: MAROUA | B9: =I4 -> 0 | C9: ='06-04-14'!C9+B9 -> 2 | D9: NGONG | E9: =I9 -> 0 | F9: ='06-04-14'!F9+E9 -> 6 | H9: NGONG | I9: 0
A10: KAELE | B10: =I5 -> 0 | C10: ='06-04-14'!C10+B10 -> 8 | D10: POLI | E10: =I10 -> 0 | F10: ='06-04-14'!F10+E10 -> 58 | H10: POLI | I10: 0
A11: TCHATIBALI | B11: =I6 -> 0 | C11: ='06-04-14'!C11+B11 -> 10 | D11: MAYO-GALKE | E11: =I11 -> 0 | F11: ='06-04-14'!F11+E11 -> 31 | H11: MAYO-GALKE | I11: 0
A12: GUIDER | B12: =I7 -> 0 | C12: ='06-04-14'!C12+B12 -> 11 | D12: TOUBOURO | E12: =I12 -> 0 | F12: ='06-04-14'!F12+E12 -> 10 | H12: TOUBOURO | I12: 0
A13: GAROUA | B13: =I8 -> 0 | C13: ='06-04-14'!C13+B13 -> 15 | D13: HOME | E13: =I13 -> 0 | F13: ='06-04-14'!F13+E13 -> 27 | H13: HOME | I13: 0
A15: TOTAL JOURNALIER = | C15: =SUM(B9:B13)+SUM(E9:E13) -> 0 | D15: CUMUL GENERAL = | F15: =SUM(C9:C13)+SUM(F9:F13) -> 178 | H15: JOURNEE | I15: 41736
H16: TRANSMISSION | I16: =I15+1 -> 41737
A20: Transmis le : | B20: =I16 -> 41737

Sheet 08-04-14
A1: SODECOTON
H2: TABLEAU DE SAISI
A3: PLUVIOMETRIE JOURNALIERE ET PAR PENTADE | H3: STATION | I3: RELEVES
H4: MAROUA | I4: 0
B5: JOURNEE DU : | D5: =I15 -> 41737 | H5: KAELE | I5: 0
H6: TCHATIBALI | I6: 0
A7: STATION | B7: RELEVES | D7: STATION | E7: RELEVES | H7: GUIDER | I7: 0
B8: JOURNALIER | C8: CUMUL | E8: JOURNALIER | F8: CUMUL | H8: GAROUA | I8: 0
A9: MAROUA | B9: =I4 -> 0 | C9: ='07-04-14'!C9+B9 -> 2 | D9: NGONG | E9: =I9 -> 0 | F9: ='07-04-14'!F9+E9 -> 6 | H9: NGONG | I9: 0
A10: KAELE | B10: =I5 -> 0 | C10: ='07-04-14'!C10+B10 -> 8 | D10: POLI | E10: =I10 -> 0 | F10: ='07-04-14'!F10+E10 -> 58 | H10: POLI | I10: 0
A11: TCHATIBALI | B11: =I6 -> 0 | C11: ='07-04-14'!C11+B11 -> 10 | D11: MAYO-GALKE | E11: =I11 -> 0 | F11: ='07-04-14'!F11+E11 -> 31 | H11: MAYO-GALKE | I11: 0
A12: GUIDER | B12: =I7 -> 0 | C12: ='07-04-14'!C12+B12 -> 11 | D12: TOUBOURO | E12: =I12 -> 0 | F12: ='07-04-14'!F12+E12 -> 10 | H12: TOUBOURO | I12: 0
A13: GAROUA | B13: =I8 -> 0 | C13: ='07-04-14'!C13+B13 -> 15 | D13: HOME | E13: =I13 -> 0 | F13: ='07-04-14'!F13+E13 -> 27 | H13: HOME | I13: 0
A15: TOTAL JOURNALIER = | C15: =SUM(B9:B13)+SUM(E9:E13) -> 0 | D15: CUMUL GENERAL = | F15: =SUM(C9:C13)+SUM(F9:F13) -> 178 | H15: JOURNEE | I15: 41737
H16: TRANSMISSION | I16: =I15+1 -> 41738
A20: Transmis le : | B20: =I16 -> 41738

Sheet 09-04-14
A1: SODECOTON
H2: TABLEAU DE SAISI
A3: PLUVIOMETRIE JOURNALIERE ET PAR PENTADE | H3: STATION | I3: RELEVES
H4: MAROUA | I4: 0
B5: JOURNEE DU : | D5: =I15 -> 41738 | H5: KAELE | I5: 0
H6: TCHATIBALI | I6: 0
A7: STATION | B7: RELEVES | D7: STATION | E7: RELEVES | H7: GUIDER | I7: 0
B8: JOURNALIER | C8: CUMUL | E8: JOURNALIER | F8: CUMUL | H8: GAROUA | I8: 0
A9: MAROUA | B9: =I4 -> 0 | C9: ='08-04-14'!C9+B9 -> 2 | D9: NGONG | E9: =I9 -> 0 | F9: ='08-04-14'!F9+E9 -> 6 | H9: NGONG | I9: 0
A10: KAELE | B10: =I5 -> 0 | C10: ='08-04-14'!C10+B10 -> 8 | D10: POLI | E10: =I10 -> 0 | F10: ='08-04-14'!F10+E10 -> 58 | H10: POLI | I10: 0
A11: TCHATIBALI | B11: =I6 -> 0 | C11: ='08-04-14'!C11+B11 -> 10 | D11: MAYO-GALKE | E11: =I11 -> 0 | F11: ='08-04-14'!F11+E11 -> 31 | H11: MAYO-GALKE | I11: 0
A12: GUIDER | B12: =I7 -> 0 | C12: ='08-04-14'!C12+B12 -> 11 | D12: TOUBOURO | E12: =I12 -> 0 | F12: ='08-04-14'!F12+E12 -> 10 | H12: TOUBOURO | I12: 0
A13: GAROUA | B13: =I8 -> 0 | C13: ='08-04-14'!C13+B13 -> 15 | D13: HOME | E13: =I13 -> 0 | F13: ='08-04-14'!F13+E13 -> 27 | H13: HOME | I13: 0
A15: TOTAL JOURNALIER = | C15: =SUM(B9:B13)+SUM(E9:E13) -> 0 | D15: CUMUL GENERAL = | F15: =SUM(C9:C13)+SUM(F9:F13) -> 178 | H15: JOURNEE | I15: 41738
H16: TRANSMISSION | I16: =I15+1 -> 41739
A20: Transmis le : | B20: =I16 -> 41739

Sheet 10-04-14
A1: SODECOTON
H2: TABLEAU DE SAISI
A3: PLUVIOMETRIE JOURNALIERE ET PAR PENTADE | H3: STATION | I3: RELEVES
H4: MAROUA | I4: 0
B5: JOURNEE DU : | D5: =I15 -> 41739 | H5: KAELE | I5: 0
H6: TCHATIBALI | I6: 0
A7: STATION | B7: RELEVES | D7: STATION | E7: RELEVES | H7: GUIDER | I7: 0
B8: JOURNALIER | C8: CUMUL | E8: JOURNALIER | F8: CUMUL | H8: GAROUA | I8: 0
A9: MAROUA | B9: =I4 -> 0 | C9: ='09-04-14'!C9+B9 -> 2 | D9: NGONG | E9: =I9 -> 0 | F9: ='09-04-14'!F9+E9 -> 6 | H9: NGONG | I9: 0
A10: KAELE | B10: =I5 -> 0 | C10: ='09-04-14'!C10+B10 -> 8 | D10: POLI | E10: =I10 -> 0 | F10: ='09-04-14'!F10+E10 -> 58 | H10: POLI | I10: 0
A11: TCHATIBALI | B11: =I6 -> 0 | C11: ='09-04-14'!C11+B11 -> 10 | D11: MAYO-GALKE | E11: =I11 -> 0 | F11: ='09-04-14'!F11+E11 -> 31 | H11: MAYO-GALKE | I11: 0
A12: GUIDER | B12: =I7 -> 0 | C12: ='09-04-14'!C12+B12 -> 11 | D12: TOUBOURO | E12: =I12 -> 0 | F12: ='09-04-14'!F12+E12 -> 10 | H12: TOUBOURO | I12: 0
A13: GAROUA | B13: =I8 -> 0 | C13: ='09-04-14'!C13+B13 -> 15 | D13: HOME | E13: =I13 -> 0 | F13: ='09-04-14'!F13+E13 -> 27 | H13: HOME | I13: 0
A15: TOTAL JOURNALIER = | C15: =SUM(B9:B13)+SUM(E9:E13) -> 0 | D15: CUMUL GENERAL = | F15: =SUM(C9:C13)+SUM(F9:F13) -> 178 | H15: JOURNEE | I15: 41739
H16: TRANSMISSION | I16: =I15+1 -> 41740
A20: Transmis le : | B20: =I16 -> 41740

Sheet 11-04-14
A1: SODECOTON
H2: TABLEAU DE SAISI
A3: PLUVIOMETRIE JOURNALIERE ET PAR PENTADE | H3: STATION | I3: RELEVES
H4: MAROUA | I4: 0
B5: JOURNEE DU : | D5: =I15 -> 41740 | H5: KAELE | I5: 0
H6: TCHATIBALI | I6: 0
A7: STATION | B7: RELEVES | D7: STATION | E7: RELEVES | H7: GUIDER | I7: 0
B8: JOURNALIER | C8: CUMUL | E8: JOURNALIER | F8: CUMUL | H8: GAROUA | I8: 0
A9: MAROUA | B9: =I4 -> 0 | C9: ='10-04-14'!C9+B9 -> 2 | D9: NGONG | E9: =I9 -> 0 | F9: ='10-04-14'!F9+E9 -> 6 | H9: NGONG | I9: 0
A10: KAELE | B10: =I5 -> 0 | C10: ='10-04-14'!C10+B10 -> 8 | D10: POLI | E10: =I10 -> 0 | F10: ='10-04-14'!F10+E10 -> 58 | H10: POLI | I10: 0
A11: TCHATIBALI | B11: =I6 -> 0 | C11: ='10-04-14'!C11+B11 -> 10 | D11: MAYO-GALKE | E11: =I11 -> 0 | F11: ='10-04-14'!F11+E11 -> 31 | H11: MAYO-GALKE | I11: 0
A12: GUIDER | B12: =I7 -> 0 | C12: ='10-04-14'!C12+B12 -> 11 | D12: TOUBOURO | E12: =I12 -> 0 | F12: ='10-04-14'!F12+E12 -> 10 | H12: TOUBOURO | I12: 0
A13: GAROUA | B13: =I8 -> 0 | C13: ='10-04-14'!C13+B13 -> 15 | D13: HOME | E13: =I13 -> 2 | F13: ='10-04-14'!F13+E13 -> 29 | H13: HOME | I13: 2
A15: TOTAL JOURNALIER = | C15: =SUM(B9:B13)+SUM(E9:E13) -> 2 | D15: CUMUL GENERAL = | F15: =SUM(C9:C13)+SUM(F9:F13) -> 180 | H15: JOURNEE | I15: 41740
H16: TRANSMISSION | I16: =I15+1 -> 41741
A20: Transmis le : | B20: =I16 -> 41741

Sheet 12-04-14
A1: SODECOTON
H2: TABLEAU DE SAISI
A3: PLUVIOMETRIE JOURNALIERE ET PAR PENTADE | H3: STATION | I3: RELEVES
H4: MAROUA | I4: 0
B5: JOURNEE DU : | D5: =I15 -> 41741 | H5: KAELE | I5: 0
H6: TCHATIBALI | I6: 0
A7: STATION | B7: RELEVES | D7: STATION | E7: RELEVES | H7: GUIDER | I7: 0
B8: JOURNALIER | C8: CUMUL | E8: JOURNALIER | F8: CUMUL | H8: GAROUA | I8: 0
A9: MAROUA | B9: =I4 -> 0 | C9: ='11-04-14'!C9+B9 -> 2 | D9: NGONG | E9: =I9 -> 0 | F9: ='11-04-14'!F9+E9 -> 6 | H9: NGONG | I9: 0
A10: KAELE | B10: =I5 -> 0 | C10: ='11-04-14'!C10+B10 -> 8 | D10: POLI | E10: =I10 -> 5 | F10: ='11-04-14'!F10+E10 -> 63 | H10: POLI | I10: 5
A11: TCHATIBALI | B11: =I6 -> 0 | C11: ='11-04-14'!C11+B11 -> 10 | D11: MAYO-GALKE | E11: =I11 -> 0 | F11: ='11-04-14'!F11+E11 -> 31 | H11: MAYO-GALKE | I11: 0
A12: GUIDER | B12: =I7 -> 0 | C12: ='11-04-14'!C12+B12 -> 11 | D12: TOUBOURO | E12: =I12 -> 0 | F12: ='11-04-14'!F12+E12 -> 10 | H12: TOUBOURO | I12: 0
A13: GAROUA | B13: =I8 -> 0 | C13: ='11-04-14'!C13+B13 -> 15 | D13: HOME | E13: =I13 -> 0 | F13: ='11-04-14'!F13+E13 -> 29 | H13: HOME | I13: 0
A15: TOTAL JOURNALIER = | C15: =SUM(B9:B13)+SUM(E9:E13) -> 5 | D15: CUMUL GENERAL = | F15: =SUM(C9:C13)+SUM(F9:F13) -> 185 | H15: JOURNEE | I15: 41741
H16: TRANSMISSION | I16: =I15+1 -> 41742
A20: Transmis le : | B20: =I16 -> 41742

Sheet 13-04-14
A1: SODECOTON
H2: TABLEAU DE SAISI
A3: PLUVIOMETRIE JOURNALIERE ET PAR PENTADE | H3: STATION | I3: RELEVES
H4: MAROUA | I4: 0
B5: JOURNEE DU : | D5: =I15 -> 41742 | H5: KAELE | I5: 0
H6: TCHATIBALI | I6: 0
A7: STATION | B7: RELEVES | D7: STATION | E7: RELEVES | H7: GUIDER | I7: 0
B8: JOURNALIER | C8: CUMUL | E8: JOURNALIER | F8: CUMUL | H8: GAROUA | I8: 0
A9: MAROUA | B9: =I4 -> 0 | C9: ='12-04-14'!C9+B9 -> 2 | D9: NGONG | E9: =I9 -> 0 | F9: ='12-04-14'!F9+E9 -> 6 | H9: NGONG | I9: 0
A10: KAELE | B10: =I5 -> 0 | C10: ='12-04-14'!C10+B10 -> 8 | D10: POLI | E10: =I10 -> 0 | F10: ='12-04-14'!F10+E10 -> 63 | H10: POLI | I10: 0
A11: TCHATIBALI | B11: =I6 -> 0 | C11: ='12-04-14'!C11+B11 -> 10 | D11: MAYO-GALKE | E11: =I11 -> 0 | F11: ='12-04-14'!F11+E11 -> 31 | H11: MAYO-GALKE | I11: 0
A12: GUIDER | B12: =I7 -> 0 | C12: ='12-04-14'!C12+B12 -> 11 | D12: TOUBOURO | E12: =I12 -> 0 | F12: ='12-04-14'!F12+E12 -> 10 | H12: TOUBOURO | I12: 0
A13: GAROUA | B13: =I8 -> 0 | C13: ='12-04-14'!C13+B13 -> 15 | D13: HOME | E13: =I13 -> 0 | F13: ='12-04-14'!F13+E13 -> 29 | H13: HOME | I13: 0
A15: TOTAL JOURNALIER = | C15: =SUM(B9:B13)+SUM(E9:E13) -> 0 | D15: CUMUL GENERAL = | F15: =SUM(C9:C13)+SUM(F9:F13) -> 185 | H15: JOURNEE | I15: 41742
H16: TRANSMISSION | I16: =I15+1 -> 41743
A20: Transmis le : | B20: =I16 -> 41743

Sheet 14-04-14
A1: SODECOTON
H2: TABLEAU DE SAISI
A3: PLUVIOMETRIE JOURNALIERE ET PAR PENTADE | H3: STATION | I3: RELEVES
H4: MAROUA | I4: 0
B5: JOURNEE DU : | D5: =I15 -> 41743 | H5: KAELE | I5: 0
H6: TCHATIBALI | I6: 0
A7: STATION | B7: RELEVES | D7: STATION | E7: RELEVES | H7: GUIDER | I7: 0
B8: JOURNALIER | C8: CUMUL | E8: JOURNALIER | F8: CUMUL | H8: GAROUA | I8: 0
A9: MAROUA | B9: =I4 -> 0 | C9: ='13-04-14'!C9+B9 -> 2 | D9: NGONG | E9: =I9 -> 0 | F9: ='13-04-14'!F9+E9 -> 6 | H9: NGONG | I9: 0
A10: KAELE | B10: =I5 -> 0 | C10: ='13-04-14'!C10+B10 -> 8 | D10: POLI | E10: =I10 -> 0 | F10: ='13-04-14'!F10+E10 -> 63 | H10: POLI | I10: 0
A11: TCHATIBALI | B11: =I6 -> 0 | C11: ='13-04-14'!C11+B11 -> 10 | D11: MAYO-GALKE | E11: =I11 -> 0 | F11: ='13-04-14'!F11+E11 -> 31 | H11: MAYO-GALKE | I11: 0
A12: GUIDER | B12: =I7 -> 0 | C12: ='13-04-14'!C12+B12 -> 11 | D12: TOUBOURO | E12: =I12 -> 0 | F12: ='13-04-14'!F12+E12 -> 10 | H12: TOUBOURO | I12: 0
A13: GAROUA | B13: =I8 -> 0 | C13: ='13-04-14'!C13+B13 -> 15 | D13: HOME | E13: =I13 -> 0 | F13: ='13-04-14'!F13+E13 -> 29 | H13: HOME | I13: 0
A15: TOTAL JOURNALIER = | C15: =SUM(B9:B13)+SUM(E9:E13) -> 0 | D15: CUMUL GENERAL = | F15: =SUM(C9:C13)+SUM(F9:F13) -> 185 | H15: JOURNEE | I15: 41743
H16: TRANSMISSION | I16: =I15+1 -> 41744
A20: Transmis le : | B20: =I16 -> 41744

Sheet 15-04-14
A1: SODECOTON
H2: TABLEAU DE SAISI
A3: PLUVIOMETRIE JOURNALIERE ET PAR PENTADE | H3: STATION | I3: RELEVES
H4: MAROUA | I4: 0
B5: JOURNEE DU : | D5: =I15 -> 41744 | H5: KAELE | I5: 0
H6: TCHATIBALI | I6: 0
A7: STATION | B7: RELEVES | D7: STATION | E7: RELEVES | H7: GUIDER | I7: 0
B8: JOURNALIER | C8: CUMUL | E8: JOURNALIER | F8: CUMUL | H8: GAROUA | I8: 0
A9: MAROUA | B9: =I4 -> 0 | C9: ='14-04-14'!C9+B9 -> 2 | D9: NGONG | E9: =I9 -> 0 | F9: ='14-04-14'!F9+E9 -> 6 | H9: NGONG | I9: 0
A10: KAELE | B10: =I5 -> 0 | C10: ='14-04-14'!C10+B10 -> 8 | D10: POLI | E10: =I10 -> 0 | F10: ='14-04-14'!F10+E10 -> 63 | H10: POLI | I10: 0
A11: TCHATIBALI | B11: =I6 -> 0 | C11: ='14-04-14'!C11+B11 -> 10 | D11: MAYO-GALKE | E11: =I11 -> 3 | F11: ='14-04-14'!F11+E11 -> 34 | H11: MAYO-GALKE | I11: 3
A12: GUIDER | B12: =I7 -> 0 | C12: ='14-04-14'!C12+B12 -> 11 | D12: TOUBOURO | E12: =I12 -> 0 | F12: ='14-04-14'!F12+E12 -> 10 | H12: TOUBOURO | I12: 0
A13: GAROUA | B13: =I8 -> 0 | C13: ='14-04-14'!C13+B13 -> 15 | D13: HOME | E13: =I13 -> 10 | F13: ='14-04-14'!F13+E13 -> 39 | H13: HOME | I13: 10
A15: TOTAL JOURNALIER = | C15: =SUM(B9:B13)+SUM(E9:E13) -> 13 | D15: CUMUL GENERAL = | F15: =SUM(C9:C13)+SUM(F9:F13) -> 198 | H15: JOURNEE | I15: 41744
H16: TRANSMISSION | I16: =I15+1 -> 41745
A20: Transmis le : | B20: =I16 -> 41745

Sheet 16-04-14
A1: SODECOTON
H2: TABLEAU DE SAISI
A3: PLUVIOMETRIE JOURNALIERE ET PAR PENTADE | H3: STATION | I3: RELEVES
H4: MAROUA | I4: 0
B5: JOURNEE DU : | D5: =I15 -> 41745 | H5: KAELE | I5: 0
H6: TCHATIBALI | I6: 0
A7: STATION | B7: RELEVES | D7: STATION | E7: RELEVES | H7: GUIDER | I7: 0
B8: JOURNALIER | C8: CUMUL | E8: JOURNALIER | F8: CUMUL | H8: GAROUA | I8: 0
A9: MAROUA | B9: =I4 -> 0 | C9: ='15-04-14'!C9+B9 -> 2 | D9: NGONG | E9: =I9 -> 0 | F9: ='15-04-14'!F9+E9 -> 6 | H9: NGONG | I9: 0
A10: KAELE | B10: =I5 -> 0 | C10: ='15-04-14'!C10+B10 -> 8 | D10: POLI | E10: =I10 -> 0 | F10: ='15-04-14'!F10+E10 -> 63 | H10: POLI | I10: 0
A11: TCHATIBALI | B11: =I6 -> 0 | C11: ='15-04-14'!C11+B11 -> 10 | D11: MAYO-GALKE | E11: =I11 -> 0 | F11: ='15-04-14'!F11+E11 -> 34 | H11: MAYO-GALKE | I11: 0
A12: GUIDER | B12: =I7 -> 0 | C12: ='15-04-14'!C12+B12 -> 11 | D12: TOUBOURO | E12: =I12 -> 0 | F12: ='15-04-14'!F12+E12 -> 10 | H12: TOUBOURO | I12: 0
A13: GAROUA | B13: =I8 -> 0 | C13: ='15-04-14'!C13+B13 -> 15 | D13: HOME | E13: =I13 -> 0 | F13: ='15-04-14'!F13+E13 -> 39 | H13: HOME | I13: 0
A15: TOTAL JOURNALIER = | C15: =SUM(B9:B13)+SUM(E9:E13) -> 0 | D15: CUMUL GENERAL = | F15: =SUM(C9:C13)+SUM(F9:F13) -> 198 | H15: JOURNEE | I15: 41745
H16: TRANSMISSION | I16: =I15+1 -> 41746
A20: Transmis le : | B20: =I16 -> 41746

Sheet 17-04-14
A1: SODECOTON
H2: TABLEAU DE SAISI
A3: PLUVIOMETRIE JOURNALIERE ET PAR PENTADE | H3: STATION | I3: RELEVES
H4: MAROUA | I4: 11
B5: JOURNEE DU : | D5: =I15 -> 41746 | H5: KAELE | I5: 0
H6: TCHATIBALI | I6: 0
A7: STATION | B7: RELEVES | D7: STATION | E7: RELEVES | H7: GUIDER | I7: 0
B8: JOURNALIER | C8: CUMUL | E8: JOURNALIER | F8: CUMUL | H8: GAROUA | I8: 0
A9: MAROUA | B9: =I4 -> 11 | C9: ='16-04-14'!C9+B9 -> 13 | D9: NGONG | E9: =I9 -> 0 | F9: ='16-04-14'!F9+E9 -> 6 | H9: NGONG | I9: 0
A10: KAELE | B10: =I5 -> 0 | C10: ='16-04-14'!C10+B10 -> 8 | D10: POLI | E10: =I10 -> 1 | F10: ='16-04-14'!F10+E10 -> 64 | H10: POLI | I10: 1
A11: TCHATIBALI | B11: =I6 -> 0 | C11: ='16-04-14'!C11+B11 -> 10 | D11: MAYO-GALKE | E11: =I11 -> 0 | F11: ='16-04-14'!F11+E11 -> 34 | H11: MAYO-GALKE | I11: 0
A12: GUIDER | B12: =I7 -> 0 | C12: ='16-04-14'!C12+B12 -> 11 | D12: TOUBOURO | E12: =I12 -> 0 | F12: ='16-04-14'!F12+E12 -> 10 | H12: TOUBOURO | I12: 0
A13: GAROUA | B13: =I8 -> 0 | C13: ='16-04-14'!C13+B13 -> 15 | D13: HOME | E13: =I13 -> 0 | F13: ='16-04-14'!F13+E13 -> 39 | H13: HOME | I13: 0
A15: TOTAL JOURNALIER = | C15: =SUM(B9:B13)+SUM(E9:E13) -> 12 | D15: CUMUL GENERAL = | F15: =SUM(C9:C13)+SUM(F9:F13) -> 210 | H15: JOURNEE | I15: 41746
H16: TRANSMISSION | I16: =I15+1 -> 41747
A20: Transmis le : | B20: =I16 -> 41747

Sheet 18-04-14
A1: SODECOTON
H2: TABLEAU DE SAISI
A3: PLUVIOMETRIE JOURNALIERE ET PAR PENTADE | H3: STATION | I3: RELEVES
H4: MAROUA | I4: 0
B5: JOURNEE DU : | D5: =I15 -> 41747 | H5: KAELE | I5: 0
H6: TCHATIBALI | I6: 0
A7: STATION | B7: RELEVES | D7: STATION | E7: RELEVES | H7: GUIDER | I7: 0
B8: JOURNALIER | C8: CUMUL | E8: JOURNALIER | F8: CUMUL | H8: GAROUA | I8: 0
A9: MAROUA | B9: =I4 -> 0 | C9: ='17-04-14'!C9+B9 -> 13 | D9: NGONG | E9: =I9 -> 0 | F9: ='17-04-14'!F9+E9 -> 6 | H9: NGONG | I9: 0
A10: KAELE | B10: =I5 -> 0 | C10: ='17-04-14'!C10+B10 -> 8 | D10: POLI | E10: =I10 -> 11 | F10: ='17-04-14'!F10+E10 -> 75 | H10: POLI | I10: 11
A11: TCHATIBALI | B11: =I6 -> 0 | C11: ='17-04-14'!C11+B11 -> 10 | D11: MAYO-GALKE | E11: =I11 -> 0 | F11: ='17-04-14'!F11+E11 -> 34 | H11: MAYO-GALKE | I11: 0
A12: GUIDER | B12: =I7 -> 0 | C12: ='17-04-14'!C12+B12 -> 11 | D12: TOUBOURO | E12: =I12 -> 0 | F12: ='17-04-14'!F12+E12 -> 10 | H12: TOUBOURO | I12: 0
A13: GAROUA | B13: =I8 -> 0 | C13: ='17-04-14'!C13+B13 -> 15 | D13: HOME | E13: =I13 -> 0 | F13: ='17-04-14'!F13+E13 -> 39 | H13: HOME | I13: 0
A15: TOTAL JOURNALIER = | C15: =SUM(B9:B13)+SUM(E9:E13) -> 11 | D15: CUMUL GENERAL = | F15: =SUM(C9:C13)+SUM(F9:F13) -> 221 | H15: JOURNEE | I15: 41747
H16: TRANSMISSION | I16: =I15+1 -> 41748
A20: Transmis le : | B20: =I16 -> 41748

Sheet 19-04-14
A1: SODECOTON
H2: TABLEAU DE SAISI
A3: PLUVIOMETRIE JOURNALIERE ET PAR PENTADE | H3: STATION | I3: RELEVES
H4: MAROUA | I4: 1
B5: JOURNEE DU : | D5: =I15 -> 0 | H5: KAELE | I5: 2
H6: TCHATIBALI | I6: 1
A7: STATION | B7: RELEVES | D7: STATION | E7: RELEVES | H7: GUIDER | I7: 9
B8: JOURNALIER | C8: CUMUL | E8: JOURNALIER | F8: CUMUL | H8: GAROUA | I8: 30
A9: MAROUA | B9: =I4 -> 1 | C9: ='18-04-14'!C9+B9 -> 14 | D9: NGONG | E9: =I9 -> 0 | F9: ='18-04-14'!F9+E9 -> 6 | H9: NGONG | I9: 0
A10: KAELE | B10: =I5 -> 2 | C10: ='18-04-14'!C10+B10 -> 10 | D10: POLI | E10: =I10 -> 0 | F10: ='18-04-14'!F10+E10 -> 75 | H10: POLI | I10: 0
A11: TCHATIBALI | B11: =I6 -> 1 | C11: ='18-04-14'!C11+B11 -> 11 | D11: MAYO-GALKE | E11: =I11 -> 2 | F11: ='18-04-14'!F11+E11 -> 36 | H11: MAYO-GALKE | I11: 2
A12: GUIDER | B12: =I7 -> 9 | C12: ='18-04-14'!C12+B12 -> 20 | D12: TOUBOURO | E12: =I12 -> 0 | F12: ='18-04-14'!F12+E12 -> 10 | H12: TOUBOURO | I12: 0
A13: GAROUA | B13: =I8 -> 30 | C13: ='18-04-14'!C13+B13 -> 45 | D13: HOME | E13: =I13 -> 1 | F13: ='18-04-14'!F13+E13 -> 40 | H13: HOME | I13: 1
A15: TOTAL JOURNALIER = | C15: =SUM(B9:B13)+SUM(E9:E13) -> 46 | D15: CUMUL GENERAL = | F15: =SUM(C9:C13)+SUM(F9:F13) -> 267 | H15: JOURNEE
H16: TRANSMISSION | I16: =I15+1 -> 1
A20: Transmis le : | B20: =I16 -> 1

Sheet 20-04-14
A1: SODECOTON
H2: TABLEAU DE SAISI
A3: PLUVIOMETRIE JOURNALIERE ET PAR PENTADE | H3: STATION | I3: RELEVES
H4: MAROUA | I4: 0
B5: JOURNEE DU : | D5: =I15 -> 41749 | H5: KAELE | I5: 0
H6: TCHATIBALI | I6: 2
A7: STATION | B7: RELEVES | D7: STATION | E7: RELEVES | H7: GUIDER | I7: 0
B8: JOURNALIER | C8: CUMUL | E8: JOURNALIER | F8: CUMUL | H8: GAROUA | I8: 0
A9: MAROUA | B9: =I4 -> 0 | C9: ='19-04-14'!C9+B9 -> 14 | D9: NGONG | E9: =I9 -> 0 | F9: ='19-04-14'!F9+E9 -> 6 | H9: NGONG | I9: 0
A10: KAELE | B10: =I5 -> 0 | C10: ='19-04-14'!C10+B10 -> 10 | D10: POLI | E10: =I10 -> 10 | F10: ='19-04-14'!F10+E10 -> 85 | H10: POLI | I10: 10
A11: TCHATIBALI | B11: =I6 -> 2 | C11: ='19-04-14'!C11+B11 -> 13 | D11: MAYO-GALKE | E11: =I11 -> 14 | F11: ='19-04-14'!F11+E11 -> 50 | H11: MAYO-GALKE | I11: 14
A12: GUIDER | B12: =I7 -> 0 | C12: ='19-04-14'!C12+B12 -> 20 | D12: TOUBOURO | E12: =I12 -> 0 | F12: ='19-04-14'!F12+E12 -> 10 | H12: TOUBOURO | I12: 0
A13: GAROUA | B13: =I8 -> 0 | C13: ='19-04-14'!C13+B13 -> 45 | D13: HOME | E13: =I13 -> 9 | F13: ='19-04-14'!F13+E13 -> 49 | H13: HOME | I13: 9
A15: TOTAL JOURNALIER = | C15: =SUM(B9:B13)+SUM(E9:E13) -> 35 | D15: CUMUL GENERAL = | F15: =SUM(C9:C13)+SUM(F9:F13) -> 302 | H15: JOURNEE | I15: 41749
H16: TRANSMISSION | I16: =I15+1 -> 41750
A20: Transmis le : | B20: =I16 -> 41750

Sheet 21-04-14
A1: SODECOTON
H2: TABLEAU DE SAISI
A3: PLUVIOMETRIE JOURNALIERE ET PAR PENTADE | H3: STATION | I3: RELEVES
H4: MAROUA | I4: 0
B5: JOURNEE DU : | D5: =I15 -> 41750 | H5: KAELE | I5: 0
H6: TCHATIBALI | I6: 0
A7: STATION | B7: RELEVES | D7: STATION | E7: RELEVES | H7: GUIDER | I7: 0
B8: JOURNALIER | C8: CUMUL | E8: JOURNALIER | F8: CUMUL | H8: GAROUA | I8: 0
A9: MAROUA | B9: =I4 -> 0 | C9: ='20-04-14'!C9+B9 -> 14 | D9: NGONG | E9: =I9 -> 0 | F9: ='20-04-14'!F9+E9 -> 6 | H9: NGONG | I9: 0
A10: KAELE | B10: =I5 -> 0 | C10: ='20-04-14'!C10+B10 -> 10 | D10: POLI | E10: =I10 -> 0 | F10: ='20-04-14'!F10+E10 -> 85 | H10: POLI | I10: 0
A11: TCHATIBALI | B11: =I6 -> 0 | C11: ='20-04-14'!C11+B11 -> 13 | D11: MAYO-GALKE | E11: =I11 -> 0 | F11: ='20-04-14'!F11+E11 -> 50 | H11: MAYO-GALKE | I11: 0
A12: GUIDER | B12: =I7 -> 0 | C12: ='20-04-14'!C12+B12 -> 20 | D12: TOUBOURO | E12: =I12 -> 0 | F12: ='20-04-14'!F12+E12 -> 10 | H12: TOUBOURO | I12: 0
A13: GAROUA | B13: =I8 -> 0 | C13: ='20-04-14'!C13+B13 -> 45 | D13: HOME | E13: =I13 -> 5 | F13: ='20-04-14'!F13+E13 -> 54 | H13: HOME | I13: 5
A15: TOTAL JOURNALIER = | C15: =SUM(B9:B13)+SUM(E9:E13) -> 5 | D15: CUMUL GENERAL = | F15: =SUM(C9:C13)+SUM(F9:F13) -> 307 | H15: JOURNEE | I15: 41750
H16: TRANSMISSION | I16: =I15+1 -> 41751
A20: Transmis le : | B20: =I16 -> 41751

Sheet 22-04-14
A1: SODECOTON
H2: TABLEAU DE SAISI
A3: PLUVIOMETRIE JOURNALIERE ET PAR PENTADE | H3: STATION | I3: RELEVES
H4: MAROUA | I4: 0
B5: JOURNEE DU : | D5: =I15 -> 41751 | H5: KAELE | I5: 0
H6: TCHATIBALI | I6: 9
A7: STATION | B7: RELEVES | D7: STATION | E7: RELEVES | H7: GUIDER | I7: 33
B8: JOURNALIER | C8: CUMUL | E8: JOURNALIER | F8: CUMUL | H8: GAROUA | I8: 15
A9: MAROUA | B9: =I4 -> 0 | C9: ='21-04-14'!C9+B9 -> 14 | D9: NGONG | E9: =I9 -> 4 | F9: ='21-04-14'!F9+E9 -> 10 | H9: NGONG | I9: 4
A10: KAELE | B10: =I5 -> 0 | C10: ='21-04-14'!C10+B10 -> 10 | D10: POLI | E10: =I10 -> 0 | F10: ='21-04-14'!F10+E10 -> 85 | H10: POLI | I10: 0
A11: TCHATIBALI | B11: =I6 -> 9 | C11: ='21-04-14'!C11+B11 -> 22 | D11: MAYO-GALKE | E11: =I11 -> 10 | F11: ='21-04-14'!F11+E11 -> 60 | H11: MAYO-GALKE | I11: 10
A12: GUIDER | B12: =I7 -> 33 | C12: ='21-04-14'!C12+B12 -> 53 | D12: TOUBOURO | E12: =I12 -> 0 | F12: ='21-04-14'!F12+E12 -> 10 | H12: TOUBOURO | I12: 0
A13: GAROUA | B13: =I8 -> 15 | C13: ='21-04-14'!C13+B13 -> 60 | D13: HOME | E13: =I13 -> 7 | F13: ='21-04-14'!F13+E13 -> 61 | H13: HOME | I13: 7
A15: TOTAL JOURNALIER = | C15: =SUM(B9:B13)+SUM(E9:E13) -> 78 | D15: CUMUL GENERAL = | F15: =SUM(C9:C13)+SUM(F9:F13) -> 385 | H15: JOURNEE | I15: 41751
H16: TRANSMISSION | I16: =I15+1 -> 41752
A20: Transmis le : | B20: =I16 -> 41752

Sheet 23-04-14
A1: SODECOTON
H2: TABLEAU DE SAISI
A3: PLUVIOMETRIE JOURNALIERE ET PAR PENTADE | H3: STATION | I3: RELEVES
H4: MAROUA | I4: 0
B5: JOURNEE DU : | D5: =I15 -> 41752 | H5: KAELE | I5: 0
H6: TCHATIBALI | I6: 0
A7: STATION | B7: RELEVES | D7: STATION | E7: RELEVES | H7: GUIDER | I7: 0
B8: JOURNALIER | C8: CUMUL | E8: JOURNALIER | F8: CUMUL | H8: GAROUA | I8: 0
A9: MAROUA | B9: =I4 -> 0 | C9: ='22-04-14'!C9+B9 -> 14 | D9: NGONG | E9: =I9 -> 0 | F9: ='22-04-14'!F9+E9 -> 10 | H9: NGONG | I9: 0
A10: KAELE | B10: =I5 -> 0 | C10: ='22-04-14'!C10+B10 -> 10 | D10: POLI | E10: =I10 -> 0 | F10: ='22-04-14'!F10+E10 -> 85 | H10: POLI | I10: 0
A11: TCHATIBALI | B11: =I6 -> 0 | C11: ='22-04-14'!C11+B11 -> 22 | D11: MAYO-GALKE | E11: =I11 -> 0 | F11: ='22-04-14'!F11+E11 -> 60 | H11: MAYO-GALKE | I11: 0
A12: GUIDER | B12: =I7 -> 0 | C12: ='22-04-14'!C12+B12 -> 53 | D12: TOUBOURO | E12: =I12 -> 0 | F12: ='22-04-14'!F12+E12 -> 10 | H12: TOUBOURO | I12: 0
A13: GAROUA | B13: =I8 -> 0 | C13: ='22-04-14'!C13+B13 -> 60 | D13: HOME | E13: =I13 -> 0 | F13: ='22-04-14'!F13+E13 -> 61 | H13: HOME | I13: 0
A15: TOTAL JOURNALIER = | C15: =SUM(B9:B13)+SUM(E9:E13) -> 0 | D15: CUMUL GENERAL = | F15: =SUM(C9:C13)+SUM(F9:F13) -> 385 | H15: JOURNEE | I15: 41752
H16: TRANSMISSION | I16: =I15+1 -> 41753
A20: Transmis le : | B20: =I16 -> 41753

Sheet 24-04-14
A1: SODECOTON
H2: TABLEAU DE SAISI
A3: PLUVIOMETRIE JOURNALIERE ET PAR PENTADE | H3: STATION | I3: RELEVES
H4: MAROUA | I4: 0
B5: JOURNEE DU : | D5: =I15 -> 41753 | H5: KAELE | I5: 0
H6: TCHATIBALI | I6: 0
A7: STATION | B7: RELEVES | D7: STATION | E7: RELEVES | H7: GUIDER | I7: 0
B8: JOURNALIER | C8: CUMUL | E8: JOURNALIER | F8: CUMUL | H8: GAROUA | I8: 0
A9: MAROUA | B9: =I4 -> 0 | C9: ='23-04-14'!C9+B9 -> 14 | D9: NGONG | E9: =I9 -> 0 | F9: ='23-04-14'!F9+E9 -> 10 | H9: NGONG | I9: 0
A10: KAELE | B10: =I5 -> 0 | C10: ='23-04-14'!C10+B10 -> 10 | D10: POLI | E10: =I10 -> 0 | F10: ='23-04-14'!F10+E10 -> 85 | H10: POLI | I10: 0
A11: TCHATIBALI | B11: =I6 -> 0 | C11: ='23-04-14'!C11+B11 -> 22 | D11: MAYO-GALKE | E11: =I11 -> 0 | F11: ='23-04-14'!F11+E11 -> 60 | H11: MAYO-GALKE | I11: 0
A12: GUIDER | B12: =I7 -> 0 | C12: ='23-04-14'!C12+B12 -> 53 | D12: TOUBOURO | E12: =I12 -> 0 | F12: ='23-04-14'!F12+E12 -> 10 | H12: TOUBOURO | I12: 0
A13: GAROUA | B13: =I8 -> 0 | C13: ='23-04-14'!C13+B13 -> 60 | D13: HOME | E13: =I13 -> 0 | F13: ='23-04-14'!F13+E13 -> 61 | H13: HOME | I13: 0
A15: TOTAL JOURNALIER = | C15: =SUM(B9:B13)+SUM(E9:E13) -> 0 | D15: CUMUL GENERAL = | F15: =SUM(C9:C13)+SUM(F9:F13) -> 385 | H15: JOURNEE | I15: 41753
H16: TRANSMISSION | I16: =I15+1 -> 41754
A20: Transmis le : | B20: =I16 -> 41754

Sheet 25-04-14
A1: SODECOTON
H2: TABLEAU DE SAISI
A3: PLUVIOMETRIE JOURNALIERE ET PAR PENTADE | H3: STATION | I3: RELEVES
H4: MAROUA | I4: 0
B5: JOURNEE DU : | D5: =I15 -> 41754 | H5: KAELE | I5: 0
H6: TCHATIBALI | I6: 0
A7: STATION | B7: RELEVES | D7: STATION | E7: RELEVES | H7: GUIDER | I7: 0
B8: JOURNALIER | C8: CUMUL | E8: JOURNALIER | F8: CUMUL | H8: GAROUA | I8: 0
A9: MAROUA | B9: =I4 -> 0 | C9: ='24-04-14'!C9+B9 -> 14 | D9: NGONG | E9: =I9 -> 0 | F9: ='24-04-14'!F9+E9 -> 10 | H9: NGONG | I9: 0
A10: KAELE | B10: =I5 -> 0 | C10: ='24-04-14'!C10+B10 -> 10 | D10: POLI | E10: =I10 -> 0 | F10: ='24-04-14'!F10+E10 -> 85 | H10: POLI | I10: 0
A11: TCHATIBALI | B11: =I6 -> 0 | C11: ='24-04-14'!C11+B11 -> 22 | D11: MAYO-GALKE | E11: =I11 -> 0 | F11: ='24-04-14'!F11+E11 -> 60 | H11: MAYO-GALKE | I11: 0
A12: GUIDER | B12: =I7 -> 0 | C12: ='24-04-14'!C12+B12 -> 53 | D12: TOUBOURO | E12: =I12 -> 0 | F12: ='24-04-14'!F12+E12 -> 10 | H12: TOUBOURO | I12: 0
A13: GAROUA | B13: =I8 -> 0 | C13: ='24-04-14'!C13+B13 -> 60 | D13: HOME | E13: =I13 -> 0 | F13: ='24-04-14'!F13+E13 -> 61 | H13: HOME | I13: 0
A15: TOTAL JOURNALIER = | C15: =SUM(B9:B13)+SUM(E9:E13) -> 0 | D15: CUMUL GENERAL = | F15: =SUM(C9:C13)+SUM(F9:F13) -> 385 | H15: JOURNEE | I15: 41754
H16: TRANSMISSION | I16: =I15+1 -> 41755
A20: Transmis le : | B20: =I16 -> 41755

Sheet 26-04-14
A1: SODECOTON
H2: TABLEAU DE SAISI
A3: PLUVIOMETRIE JOURNALIERE ET PAR PENTADE | H3: STATION | I3: RELEVES
H4: MAROUA | I4: 0
B5: JOURNEE DU : | D5: =I15 -> 41755 | H5: KAELE | I5: 0
H6: TCHATIBALI | I6: 0
A7: STATION | B7: RELEVES | D7: STATION | E7: RELEVES | H7: GUIDER | I7: 0
B8: JOURNALIER | C8: CUMUL | E8: JOURNALIER | F8: CUMUL | H8: GAROUA | I8: 0
A9: MAROUA | B9: =I4 -> 0 | C9: ='25-04-14'!C9+B9 -> 14 | D9: NGONG | E9: =I9 -> 0 | F9: ='25-04-14'!F9+E9 -> 10 | H9: NGONG | I9: 0
A10: KAELE | B10: =I5 -> 0 | C10: ='25-04-14'!C10+B10 -> 10 | D10: POLI | E10: =I10 -> 0 | F10: ='25-04-14'!F10+E10 -> 85 | H10: POLI | I10: 0
A11: TCHATIBALI | B11: =I6 -> 0 | C11: ='25-04-14'!C11+B11 -> 22 | D11: MAYO-GALKE | E11: =I11 -> 0 | F11: ='25-04-14'!F11+E11 -> 60 | H11: MAYO-GALKE | I11: 0
A12: GUIDER | B12: =I7 -> 0 | C12: ='25-04-14'!C12+B12 -> 53 | D12: TOUBOURO | E12: =I12 -> 0 | F12: ='25-04-14'!F12+E12 -> 10 | H12: TOUBOURO | I12: 0
A13: GAROUA | B13: =I8 -> 0 | C13: ='25-04-14'!C13+B13 -> 60 | D13: HOME | E13: =I13 -> 0 | F13: ='25-04-14'!F13+E13 -> 61 | H13: HOME | I13: 0
A15: TOTAL JOURNALIER = | C15: =SUM(B9:B13)+SUM(E9:E13) -> 0 | D15: CUMUL GENERAL = | F15: =SUM(C9:C13)+SUM(F9:F13) -> 385 | H15: JOURNEE | I15: 41755
H16: TRANSMISSION | I16: =I15+1 -> 41756
A20: Transmis le : | B20: =I16 -> 41756

Sheet 27-04-14
A1: SODECOTON
H2: TABLEAU DE SAISI
A3: PLUVIOMETRIE JOURNALIERE ET PAR PENTADE | H3: STATION | I3: RELEVES
H4: MAROUA | I4: 0
B5: JOURNEE DU : | D5: =I15 -> 41756 | H5: KAELE | I5: 0
H6: TCHATIBALI | I6: 0
A7: STATION | B7: RELEVES | D7: STATION | E7: RELEVES | H7: GUIDER | I7: 0
B8: JOURNALIER | C8: CUMUL | E8: JOURNALIER | F8: CUMUL | H8: GAROUA | I8: 10
A9: MAROUA | B9: =I4 -> 0 | C9: ='26-04-14'!C9+B9 -> 14 | D9: NGONG | E9: =I9 -> 50 | F9: ='26-04-14'!F9+E9 -> 60 | H9: NGONG | I9: 50
A10: KAELE | B10: =I5 -> 0 | C10: ='26-04-14'!C10+B10 -> 10 | D10: POLI | E10: =I10 -> 18 | F10: ='26-04-14'!F10+E10 -> 103 | H10: POLI | I10: 18
A11: TCHATIBALI | B11: =I6 -> 0 | C11: ='26-04-14'!C11+B11 -> 22 | D11: MAYO-GALKE | E11: =I11 -> 27 | F11: ='26-04-14'!F11+E11 -> 87 | H11: MAYO-GALKE | I11: 27
A12: GUIDER | B12: =I7 -> 0 | C12: ='26-04-14'!C12+B12 -> 53 | D12: TOUBOURO | E12: =I12 -> 13 | F12: ='26-04-14'!F12+E12 -> 23 | H12: TOUBOURO | I12: 13
A13: GAROUA | B13: =I8 -> 10 | C13: ='26-04-14'!C13+B13 -> 70 | D13: HOME | E13: =I13 -> 7 | F13: ='26-04-14'!F13+E13 -> 68 | H13: HOME | I13: 7
A15: TOTAL JOURNALIER = | C15: =SUM(B9:B13)+SUM(E9:E13) -> 125 | D15: CUMUL GENERAL = | F15: =SUM(C9:C13)+SUM(F9:F13) -> 510 | H15: JOURNEE | I15: 41756
H16: TRANSMISSION | I16: =I15+1 -> 41757
A20: Transmis le : | B20: =I16 -> 41757

Sheet 28-04-14
A1: SODECOTON
H2: TABLEAU DE SAISI
A3: PLUVIOMETRIE JOURNALIERE ET PAR PENTADE | H3: STATION | I3: RELEVES
H4: MAROUA | I4: 0
B5: JOURNEE DU : | D5: =I15 -> 41757 | H5: KAELE | I5: 0
H6: TCHATIBALI | I6: 0
A7: STATION | B7: RELEVES | D7: STATION | E7: RELEVES | H7: GUIDER | I7: 0
B8: JOURNALIER | C8: CUMUL | E8: JOURNALIER | F8: CUMUL | H8: GAROUA | I8: 0
A9: MAROUA | B9: =I4 -> 0 | C9: ='27-04-14'!C9+B9 -> 14 | D9: NGONG | E9: =I9 -> 0 | F9: ='27-04-14'!F9+E9 -> 60 | H9: NGONG | I9: 0
A10: KAELE | B10: =I5 -> 0 | C10: ='27-04-14'!C10+B10 -> 10 | D10: POLI | E10: =I10 -> 2 | F10: ='27-04-14'!F10+E10 -> 105 | H10: POLI | I10: 2
A11: TCHATIBALI | B11: =I6 -> 0 | C11: ='27-04-14'!C11+B11 -> 22 | D11: MAYO-GALKE | E11: =I11 -> 29 | F11: ='27-04-14'!F11+E11 -> 116 | H11: MAYO-GALKE | I11: 29
A12: GUIDER | B12: =I7 -> 0 | C12: ='27-04-14'!C12+B12 -> 53 | D12: TOUBOURO | E12: =I12 -> 11 | F12: ='27-04-14'!F12+E12 -> 34 | H12: TOUBOURO | I12: 11
A13: GAROUA | B13: =I8 -> 0 | C13: ='27-04-14'!C13+B13 -> 70 | D13: HOME | E13: =I13 -> 4 | F13: ='27-04-14'!F13+E13 -> 72 | H13: HOME | I13: 4
A15: TOTAL JOURNALIER = | C15: =SUM(B9:B13)+SUM(E9:E13) -> 46 | D15: CUMUL GENERAL = | F15: =SUM(C9:C13)+SUM(F9:F13) -> 556 | H15: JOURNEE | I15: 41757
H16: TRANSMISSION | I16: =I15+1 -> 41758
A20: Transmis le : | B20: =I16 -> 41758

Sheet 29-04-14
A1: SODECOTON
H2: TABLEAU DE SAISI
A3: PLUVIOMETRIE JOURNALIERE ET PAR PENTADE | H3: STATION | I3: RELEVES
H4: MAROUA | I4: 0
B5: JOURNEE DU : | D5: =I15 -> 41758 | H5: KAELE | I5: 0
H6: TCHATIBALI | I6: 0
A7: STATION | B7: RELEVES | D7: STATION | E7: RELEVES | H7: GUIDER | I7: 0
B8: JOURNALIER | C8: CUMUL | E8: JOURNALIER | F8: CUMUL | H8: GAROUA | I8: 0
A9: MAROUA | B9: =I4 -> 0 | C9: ='28-04-14'!C9+B9 -> 14 | D9: NGONG | E9: =I9 -> 0 | F9: ='28-04-14'!F9+E9 -> 60 | H9: NGONG | I9: 0
A10: KAELE | B10: =I5 -> 0 | C10: ='28-04-14'!C10+B10 -> 10 | D10: POLI | E10: =I10 -> 0 | F10: ='28-04-14'!F10+E10 -> 105 | H10: POLI | I10: 0
A11: TCHATIBALI | B11: =I6 -> 0 | C11: ='28-04-14'!C11+B11 -> 22 | D11: MAYO-GALKE | E11: =I11 -> 0 | F11: ='28-04-14'!F11+E11 -> 116 | H11: MAYO-GALKE | I11: 0
A12: GUIDER | B12: =I7 -> 0 | C12: ='28-04-14'!C12+B12 -> 53 | D12: TOUBOURO | E12: =I12 -> 0 | F12: ='28-04-14'!F12+E12 -> 34 | H12: TOUBOURO | I12: 0
A13: GAROUA | B13: =I8 -> 0 | C13: ='28-04-14'!C13+B13 -> 70 | D13: HOME | E13: =I13 -> 0 | F13: ='28-04-14'!F13+E13 -> 72 | H13: HOME | I13: 0
A15: TOTAL JOURNALIER = | C15: =SUM(B9:B13)+SUM(E9:E13) -> 0 | D15: CUMUL GENERAL = | F15: =SUM(C9:C13)+SUM(F9:F13) -> 556 | H15: JOURNEE | I15: 41758
H16: TRANSMISSION | I16: =I15+1 -> 41759
A20: Transmis le : | B20: =I16 -> 41759

Sheet 30-04-14
A1: SODECOTON
H2: TABLEAU DE SAISI
A3: PLUVIOMETRIE JOURNALIERE ET PAR PENTADE | H3: STATION | I3: RELEVES
H4: MAROUA | I4: 0
B5: JOURNEE DU : | D5: =I15 -> 41759 | H5: KAELE | I5: 0
H6: TCHATIBALI | I6: 20
A7: STATION | B7: RELEVES | D7: STATION | E7: RELEVES | H7: GUIDER | I7: 2
B8: JOURNALIER | C8: CUMUL | E8: JOURNALIER | F8: CUMUL | H8: GAROUA | I8: 0
A9: MAROUA | B9: =I4 -> 0 | C9: ='29-04-14'!C9+B9 -> 14 | D9: NGONG | E9: =I9 -> 0 | F9: ='29-04-14'!F9+E9 -> 60 | H9: NGONG | I9: 0
A10: KAELE | B10: =I5 -> 0 | C10: ='29-04-14'!C10+B10 -> 10 | D10: POLI | E10: =I10 -> 0 | F10: ='29-04-14'!F10+E10 -> 105 | H10: POLI | I10: 0
A11: TCHATIBALI | B11: =I6 -> 20 | C11: ='29-04-14'!C11+B11 -> 42 | D11: MAYO-GALKE | E11: =I11 -> 0 | F11: ='29-04-14'!F11+E11 -> 116 | H11: MAYO-GALKE | I11: 0
A12: GUIDER | B12: =I7 -> 2 | C12: ='29-04-14'!C12+B12 -> 55 | D12: TOUBOURO | E12: =I12 -> 0 | F12: ='29-04-14'!F12+E12 -> 34 | H12: TOUBOURO | I12: 0
A13: GAROUA | B13: =I8 -> 0 | C13: ='29-04-14'!C13+B13 -> 70 | D13: HOME | E13: =I13 -> 1 | F13: ='29-04-14'!F13+E13 -> 73 | H13: HOME | I13: 1
A15: TOTAL JOURNALIER = | C15: =SUM(B9:B13)+SUM(E9:E13) -> 23 | D15: CUMUL GENERAL = | F15: =SUM(C9:C13)+SUM(F9:F13) -> 579 | H15: JOURNEE | I15: 41759
H16: TRANSMISSION | I16: =I15+1 -> 41760
A20: Transmis le : | B20: =I16 -> 41760

Sheet 01-05-14
A1: SODECOTON
H2: TABLEAU DE SAISI
A3: PLUVIOMETRIE JOURNALIERE ET PAR PENTADE | H3: STATION | I3: RELEVES
H4: MAROUA | I4: 0
B5: JOURNEE DU : | D5: =I15 -> 41760 | H5: KAELE | I5: 0
H6: TCHATIBALI | I6: 0
A7: STATION | B7: RELEVES | D7: STATION | E7: RELEVES | H7: GUIDER | I7: 0
B8: JOURNALIER | C8: CUMUL | E8: JOURNALIER | F8: CUMUL | H8: GAROUA | I8: 0
A9: MAROUA | B9: =I4 -> 0 | C9: ='30-04-14'!C9+B9 -> 14 | D9: NGONG | E9: =I9 -> 0 | F9: ='30-04-14'!F9+E9 -> 60 | H9: NGONG | I9: 0
A10: KAELE | B10: =I5 -> 0 | C10: ='30-04-14'!C10+B10 -> 10 | D10: POLI | E10: =I10 -> 0 | F10: ='30-04-14'!F10+E10 -> 105 | H10: POLI | I10: 0
A11: TCHATIBALI | B11: =I6 -> 0 | C11: ='30-04-14'!C11+B11 -> 42 | D11: MAYO-GALKE | E11: =I11 -> 0 | F11: ='30-04-14'!F11+E11 -> 116 | H11: MAYO-GALKE | I11: 0
A12: GUIDER | B12: =I7 -> 0 | C12: ='30-04-14'!C12+B12 -> 55 | D12: TOUBOURO | E12: =I12 -> 0 | F12: ='30-04-14'!F12+E12 -> 34 | H12: TOUBOURO | I12: 0
A13: GAROUA | B13: =I8 -> 0 | C13: ='30-04-14'!C13+B13 -> 70 | D13: HOME | E13: =I13 -> 0 | F13: ='30-04-14'!F13+E13 -> 73 | H13: HOME | I13: 0
A15: TOTAL JOURNALIER = | C15: =SUM(B9:B13)+SUM(E9:E13) -> 0 | D15: CUMUL GENERAL = | F15: =SUM(C9:C13)+SUM(F9:F13) -> 579 | H15: JOURNEE | I15: 41760
H16: TRANSMISSION | I16: =I15+1 -> 41761
A20: Transmis le : | B20: =I16 -> 41761

Sheet 02-05-14
A1: SODECOTON
H2: TABLEAU DE SAISI
A3: PLUVIOMETRIE JOURNALIERE ET PAR PENTADE | H3: STATION | I3: RELEVES
H4: MAROUA | I4: 0
B5: JOURNEE DU : | D5: =I15 -> 41761 | H5: KAELE | I5: 0
H6: TCHATIBALI | I6: 0
A7: STATION | B7: RELEVES | D7: STATION | E7: RELEVES | H7: GUIDER | I7: 0
B8: JOURNALIER | C8: CUMUL | E8: JOURNALIER | F8: CUMUL | H8: GAROUA | I8: 0
A9: MAROUA | B9: =I4 -> 0 | C9: ='01-05-14'!C9+B9 -> 14 | D9: NGONG | E9: =I9 -> 0 | F9: ='01-05-14'!F9+E9 -> 60 | H9: NGONG | I9: 0
A10: KAELE | B10: =I5 -> 0 | C10: ='01-05-14'!C10+B10 -> 10 | D10: POLI | E10: =I10 -> 0 | F10: ='01-05-14'!F10+E10 -> 105 | H10: POLI | I10: 0
A11: TCHATIBALI | B11: =I6 -> 0 | C11: ='01-05-14'!C11+B11 -> 42 | D11: MAYO-GALKE | E11: =I11 -> 0 | F11: ='01-05-14'!F11+E11 -> 116 | H11: MAYO-GALKE | I11: 0
A12: GUIDER | B12: =I7 -> 0 | C12: ='01-05-14'!C12+B12 -> 55 | D12: TOUBOURO | E12: =I12 -> 0 | F12: ='01-05-14'!F12+E12 -> 34 | H12: TOUBOURO | I12: 0
A13: GAROUA | B13: =I8 -> 0 | C13: ='01-05-14'!C13+B13 -> 70 | D13: HOME | E13: =I13 -> 0 | F13: ='01-05-14'!F13+E13 -> 73 | H13: HOME | I13: 0
A15: TOTAL JOURNALIER = | C15: =SUM(B9:B13)+SUM(E9:E13) -> 0 | D15: CUMUL GENERAL = | F15: =SUM(C9:C13)+SUM(F9:F13) -> 579 | H15: JOURNEE | I15: 41761
H16: TRANSMISSION | I16: =I15+1 -> 41762
A20: Transmis le : | B20: =I16 -> 41762

Sheet 03-05-14
A1: SODECOTON
H2: TABLEAU DE SAISI
A3: PLUVIOMETRIE JOURNALIERE ET PAR PENTADE | H3: STATION | I3: RELEVES
H4: MAROUA | I4: 0
B5: JOURNEE DU : | D5: =I15 -> 41762 | H5: KAELE | I5: 0
H6: TCHATIBALI | I6: 0
A7: STATION | B7: RELEVES | D7: STATION | E7: RELEVES | H7: GUIDER | I7: 0
B8: JOURNALIER | C8: CUMUL | E8: JOURNALIER | F8: CUMUL | H8: GAROUA | I8: 0
A9: MAROUA | B9: =I4 -> 0 | C9: ='02-05-14'!C9+B9 -> 14 | D9: NGONG | E9: =I9 -> 0 | F9: ='02-05-14'!F9+E9 -> 60 | H9: NGONG | I9: 0
A10: KAELE | B10: =I5 -> 0 | C10: ='02-05-14'!C10+B10 -> 10 | D10: POLI | E10: =I10 -> 0 | F10: ='02-05-14'!F10+E10 -> 105 | H10: POLI | I10: 0
A11: TCHATIBALI | B11: =I6 -> 0 | C11: ='02-05-14'!C11+B11 -> 42 | D11: MAYO-GALKE | E11: =I11 -> 0 | F11: ='02-05-14'!F11+E11 -> 116 | H11: MAYO-GALKE | I11: 0
A12: GUIDER | B12: =I7 -> 0 | C12: ='02-05-14'!C12+B12 -> 55 | D12: TOUBOURO | E12: =I12 -> 0 | F12: ='02-05-14'!F12+E12 -> 34 | H12: TOUBOURO | I12: 0
A13: GAROUA | B13: =I8 -> 0 | C13: ='02-05-14'!C13+B13 -> 70 | D13: HOME | E13: =I13 -> 0 | F13: ='02-05-14'!F13+E13 -> 73 | H13: HOME | I13: 0
A15: TOTAL JOURNALIER = | C15: =SUM(B9:B13)+SUM(E9:E13) -> 0 | D15: CUMUL GENERAL = | F15: =SUM(C9:C13)+SUM(F9:F13) -> 579 | H15: JOURNEE | I15: 41762
H16: TRANSMISSION | I16: =I15+1 -> 41763
A20: Transmis le : | B20: =I16 -> 41763

Sheet 04-05-14
A1: SODECOTON
H2: TABLEAU DE SAISI
A3: PLUVIOMETRIE JOURNALIERE ET PAR PENTADE | H3: STATION | I3: RELEVES
H4: MAROUA | I4: 0
B5: JOURNEE DU : | D5: =I15 -> 41763 | H5: KAELE | I5: 0
H6: TCHATIBALI | I6: 0
A7: STATION | B7: RELEVES | D7: STATION | E7: RELEVES | H7: GUIDER | I7: 0
B8: JOURNALIER | C8: CUMUL | E8: JOURNALIER | F8: CUMUL | H8: GAROUA | I8: 0
A9: MAROUA | B9: =I4 -> 0 | C9: ='03-05-14'!C9+B9 -> 14 | D9: NGONG | E9: =I9 -> 0 | F9: ='03-05-14'!F9+E9 -> 60 | H9: NGONG | I9: 0
A10: KAELE | B10: =I5 -> 0 | C10: ='03-05-14'!C10+B10 -> 10 | D10: POLI | E10: =I10 -> 0 | F10: ='03-05-14'!F10+E10 -> 105 | H10: POLI | I10: 0
A11: TCHATIBALI | B11: =I6 -> 0 | C11: ='03-05-14'!C11+B11 -> 42 | D11: MAYO-GALKE | E11: =I11 -> 0 | F11: ='03-05-14'!F11+E11 -> 116 | H11: MAYO-GALKE | I11: 0
A12: GUIDER | B12: =I7 -> 0 | C12: ='03-05-14'!C12+B12 -> 55 | D12: TOUBOURO | E12: =I12 -> 0 | F12: ='03-05-14'!F12+E12 -> 34 | H12: TOUBOURO | I12: 0
A13: GAROUA | B13: =I8 -> 0 | C13: ='03-05-14'!C13+B13 -> 70 | D13: HOME | E13: =I13 -> 0 | F13: ='03-05-14'!F13+E13 -> 73 | H13: HOME | I13: 0
A15: TOTAL JOURNALIER = | C15: =SUM(B9:B13)+SUM(E9:E13) -> 0 | D15: CUMUL GENERAL = | F15: =SUM(C9:C13)+SUM(F9:F13) -> 579 | H15: JOURNEE | I15: 41763
H16: TRANSMISSION | I16: =I15+1 -> 41764
A20: Transmis le : | B20: =I16 -> 41764

Sheet 05-05-14
A1: SODECOTON
H2: TABLEAU DE SAISI
A3: PLUVIOMETRIE JOURNALIERE ET PAR PENTADE | H3: STATION | I3: RELEVES
H4: MAROUA | I4: 0
B5: JOURNEE DU : | D5: =I15 -> 41764 | H5: KAELE | I5: 0
H6: TCHATIBALI | I6: 0
A7: STATION | B7: RELEVES | D7: STATION | E7: RELEVES | H7: GUIDER | I7: 0
B8: JOURNALIER | C8: CUMUL | E8: JOURNALIER | F8: CUMUL | H8: GAROUA | I8: 0
A9: MAROUA | B9: =I4 -> 0 | C9: ='04-05-14'!C9+B9 -> 14 | D9: NGONG | E9: =I9 -> 0 | F9: ='04-05-14'!F9+E9 -> 60 | H9: NGONG | I9: 0
A10: KAELE | B10: =I5 -> 0 | C10: ='04-05-14'!C10+B10 -> 10 | D10: POLI | E10: =I10 -> 0 | F10: ='04-05-14'!F10+E10 -> 105 | H10: POLI | I10: 0
A11: TCHATIBALI | B11: =I6 -> 0 | C11: ='04-05-14'!C11+B11 -> 42 | D11: MAYO-GALKE | E11: =I11 -> 0 | F11: ='04-05-14'!F11+E11 -> 116 | H11: MAYO-GALKE | I11: 0
A12: GUIDER | B12: =I7 -> 0 | C12: ='04-05-14'!C12+B12 -> 55 | D12: TOUBOURO | E12: =I12 -> 0 | F12: ='04-05-14'!F12+E12 -> 34 | H12: TOUBOURO | I12: 0
A13: GAROUA | B13: =I8 -> 0 | C13: ='04-05-14'!C13+B13 -> 70 | D13: HOME | E13: =I13 -> 0 | F13: ='04-05-14'!F13+E13 -> 73 | H13: HOME | I13: 0
A15: TOTAL JOURNALIER = | C15: =SUM(B9:B13)+SUM(E9:E13) -> 0 | D15: CUMUL GENERAL = | F15: =SUM(C9:C13)+SUM(F9:F13) -> 579 | H15: JOURNEE | I15: 41764
H16: TRANSMISSION | I16: =I15+1 -> 41765
A20: Transmis le : | B20: =I16 -> 41765

Sheet 06-05-14
A1: SODECOTON
H2: TABLEAU DE SAISI
A3: PLUVIOMETRIE JOURNALIERE ET PAR PENTADE | H3: STATION | I3: RELEVES
H4: MAROUA | I4: 0
B5: JOURNEE DU : | D5: =I15 -> 41765 | H5: KAELE | I5: 0
H6: TCHATIBALI | I6: 0
A7: STATION | B7: RELEVES | D7: STATION | E7: RELEVES | H7: GUIDER | I7: 0
B8: JOURNALIER | C8: CUMUL | E8: JOURNALIER | F8: CUMUL | H8: GAROUA | I8: 0
A9: MAROUA | B9: =I4 -> 0 | C9: ='05-05-14'!C9+B9 -> 14 | D9: NGONG | E9: =I9 -> 0 | F9: ='05-05-14'!F9+E9 -> 60 | H9: NGONG | I9: 0
A10: KAELE | B10: =I5 -> 0 | C10: ='05-05-14'!C10+B10 -> 10 | D10: POLI | E10: =I10 -> 0 | F10: ='05-05-14'!F10+E10 -> 105 | H10: POLI | I10: 0
A11: TCHATIBALI | B11: =I6 -> 0 | C11: ='05-05-14'!C11+B11 -> 42 | D11: MAYO-GALKE | E11: =I11 -> 0 | F11: ='05-05-14'!F11+E11 -> 116 | H11: MAYO-GALKE | I11: 0
A12: GUIDER | B12: =I7 -> 0 | C12: ='05-05-14'!C12+B12 -> 55 | D12: TOUBOURO | E12: =I12 -> 0 | F12: ='05-05-14'!F12+E12 -> 34 | H12: TOUBOURO | I12: 0
A13: GAROUA | B13: =I8 -> 0 | C13: ='05-05-14'!C13+B13 -> 70 | D13: HOME | E13: =I13 -> 0 | F13: ='05-05-14'!F13+E13 -> 73 | H13: HOME | I13: 0
A15: TOTAL JOURNALIER = | C15: =SUM(B9:B13)+SUM(E9:E13) -> 0 | D15: CUMUL GENERAL = | F15: =SUM(C9:C13)+SUM(F9:F13) -> 579 | H15: JOURNEE | I15: 41765
H16: TRANSMISSION | I16: =I15+1 -> 41766
A20: Transmis le : | B20: =I16 -> 41766

Sheet 07-05-14
A1: SODECOTON
H2: TABLEAU DE SAISI
A3: PLUVIOMETRIE JOURNALIERE ET PAR PENTADE | H3: STATION | I3: RELEVES
H4: MAROUA | I4: 0
B5: JOURNEE DU : | D5: =I15 -> 41766 | H5: KAELE | I5: 0
H6: TCHATIBALI | I6: 0
A7: STATION | B7: RELEVES | D7: STATION | E7: RELEVES | H7: GUIDER | I7: 0
B8: JOURNALIER | C8: CUMUL | E8: JOURNALIER | F8: CUMUL | H8: GAROUA | I8: 0
A9: MAROUA | B9: =I4 -> 0 | C9: ='06-05-14'!C9+B9 -> 14 | D9: NGONG | E9: =I9 -> 0 | F9: ='06-05-14'!F9+E9 -> 60 | H9: NGONG | I9: 0
A10: KAELE | B10: =I5 -> 0 | C10: ='06-05-14'!C10+B10 -> 10 | D10: POLI | E10: =I10 -> 0 | F10: ='06-05-14'!F10+E10 -> 105 | H10: POLI | I10: 0
A11: TCHATIBALI | B11: =I6 -> 0 | C11: ='06-05-14'!C11+B11 -> 42 | D11: MAYO-GALKE | E11: =I11 -> 0 | F11: ='06-05-14'!F11+E11 -> 116 | H11: MAYO-GALKE | I11: 0
A12: GUIDER | B12: =I7 -> 0 | C12: ='06-05-14'!C12+B12 -> 55 | D12: TOUBOURO | E12: =I12 -> 0 | F12: ='06-05-14'!F12+E12 -> 34 | H12: TOUBOURO | I12: 0
A13: GAROUA | B13: =I8 -> 0 | C13: ='06-05-14'!C13+B13 -> 70 | D13: HOME | E13: =I13 -> 0 | F13: ='06-05-14'!F13+E13 -> 73 | H13: HOME | I13: 0
A15: TOTAL JOURNALIER = | C15: =SUM(B9:B13)+SUM(E9:E13) -> 0 | D15: CUMUL GENERAL = | F15: =SUM(C9:C13)+SUM(F9:F13) -> 579 | H15: JOURNEE | I15: 41766
H16: TRANSMISSION | I16: =I15+1 -> 41767
A20: Transmis le : | B20: =I16 -> 41767

Sheet 08-05-14
A1: SODECOTON
H2: TABLEAU DE SAISI
A3: PLUVIOMETRIE JOURNALIERE ET PAR PENTADE | H3: STATION | I3: RELEVES
H4: MAROUA | I4: 0
B5: JOURNEE DU : | D5: =I15 -> 41767 | H5: KAELE | I5: 0
H6: TCHATIBALI | I6: 0
A7: STATION | B7: RELEVES | D7: STATION | E7: RELEVES | H7: GUIDER | I7: 0
B8: JOURNALIER | C8: CUMUL | E8: JOURNALIER | F8: CUMUL | H8: GAROUA | I8: 0
A9: MAROUA | B9: =I4 -> 0 | C9: ='07-05-14'!C9+B9 -> 14 | D9: NGONG | E9: =I9 -> 0 | F9: ='07-05-14'!F9+E9 -> 60 | H9: NGONG | I9: 0
A10: KAELE | B10: =I5 -> 0 | C10: ='07-05-14'!C10+B10 -> 10 | D10: POLI | E10: =I10 -> 0 | F10: ='07-05-14'!F10+E10 -> 105 | H10: POLI | I10: 0
A11: TCHATIBALI | B11: =I6 -> 0 | C11: ='07-05-14'!C11+B11 -> 42 | D11: MAYO-GALKE | E11: =I11 -> 0 | F11: ='07-05-14'!F11+E11 -> 116 | H11: MAYO-GALKE | I11: 0
A12: GUIDER | B12: =I7 -> 0 | C12: ='07-05-14'!C12+B12 -> 55 | D12: TOUBOURO | E12: =I12 -> 0 | F12: ='07-05-14'!F12+E12 -> 34 | H12: TOUBOURO | I12: 0
A13: GAROUA | B13: =I8 -> 0 | C13: ='07-05-14'!C13+B13 -> 70 | D13: HOME | E13: =I13 -> 0 | F13: ='07-05-14'!F13+E13 -> 73 | H13: HOME | I13: 0
A15: TOTAL JOURNALIER = | C15: =SUM(B9:B13)+SUM(E9:E13) -> 0 | D15: CUMUL GENERAL = | F15: =SUM(C9:C13)+SUM(F9:F13) -> 579 | H15: JOURNEE | I15: 41767
H16: TRANSMISSION | I16: =I15+1 -> 41768
A20: Transmis le : | B20: =I16 -> 41768

Sheet 09-05-14
A1: SODECOTON
H2: TABLEAU DE SAISI
A3: PLUVIOMETRIE JOURNALIERE ET PAR PENTADE | H3: STATION | I3: RELEVES
H4: MAROUA | I4: 0
B5: JOURNEE DU : | D5: =I15 -> 41768 | H5: KAELE | I5: 0
H6: TCHATIBALI | I6: 0
A7: STATION | B7: RELEVES | D7: STATION | E7: RELEVES | H7: GUIDER | I7: 0
B8: JOURNALIER | C8: CUMUL | E8: JOURNALIER | F8: CUMUL | H8: GAROUA | I8: 0
A9: MAROUA | B9: =I4 -> 0 | C9: ='08-05-14'!C9+B9 -> 14 | D9: NGONG | E9: =I9 -> 0 | F9: ='08-05-14'!F9+E9 -> 60 | H9: NGONG | I9: 0
A10: KAELE | B10: =I5 -> 0 | C10: ='08-05-14'!C10+B10 -> 10 | D10: POLI | E10: =I10 -> 0 | F10: ='08-05-14'!F10+E10 -> 105 | H10: POLI | I10: 0
A11: TCHATIBALI | B11: =I6 -> 0 | C11: ='08-05-14'!C11+B11 -> 42 | D11: MAYO-GALKE | E11: =I11 -> 0 | F11: ='08-05-14'!F11+E11 -> 116 | H11: MAYO-GALKE | I11: 0
A12: GUIDER | B12: =I7 -> 0 | C12: ='08-05-14'!C12+B12 -> 55 | D12: TOUBOURO | E12: =I12 -> 0 | F12: ='08-05-14'!F12+E12 -> 34 | H12: TOUBOURO | I12: 0
A13: GAROUA | B13: =I8 -> 0 | C13: ='08-05-14'!C13+B13 -> 70 | D13: HOME | E13: =I13 -> 0 | F13: ='08-05-14'!F13+E13 -> 73 | H13: HOME | I13: 0
A15: TOTAL JOURNALIER = | C15: =SUM(B9:B13)+SUM(E9:E13) -> 0 | D15: CUMUL GENERAL = | F15: =SUM(C9:C13)+SUM(F9:F13) -> 579 | H15: JOURNEE | I15: 41768
H16: TRANSMISSION | I16: =I15+1 -> 41769
A20: Transmis le : | B20: =I16 -> 41769

Sheet 10-05-14
A1: SODECOTON
H2: TABLEAU DE SAISI
A3: PLUVIOMETRIE JOURNALIERE ET PAR PENTADE | H3: STATION | I3: RELEVES
H4: MAROUA | I4: 0
B5: JOURNEE DU : | D5: =I15 -> 41769 | H5: KAELE | I5: 0
H6: TCHATIBALI | I6: 0
A7: STATION | B7: RELEVES | D7: STATION | E7: RELEVES | H7: GUIDER | I7: 0
B8: JOURNALIER | C8: CUMUL | E8: JOURNALIER | F8: CUMUL | H8: GAROUA | I8: 0
A9: MAROUA | B9: =I4 -> 0 | C9: ='09-05-14'!C9+B9 -> 14 | D9: NGONG | E9: =I9 -> 0 | F9: ='09-05-14'!F9+E9 -> 60 | H9: NGONG | I9: 0
A10: KAELE | B10: =I5 -> 0 | C10: ='09-05-14'!C10+B10 -> 10 | D10: POLI | E10: =I10 -> 0 | F10: ='09-05-14'!F10+E10 -> 105 | H10: POLI | I10: 0
A11: TCHATIBALI | B11: =I6 -> 0 | C11: ='09-05-14'!C11+B11 -> 42 | D11: MAYO-GALKE | E11: =I11 -> 0 | F11: ='09-05-14'!F11+E11 -> 116 | H11: MAYO-GALKE | I11: 0
A12: GUIDER | B12: =I7 -> 0 | C12: ='09-05-14'!C12+B12 -> 55 | D12: TOUBOURO | E12: =I12 -> 0 | F12: ='09-05-14'!F12+E12 -> 34 | H12: TOUBOURO | I12: 0
A13: GAROUA | B13: =I8 -> 0 | C13: ='09-05-14'!C13+B13 -> 70 | D13: HOME | E13: =I13 -> 0 | F13: ='09-05-14'!F13+E13 -> 73 | H13: HOME | I13: 0
A15: TOTAL JOURNALIER = | C15: =SUM(B9:B13)+SUM(E9:E13) -> 0 | D15: CUMUL GENERAL = | F15: =SUM(C9:C13)+SUM(F9:F13) -> 579 | H15: JOURNEE | I15: 41769
H16: TRANSMISSION | I16: =I15+1 -> 41770
A20: Transmis le : | B20: =I16 -> 41770

Sheet 11-05-14
A1: SODECOTON
H2: TABLEAU DE SAISI
A3: PLUVIOMETRIE JOURNALIERE ET PAR PENTADE | H3: STATION | I3: RELEVES
H4: MAROUA | I4: 0
B5: JOURNEE DU : | D5: =I15 -> 41770 | H5: KAELE | I5: 0
H6: TCHATIBALI | I6: 0
A7: STATION | B7: RELEVES | D7: STATION | E7: RELEVES | H7: GUIDER | I7: 0
B8: JOURNALIER | C8: CUMUL | E8: JOURNALIER | F8: CUMUL | H8: GAROUA | I8: 0
A9: MAROUA | B9: =I4 -> 0 | C9: 109 | D9: NGONG | E9: =I9 -> 0 | F9: 240 | H9: NGONG | I9: 0
A10: KAELE | B10: =I5 -> 0 | C10: 163 | D10: POLI | E10: =I10 -> 0 | F10: 373 | H10: POLI | I10: 0
A11: TCHATIBALI | B11: =I6 -> 0 | C11: 103 | D11: MAYO-GALKE | E11: =I11 -> 14 | F11: 280 | H11: MAYO-GALKE | I11: 14
A12: GUIDER | B12: =I7 -> 0 | C12: 155 | D12: TOUBOURO | E12: =I12 -> 2 | F12: 160 | H12: TOUBOURO | I12: 2
A13: GAROUA | B13: =I8 -> 0 | C13: 185 | D13: HOME | E13: =I13 -> 3 | F13: 286 | H13: HOME | I13: 3
A15: TOTAL JOURNALIER = | C15: =SUM(B9:B13)+SUM(E9:E13) -> 19 | D15: CUMUL GENERAL = | F15: =SUM(C9:C13)+SUM(F9:F13) -> 2054 | H15: JOURNEE | I15: 41770
H16: TRANSMISSION | I16: =I15+1 -> 41771
A20: Transmis le : | B20: =I16 -> 41771

Sheet 12-05-14
A1: SODECOTON
H2: TABLEAU DE SAISI
A3: PLUVIOMETRIE JOURNALIERE ET PAR PENTADE | H3: STATION | I3: RELEVES
H4: MAROUA | I4: 0
B5: JOURNEE DU : | D5: =I15 -> 41771 | H5: KAELE | I5: 0
H6: TCHATIBALI | I6: 0
A7: STATION | B7: RELEVES | D7: STATION | E7: RELEVES | H7: GUIDER | I7: 0
B8: JOURNALIER | C8: CUMUL | E8: JOURNALIER | F8: CUMUL | H8: GAROUA | I8: 0
A9: MAROUA | B9: =I4 -> 0 | C9: ='11-05-14'!C9+B9 -> 109 | D9: NGONG | E9: =I9 -> 0 | F9: ='11-05-14'!F9+E9 -> 240 | H9: NGONG | I9: 0
A10: KAELE | B10: =I5 -> 0 | C10: ='11-05-14'!C10+B10 -> 163 | D10: POLI | E10: =I10 -> 0 | F10: ='11-05-14'!F10+E10 -> 373 | H10: POLI | I10: 0
A11: TCHATIBALI | B11: =I6 -> 0 | C11: ='11-05-14'!C11+B11 -> 103 | D11: MAYO-GALKE | E11: =I11 -> 0 | F11: ='11-05-14'!F11+E11 -> 280 | H11: MAYO-GALKE | I11: 0
A12: GUIDER | B12: =I7 -> 0 | C12: ='11-05-14'!C12+B12 -> 155 | D12: TOUBOURO | E12: =I12 -> 0 | F12: ='11-05-14'!F12+E12 -> 160 | H12: TOUBOURO | I12: 0
A13: GAROUA | B13: =I8 -> 0 | C13: ='11-05-14'!C13+B13 -> 185 | D13: HOME | E13: =I13 -> 0 | F13: ='11-05-14'!F13+E13 -> 286 | H13: HOME | I13: 0
A15: TOTAL JOURNALIER = | C15: =SUM(B9:B13)+SUM(E9:E13) -> 0 | D15: CUMUL GENERAL = | F15: =SUM(C9:C13)+SUM(F9:F13) -> 2054 | H15: JOURNEE | I15: 41771
H16: TRANSMISSION | I16: =I15+1 -> 41772
A20: Transmis le : | B20: =I16 -> 41772

Sheet 13-05-14
A1: SODECOTON
H2: TABLEAU DE SAISI
A3: PLUVIOMETRIE JOURNALIERE ET PAR PENTADE | H3: STATION | I3: RELEVES
H4: MAROUA | I4: 0
B5: JOURNEE DU : | D5: =I15 -> 41772 | H5: KAELE | I5: 0
H6: TCHATIBALI | I6: 0
A7: STATION | B7: RELEVES | D7: STATION | E7: RELEVES | H7: GUIDER | I7: 0
B8: JOURNALIER | C8: CUMUL | E8: JOURNALIER | F8: CUMUL | H8: GAROUA | I8: 0
A9: MAROUA | B9: =I4 -> 0 | C9: ='12-05-14'!C9+B9 -> 109 | D9: NGONG | E9: =I9 -> 0 | F9: ='12-05-14'!F9+E9 -> 240 | H9: NGONG | I9: 0
A10: KAELE | B10: =I5 -> 0 | C10: ='12-05-14'!C10+B10 -> 163 | D10: POLI | E10: =I10 -> 0 | F10: ='12-05-14'!F10+E10 -> 373 | H10: POLI | I10: 0
A11: TCHATIBALI | B11: =I6 -> 0 | C11: ='12-05-14'!C11+B11 -> 103 | D11: MAYO-GALKE | E11: =I11 -> 0 | F11: ='12-05-14'!F11+E11 -> 280 | H11: MAYO-GALKE | I11: 0
A12: GUIDER | B12: =I7 -> 0 | C12: ='12-05-14'!C12+B12 -> 155 | D12: TOUBOURO | E12: =I12 -> 0 | F12: ='12-05-14'!F12+E12 -> 160 | H12: TOUBOURO | I12: 0
A13: GAROUA | B13: =I8 -> 0 | C13: ='12-05-14'!C13+B13 -> 185 | D13: HOME | E13: =I13 -> 0 | F13: ='12-05-14'!F13+E13 -> 286 | H13: HOME | I13: 0
A15: TOTAL JOURNALIER = | C15: =SUM(B9:B13)+SUM(E9:E13) -> 0 | D15: CUMUL GENERAL = | F15: =SUM(C9:C13)+SUM(F9:F13) -> 2054 | H15: JOURNEE | I15: 41772
H16: TRANSMISSION | I16: =I15+1 -> 41773
A20: Transmis le : | B20: =I16 -> 41773

Sheet 14-05-14
A1: SODECOTON
H2: TABLEAU DE SAISI
A3: PLUVIOMETRIE JOURNALIERE ET PAR PENTADE | H3: STATION | I3: RELEVES
H4: MAROUA | I4: 0
B5: JOURNEE DU : | D5: =I15 -> 41773 | H5: KAELE | I5: 0
H6: TCHATIBALI | I6: 0
A7: STATION | B7: RELEVES | D7: STATION | E7: RELEVES | H7: GUIDER | I7: 0
B8: JOURNALIER | C8: CUMUL | E8: JOURNALIER | F8: CUMUL | H8: GAROUA | I8: 0
A9: MAROUA | B9: =I4 -> 0 | C9: ='13-05-14'!C9+B9 -> 109 | D9: NGONG | E9: =I9 -> 0 | F9: ='13-05-14'!F9+E9 -> 240 | H9: NGONG | I9: 0
A10: KAELE | B10: =I5 -> 0 | C10: ='13-05-14'!C10+B10 -> 163 | D10: POLI | E10: =I10 -> 0 | F10: ='13-05-14'!F10+E10 -> 373 | H10: POLI | I10: 0
A11: TCHATIBALI | B11: =I6 -> 0 | C11: ='13-05-14'!C11+B11 -> 103 | D11: MAYO-GALKE | E11: =I11 -> 0 | F11: ='13-05-14'!F11+E11 -> 280 | H11: MAYO-GALKE | I11: 0
A12: GUIDER | B12: =I7 -> 0 | C12: ='13-05-14'!C12+B12 -> 155 | D12: TOUBOURO | E12: =I12 -> 0 | F12: ='13-05-14'!F12+E12 -> 160 | H12: TOUBOURO | I12: 0
A13: GAROUA | B13: =I8 -> 0 | C13: ='13-05-14'!C13+B13 -> 185 | D13: HOME | E13: =I13 -> 0 | F13: ='13-05-14'!F13+E13 -> 286 | H13: HOME | I13: 0
A15: TOTAL JOURNALIER = | C15: =SUM(B9:B13)+SUM(E9:E13) -> 0 | D15: CUMUL GENERAL = | F15: =SUM(C9:C13)+SUM(F9:F13) -> 2054 | H15: JOURNEE | I15: 41773
H16: TRANSMISSION | I16: =I15+1 -> 41774
A20: Transmis le : | B20: =I16 -> 41774

Sheet 15-05-14
A1: SODECOTON
H2: TABLEAU DE SAISI
A3: PLUVIOMETRIE JOURNALIERE ET PAR PENTADE | H3: STATION | I3: RELEVES
H4: MAROUA | I4: 0
B5: JOURNEE DU : | D5: =I15 -> 41774 | H5: KAELE | I5: 0
H6: TCHATIBALI | I6: 0
A7: STATION | B7: RELEVES | D7: STATION | E7: RELEVES | H7: GUIDER | I7: 0
B8: JOURNALIER | C8: CUMUL | E8: JOURNALIER | F8: CUMUL | H8: GAROUA | I8: 0
A9: MAROUA | B9: =I4 -> 0 | C9: ='14-05-14'!C9+B9 -> 109 | D9: NGONG | E9: =I9 -> 0 | F9: ='14-05-14'!F9+E9 -> 240 | H9: NGONG | I9: 0
A10: KAELE | B10: =I5 -> 0 | C10: ='14-05-14'!C10+B10 -> 163 | D10: POLI | E10: =I10 -> 0 | F10: ='14-05-14'!F10+E10 -> 373 | H10: POLI | I10: 0
A11: TCHATIBALI | B11: =I6 -> 0 | C11: ='14-05-14'!C11+B11 -> 103 | D11: MAYO-GALKE | E11: =I11 -> 0 | F11: ='14-05-14'!F11+E11 -> 280 | H11: MAYO-GALKE | I11: 0
A12: GUIDER | B12: =I7 -> 0 | C12: ='14-05-14'!C12+B12 -> 155 | D12: TOUBOURO | E12: =I12 -> 0 | F12: ='14-05-14'!F12+E12 -> 160 | H12: TOUBOURO | I12: 0
A13: GAROUA | B13: =I8 -> 0 | C13: ='14-05-14'!C13+B13 -> 185 | D13: HOME | E13: =I13 -> 0 | F13: ='14-05-14'!F13+E13 -> 286 | H13: HOME | I13: 0
A15: TOTAL JOURNALIER = | C15: =SUM(B9:B13)+SUM(E9:E13) -> 0 | D15: CUMUL GENERAL = | F15: =SUM(C9:C13)+SUM(F9:F13) -> 2054 | H15: JOURNEE | I15: 41774
H16: TRANSMISSION | I16: =I15+1 -> 41775
A20: Transmis le : | B20: =I16 -> 41775

Sheet 16-05-14
A1: SODECOTON
H2: TABLEAU DE SAISI
A3: PLUVIOMETRIE JOURNALIERE ET PAR PENTADE | H3: STATION | I3: RELEVES
H4: MAROUA | I4: 0
B5: JOURNEE DU : | D5: =I15 -> 41775 | H5: KAELE | I5: 0
H6: TCHATIBALI | I6: 0
A7: STATION | B7: RELEVES | D7: STATION | E7: RELEVES | H7: GUIDER | I7: 0
B8: JOURNALIER | C8: CUMUL | E8: JOURNALIER | F8: CUMUL | H8: GAROUA | I8: 0
A9: MAROUA | B9: =I4 -> 0 | C9: ='15-05-14'!C9+B9 -> 109 | D9: NGONG | E9: =I9 -> 0 | F9: ='15-05-14'!F9+E9 -> 240 | H9: NGONG | I9: 0
A10: KAELE | B10: =I5 -> 0 | C10: ='15-05-14'!C10+B10 -> 163 | D10: POLI | E10: =I10 -> 0 | F10: ='15-05-14'!F10+E10 -> 373 | H10: POLI | I10: 0
A11: TCHATIBALI | B11: =I6 -> 0 | C11: ='15-05-14'!C11+B11 -> 103 | D11: MAYO-GALKE | E11: =I11 -> 0 | F11: ='15-05-14'!F11+E11 -> 280 | H11: MAYO-GALKE | I11: 0
A12: GUIDER | B12: =I7 -> 0 | C12: ='15-05-14'!C12+B12 -> 155 | D12: TOUBOURO | E12: =I12 -> 0 | F12: ='15-05-14'!F12+E12 -> 160 | H12: TOUBOURO | I12: 0
A13: GAROUA | B13: =I8 -> 0 | C13: ='15-05-14'!C13+B13 -> 185 | D13: HOME | E13: =I13 -> 0 | F13: ='15-05-14'!F13+E13 -> 286 | H13: HOME | I13: 0
A15: TOTAL JOURNALIER = | C15: =SUM(B9:B13)+SUM(E9:E13) -> 0 | D15: CUMUL GENERAL = | F15: =SUM(C9:C13)+SUM(F9:F13) -> 2054 | H15: JOURNEE | I15: 41775
H16: TRANSMISSION | I16: =I15+1 -> 41776
A20: Transmis le : | B20: =I16 -> 41776

Sheet 17-05-14
A1: SODECOTON
H2: TABLEAU DE SAISI
A3: PLUVIOMETRIE JOURNALIERE ET PAR PENTADE | H3: STATION | I3: RELEVES
H4: MAROUA | I4: 0
B5: JOURNEE DU : | D5: =I15 -> 41776 | H5: KAELE | I5: 0
H6: TCHATIBALI | I6: 0
A7: STATION | B7: RELEVES | D7: STATION | E7: RELEVES | H7: GUIDER | I7: 0
B8: JOURNALIER | C8: CUMUL | E8: JOURNALIER | F8: CUMUL | H8: GAROUA | I8: 0
A9: MAROUA | B9: =I4 -> 0 | C9: ='16-05-14'!C9+B9 -> 109 | D9: NGONG | E9: =I9 -> 0 | F9: ='16-05-14'!F9+E9 -> 240 | H9: NGONG | I9: 0
A10: KAELE | B10: =I5 -> 0 | C10: ='16-05-14'!C10+B10 -> 163 | D10: POLI | E10: =I10 -> 0 | F10: ='16-05-14'!F10+E10 -> 373 | H10: POLI | I10: 0
A11: TCHATIBALI | B11: =I6 -> 0 | C11: ='16-05-14'!C11+B11 -> 103 | D11: MAYO-GALKE | E11: =I11 -> 0 | F11: ='16-05-14'!F11+E11 -> 280 | H11: MAYO-GALKE | I11: 0
A12: GUIDER | B12: =I7 -> 0 | C12: ='16-05-14'!C12+B12 -> 155 | D12: TOUBOURO | E12: =I12 -> 0 | F12: ='16-05-14'!F12+E12 -> 160 | H12: TOUBOURO | I12: 0
A13: GAROUA | B13: =I8 -> 0 | C13: ='16-05-14'!C13+B13 -> 185 | D13: HOME | E13: =I13 -> 0 | F13: ='16-05-14'!F13+E13 -> 286 | H13: HOME | I13: 0
A15: TOTAL JOURNALIER = | C15: =SUM(B9:B13)+SUM(E9:E13) -> 0 | D15: CUMUL GENERAL = | F15: =SUM(C9:C13)+SUM(F9:F13) -> 2054 | H15: JOURNEE | I15: 41776
H16: TRANSMISSION | I16: =I15+1 -> 41777
A20: Transmis le : | B20: =I16 -> 41777

Sheet 18-05-14
A1: SODECOTON
H2: TABLEAU DE SAISI
A3: PLUVIOMETRIE JOURNALIERE ET PAR PENTADE | H3: STATION | I3: RELEVES
H4: MAROUA | I4: 0
B5: JOURNEE DU : | D5: =I15 -> 41777 | H5: KAELE | I5: 0
H6: TCHATIBALI | I6: 0
A7: STATION | B7: RELEVES | D7: STATION | E7: RELEVES | H7: GUIDER | I7: 0
B8: JOURNALIER | C8: CUMUL | E8: JOURNALIER | F8: CUMUL | H8: GAROUA | I8: 0
A9: MAROUA | B9: =I4 -> 0 | C9: ='17-05-14'!C9+B9 -> 109 | D9: NGONG | E9: =I9 -> 0 | F9: ='17-05-14'!F9+E9 -> 240 | H9: NGONG | I9: 0
A10: KAELE | B10: =I5 -> 0 | C10: ='17-05-14'!C10+B10 -> 163 | D10: POLI | E10: =I10 -> 0 | F10: ='17-05-14'!F10+E10 -> 373 | H10: POLI | I10: 0
A11: TCHATIBALI | B11: =I6 -> 0 | C11: ='17-05-14'!C11+B11 -> 103 | D11: MAYO-GALKE | E11: =I11 -> 0 | F11: ='17-05-14'!F11+E11 -> 280 | H11: MAYO-GALKE | I11: 0
A12: GUIDER | B12: =I7 -> 0 | C12: ='17-05-14'!C12+B12 -> 155 | D12: TOUBOURO | E12: =I12 -> 0 | F12: ='17-05-14'!F12+E12 -> 160 | H12: TOUBOURO | I12: 0
A13: GAROUA | B13: =I8 -> 0 | C13: ='17-05-14'!C13+B13 -> 185 | D13: HOME | E13: =I13 -> 0 | F13: ='17-05-14'!F13+E13 -> 286 | H13: HOME | I13: 0
A15: TOTAL JOURNALIER = | C15: =SUM(B9:B13)+SUM(E9:E13) -> 0 | D15: CUMUL GENERAL = | F15: =SUM(C9:C13)+SUM(F9:F13) -> 2054 | H15: JOURNEE | I15: 41777
H16: TRANSMISSION | I16: =I15+1 -> 41778
A20: Transmis le : | B20: =I16 -> 41778

Sheet 19-05-14
A1: SODECOTON
H2: TABLEAU DE SAISI
A3: PLUVIOMETRIE JOURNALIERE ET PAR PENTADE | H3: STATION | I3: RELEVES
H4: MAROUA | I4: 0
B5: JOURNEE DU : | D5: =I15 -> 41778 | H5: KAELE | I5: 0
H6: TCHATIBALI | I6: 0
A7: STATION | B7: RELEVES | D7: STATION | E7: RELEVES | H7: GUIDER | I7: 0
B8: JOURNALIER | C8: CUMUL | E8: JOURNALIER | F8: CUMUL | H8: GAROUA | I8: 0
A9: MAROUA | B9: =I4 -> 0 | C9: ='18-05-14'!C9+B9 -> 109 | D9: NGONG | E9: =I9 -> 0 | F9: ='18-05-14'!F9+E9 -> 240 | H9: NGONG | I9: 0
A10: KAELE | B10: =I5 -> 0 | C10: ='18-05-14'!C10+B10 -> 163 | D10: POLI | E10: =I10 -> 0 | F10: ='18-05-14'!F10+E10 -> 373 | H10: POLI | I10: 0
A11: TCHATIBALI | B11: =I6 -> 0 | C11: ='18-05-14'!C11+B11 -> 103 | D11: MAYO-GALKE | E11: =I11 -> 0 | F11: ='18-05-14'!F11+E11 -> 280 | H11: MAYO-GALKE | I11: 0
A12: GUIDER | B12: =I7 -> 0 | C12: ='18-05-14'!C12+B12 -> 155 | D12: TOUBOURO | E12: =I12 -> 0 | F12: ='18-05-14'!F12+E12 -> 160 | H12: TOUBOURO | I12: 0
A13: GAROUA | B13: =I8 -> 0 | C13: ='18-05-14'!C13+B13 -> 185 | D13: HOME | E13: =I13 -> 0 | F13: ='18-05-14'!F13+E13 -> 286 | H13: HOME | I13: 0
A15: TOTAL JOURNALIER = | C15: =SUM(B9:B13)+SUM(E9:E13) -> 0 | D15: CUMUL GENERAL = | F15: =SUM(C9:C13)+SUM(F9:F13) -> 2054 | H15: JOURNEE | I15: 41778
H16: TRANSMISSION | I16: =I15+1 -> 41779
A20: Transmis le : | B20: =I16 -> 41779

Sheet 20-05-14
A1: SODECOTON
H2: TABLEAU DE SAISI
A3: PLUVIOMETRIE JOURNALIERE ET PAR PENTADE | H3: STATION | I3: RELEVES
H4: MAROUA | I4: 0
B5: JOURNEE DU : | D5: =I15 -> 41779 | H5: KAELE | I5: 0
H6: TCHATIBALI | I6: 0
A7: STATION | B7: RELEVES | D7: STATION | E7: RELEVES | H7: GUIDER | I7: 0
B8: JOURNALIER | C8: CUMUL | E8: JOURNALIER | F8: CUMUL | H8: GAROUA | I8: 0
A9: MAROUA | B9: =I4 -> 0 | C9: ='19-05-14'!C9+B9 -> 109 | D9: NGONG | E9: =I9 -> 0 | F9: ='19-05-14'!F9+E9 -> 240 | H9: NGONG | I9: 0
A10: KAELE | B10: =I5 -> 0 | C10: ='19-05-14'!C10+B10 -> 163 | D10: POLI | E10: =I10 -> 0 | F10: ='19-05-14'!F10+E10 -> 373 | H10: POLI | I10: 0
A11: TCHATIBALI | B11: =I6 -> 0 | C11: ='19-05-14'!C11+B11 -> 103 | D11: MAYO-GALKE | E11: =I11 -> 0 | F11: ='19-05-14'!F11+E11 -> 280 | H11: MAYO-GALKE | I11: 0
A12: GUIDER | B12: =I7 -> 0 | C12: ='19-05-14'!C12+B12 -> 155 | D12: TOUBOURO | E12: =I12 -> 0 | F12: ='19-05-14'!F12+E12 -> 160 | H12: TOUBOURO | I12: 0
A13: GAROUA | B13: =I8 -> 0 | C13: ='19-05-14'!C13+B13 -> 185 | D13: HOME | E13: =I13 -> 0 | F13: ='19-05-14'!F13+E13 -> 286 | H13: HOME | I13: 0
A15: TOTAL JOURNALIER = | C15: =SUM(B9:B13)+SUM(E9:E13) -> 0 | D15: CUMUL GENERAL = | F15: =SUM(C9:C13)+SUM(F9:F13) -> 2054 | H15: JOURNEE | I15: 41779
H16: TRANSMISSION | I16: =I15+1 -> 41780
A20: Transmis le : | B20: =I16 -> 41780

Sheet 21-05-14
A1: SODECOTON
H2: TABLEAU DE SAISI
A3: PLUVIOMETRIE JOURNALIERE ET PAR PENTADE | H3: STATION | I3: RELEVES
H4: MAROUA | I4: 0
B5: JOURNEE DU : | D5: =I15 -> 41780 | H5: KAELE | I5: 0
H6: TCHATIBALI | I6: 0
A7: STATION | B7: RELEVES | D7: STATION | E7: RELEVES | H7: GUIDER | I7: 0
B8: JOURNALIER | C8: CUMUL | E8: JOURNALIER | F8: CUMUL | H8: GAROUA | I8: 0
A9: MAROUA | B9: =I4 -> 0 | C9: ='20-05-14'!C9+B9 -> 109 | D9: NGONG | E9: =I9 -> 0 | F9: ='20-05-14'!F9+E9 -> 240 | H9: NGONG | I9: 0
A10: KAELE | B10: =I5 -> 0 | C10: ='20-05-14'!C10+B10 -> 163 | D10: POLI | E10: =I10 -> 0 | F10: ='20-05-14'!F10+E10 -> 373 | H10: POLI | I10: 0
A11: TCHATIBALI | B11: =I6 -> 0 | C11: ='20-05-14'!C11+B11 -> 103 | D11: MAYO-GALKE | E11: =I11 -> 0 | F11: ='20-05-14'!F11+E11 -> 280 | H11: MAYO-GALKE | I11: 0
A12: GUIDER | B12: =I7 -> 0 | C12: ='20-05-14'!C12+B12 -> 155 | D12: TOUBOURO | E12: =I12 -> 0 | F12: ='20-05-14'!F12+E12 -> 160 | H12: TOUBOURO | I12: 0
A13: GAROUA | B13: =I8 -> 0 | C13: ='20-05-14'!C13+B13 -> 185 | D13: HOME | E13: =I13 -> 0 | F13: ='20-05-14'!F13+E13 -> 286 | H13: HOME | I13: 0
A15: TOTAL JOURNALIER = | C15: =SUM(B9:B13)+SUM(E9:E13) -> 0 | D15: CUMUL GENERAL = | F15: =SUM(C9:C13)+SUM(F9:F13) -> 2054 | H15: JOURNEE | I15: 41780
H16: TRANSMISSION | I16: =I15+1 -> 41781
A20: Transmis le : | B20: =I16 -> 41781

Sheet 22-05-14
A1: SODECOTON
H2: TABLEAU DE SAISI
A3: PLUVIOMETRIE JOURNALIERE ET PAR PENTADE | H3: STATION | I3: RELEVES
H4: MAROUA | I4: 0
B5: JOURNEE DU : | D5: =I15 -> 41781 | H5: KAELE | I5: 0
H6: TCHATIBALI | I6: 0
A7: STATION | B7: RELEVES | D7: STATION | E7: RELEVES | H7: GUIDER | I7: 0
B8: JOURNALIER | C8: CUMUL | E8: JOURNALIER | F8: CUMUL | H8: GAROUA | I8: 0
A9: MAROUA | B9: =I4 -> 0 | C9: ='21-05-14'!C9+B9 -> 109 | D9: NGONG | E9: =I9 -> 0 | F9: ='21-05-14'!F9+E9 -> 240 | H9: NGONG | I9: 0
A10: KAELE | B10: =I5 -> 0 | C10: ='21-05-14'!C10+B10 -> 163 | D10: POLI | E10: =I10 -> 0 | F10: ='21-05-14'!F10+E10 -> 373 | H10: POLI | I10: 0
A11: TCHATIBALI | B11: =I6 -> 0 | C11: ='21-05-14'!C11+B11 -> 103 | D11: MAYO-GALKE | E11: =I11 -> 0 | F11: ='21-05-14'!F11+E11 -> 280 | H11: MAYO-GALKE | I11: 0
A12: GUIDER | B12: =I7 -> 0 | C12: ='21-05-14'!C12+B12 -> 155 | D12: TOUBOURO | E12: =I12 -> 0 | F12: ='21-05-14'!F12+E12 -> 160 | H12: TOUBOURO | I12: 0
A13: GAROUA | B13: =I8 -> 0 | C13: ='21-05-14'!C13+B13 -> 185 | D13: HOME | E13: =I13 -> 0 | F13: ='21-05-14'!F13+E13 -> 286 | H13: HOME | I13: 0
A15: TOTAL JOURNALIER = | C15: =SUM(B9:B13)+SUM(E9:E13) -> 0 | D15: CUMUL GENERAL = | F15: =SUM(C9:C13)+SUM(F9:F13) -> 2054 | H15: JOURNEE | I15: 41781
H16: TRANSMISSION | I16: =I15+1 -> 41782
A20: Transmis le : | B20: =I16 -> 41782

Sheet 23-05-14
A1: SODECOTON
H2: TABLEAU DE SAISI
A3: PLUVIOMETRIE JOURNALIERE ET PAR PENTADE | H3: STATION | I3: RELEVES
H4: MAROUA | I4: 0
B5: JOURNEE DU : | D5: =I15 -> 41782 | H5: KAELE | I5: 0
H6: TCHATIBALI | I6: 0
A7: STATION | B7: RELEVES | D7: STATION | E7: RELEVES | H7: GUIDER | I7: 0
B8: JOURNALIER | C8: CUMUL | E8: JOURNALIER | F8: CUMUL | H8: GAROUA | I8: 0
A9: MAROUA | B9: =I4 -> 0 | C9: ='22-05-14'!C9+B9 -> 109 | D9: NGONG | E9: =I9 -> 0 | F9: ='22-05-14'!F9+E9 -> 240 | H9: NGONG | I9: 0
A10: KAELE | B10: =I5 -> 0 | C10: ='22-05-14'!C10+B10 -> 163 | D10: POLI | E10: =I10 -> 0 | F10: ='22-05-14'!F10+E10 -> 373 | H10: POLI | I10: 0
A11: TCHATIBALI | B11: =I6 -> 0 | C11: ='22-05-14'!C11+B11 -> 103 | D11: MAYO-GALKE | E11: =I11 -> 0 | F11: ='22-05-14'!F11+E11 -> 280 | H11: MAYO-GALKE | I11: 0
A12: GUIDER | B12: =I7 -> 0 | C12: ='22-05-14'!C12+B12 -> 155 | D12: TOUBOURO | E12: =I12 -> 0 | F12: ='22-05-14'!F12+E12 -> 160 | H12: TOUBOURO | I12: 0
A13: GAROUA | B13: =I8 -> 0 | C13: ='22-05-14'!C13+B13 -> 185 | D13: HOME | E13: =I13 -> 0 | F13: ='22-05-14'!F13+E13 -> 286 | H13: HOME | I13: 0
A15: TOTAL JOURNALIER = | C15: =SUM(B9:B13)+SUM(E9:E13) -> 0 | D15: CUMUL GENERAL = | F15: =SUM(C9:C13)+SUM(F9:F13) -> 2054 | H15: JOURNEE | I15: 41782
H16: TRANSMISSION | I16: =I15+1 -> 41783
A20: Transmis le : | B20: =I16 -> 41783

Sheet 24-05-14
A1: SODECOTON
H2: TABLEAU DE SAISI
A3: PLUVIOMETRIE JOURNALIERE ET PAR PENTADE | H3: STATION | I3: RELEVES
H4: MAROUA | I4: 0
B5: JOURNEE DU : | D5: =I15 -> 41783 | H5: KAELE | I5: 0
H6: TCHATIBALI | I6: 0
A7: STATION | B7: RELEVES | D7: STATION | E7: RELEVES | H7: GUIDER | I7: 0
B8: JOURNALIER | C8: CUMUL | E8: JOURNALIER | F8: CUMUL | H8: GAROUA | I8: 0
A9: MAROUA | B9: =I4 -> 0 | C9: ='23-05-14'!C9+B9 -> 109 | D9: NGONG | E9: =I9 -> 0 | F9: ='23-05-14'!F9+E9 -> 240 | H9: NGONG | I9: 0
A10: KAELE | B10: =I5 -> 0 | C10: ='23-05-14'!C10+B10 -> 163 | D10: POLI | E10: =I10 -> 0 | F10: ='23-05-14'!F10+E10 -> 373 | H10: POLI | I10: 0
A11: TCHATIBALI | B11: =I6 -> 0 | C11: ='23-05-14'!C11+B11 -> 103 | D11: MAYO-GALKE | E11: =I11 -> 0 | F11: ='23-05-14'!F11+E11 -> 280 | H11: MAYO-GALKE | I11: 0
A12: GUIDER | B12: =I7 -> 0 | C12: ='23-05-14'!C12+B12 -> 155 | D12: TOUBOURO | E12: =I12 -> 0 | F12: ='23-05-14'!F12+E12 -> 160 | H12: TOUBOURO | I12: 0
A13: GAROUA | B13: =I8 -> 0 | C13: ='23-05-14'!C13+B13 -> 185 | D13: HOME | E13: =I13 -> 0 | F13: ='23-05-14'!F13+E13 -> 286 | H13: HOME | I13: 0
A15: TOTAL JOURNALIER = | C15: =SUM(B9:B13)+SUM(E9:E13) -> 0 | D15: CUMUL GENERAL = | F15: =SUM(C9:C13)+SUM(F9:F13) -> 2054 | H15: JOURNEE | I15: 41783
H16: TRANSMISSION | I16: =I15+1 -> 41784
A20: Transmis le : | B20: =I16 -> 41784

Sheet 25-05-14
A1: SODECOTON
H2: TABLEAU DE SAISI
A3: PLUVIOMETRIE JOURNALIERE ET PAR PENTADE | H3: STATION | I3: RELEVES
H4: MAROUA | I4: 0
B5: JOURNEE DU : | D5: =I15 -> 41784 | H5: KAELE | I5: 0
H6: TCHATIBALI | I6: 0
A7: STATION | B7: RELEVES | D7: STATION | E7: RELEVES | H7: GUIDER | I7: 0
B8: JOURNALIER | C8: CUMUL | E8: JOURNALIER | F8: CUMUL | H8: GAROUA | I8: 0
A9: MAROUA | B9: =I4 -> 0 | C9: ='24-05-14'!C9+B9 -> 109 | D9: NGONG | E9: =I9 -> 0 | F9: ='24-05-14'!F9+E9 -> 240 | H9: NGONG | I9: 0
A10: KAELE | B10: =I5 -> 0 | C10: ='24-05-14'!C10+B10 -> 163 | D10: POLI | E10: =I10 -> 0 | F10: ='24-05-14'!F10+E10 -> 373 | H10: POLI | I10: 0
A11: TCHATIBALI | B11: =I6 -> 0 | C11: ='24-05-14'!C11+B11 -> 103 | D11: MAYO-GALKE | E11: =I11 -> 0 | F11: ='24-05-14'!F11+E11 -> 280 | H11: MAYO-GALKE | I11: 0
A12: GUIDER | B12: =I7 -> 0 | C12: ='24-05-14'!C12+B12 -> 155 | D12: TOUBOURO | E12: =I12 -> 0 | F12: ='24-05-14'!F12+E12 -> 160 | H12: TOUBOURO | I12: 0
A13: GAROUA | B13: =I8 -> 0 | C13: ='24-05-14'!C13+B13 -> 185 | D13: HOME | E13: =I13 -> 0 | F13: ='24-05-14'!F13+E13 -> 286 | H13: HOME | I13: 0
A15: TOTAL JOURNALIER = | C15: =SUM(B9:B13)+SUM(E9:E13) -> 0 | D15: CUMUL GENERAL = | F15: =SUM(C9:C13)+SUM(F9:F13) -> 2054 | H15: JOURNEE | I15: 41784
H16: TRANSMISSION | I16: =I15+1 -> 41785
A20: Transmis le : | B20: =I16 -> 41785

Sheet 26-05-14
A1: SODECOTON
H2: TABLEAU DE SAISI
A3: PLUVIOMETRIE JOURNALIERE ET PAR PENTADE | H3: STATION | I3: RELEVES
H4: MAROUA | I4: 0
B5: JOURNEE DU : | D5: =I15 -> 41785 | H5: KAELE | I5: 0
H6: TCHATIBALI | I6: 0
A7: STATION | B7: RELEVES | D7: STATION | E7: RELEVES | H7: GUIDER | I7: 0
B8: JOURNALIER | C8: CUMUL | E8: JOURNALIER | F8: CUMUL | H8: GAROUA | I8: 0
A9: MAROUA | B9: =I4 -> 0 | C9: ='25-05-14'!C9+B9 -> 109 | D9: NGONG | E9: =I9 -> 0 | F9: ='25-05-14'!F9+E9 -> 240 | H9: NGONG | I9: 0
A10: KAELE | B10: =I5 -> 0 | C10: ='25-05-14'!C10+B10 -> 163 | D10: POLI | E10: =I10 -> 0 | F10: ='25-05-14'!F10+E10 -> 373 | H10: POLI | I10: 0
A11: TCHATIBALI | B11: =I6 -> 0 | C11: ='25-05-14'!C11+B11 -> 103 | D11: MAYO-GALKE | E11: =I11 -> 0 | F11: ='25-05-14'!F11+E11 -> 280 | H11: MAYO-GALKE | I11: 0
A12: GUIDER | B12: =I7 -> 0 | C12: ='25-05-14'!C12+B12 -> 155 | D12: TOUBOURO | E12: =I12 -> 0 | F12: ='25-05-14'!F12+E12 -> 160 | H12: TOUBOURO | I12: 0
A13: GAROUA | B13: =I8 -> 0 | C13: ='25-05-14'!C13+B13 -> 185 | D13: HOME | E13: =I13 -> 0 | F13: ='25-05-14'!F13+E13 -> 286 | H13: HOME | I13: 0
A15: TOTAL JOURNALIER = | C15: =SUM(B9:B13)+SUM(E9:E13) -> 0 | D15: CUMUL GENERAL = | F15: =SUM(C9:C13)+SUM(F9:F13) -> 2054 | H15: JOURNEE | I15: 41785
H16: TRANSMISSION | I16: =I15+1 -> 41786
A20: Transmis le : | B20: =I16 -> 41786

Sheet 27-05-14
A1: SODECOTON
H2: TABLEAU DE SAISI
A3: PLUVIOMETRIE JOURNALIERE ET PAR PENTADE | H3: STATION | I3: RELEVES
H4: MAROUA | I4: 0
B5: JOURNEE DU : | D5: =I15 -> 41786 | H5: KAELE | I5: 0
H6: TCHATIBALI | I6: 0
A7: STATION | B7: RELEVES | D7: STATION | E7: RELEVES | H7: GUIDER | I7: 0
B8: JOURNALIER | C8: CUMUL | E8: JOURNALIER | F8: CUMUL | H8: GAROUA | I8: 0
A9: MAROUA | B9: =I4 -> 0 | C9: ='26-05-14'!C9+B9 -> 109 | D9: NGONG | E9: =I9 -> 0 | F9: ='26-05-14'!F9+E9 -> 240 | H9: NGONG | I9: 0
A10: KAELE | B10: =I5 -> 0 | C10: ='26-05-14'!C10+B10 -> 163 | D10: POLI | E10: =I10 -> 0 | F10: ='26-05-14'!F10+E10 -> 373 | H10: POLI | I10: 0
A11: TCHATIBALI | B11: =I6 -> 0 | C11: ='26-05-14'!C11+B11 -> 103 | D11: MAYO-GALKE | E11: =I11 -> 0 | F11: ='26-05-14'!F11+E11 -> 280 | H11: MAYO-GALKE | I11: 0
A12: GUIDER | B12: =I7 -> 0 | C12: ='26-05-14'!C12+B12 -> 155 | D12: TOUBOURO | E12: =I12 -> 0 | F12: ='26-05-14'!F12+E12 -> 160 | H12: TOUBOURO | I12: 0
A13: GAROUA | B13: =I8 -> 0 | C13: ='26-05-14'!C13+B13 -> 185 | D13: HOME | E13: =I13 -> 0 | F13: ='26-05-14'!F13+E13 -> 286 | H13: HOME | I13: 0
A15: TOTAL JOURNALIER = | C15: =SUM(B9:B13)+SUM(E9:E13) -> 0 | D15: CUMUL GENERAL = | F15: =SUM(C9:C13)+SUM(F9:F13) -> 2054 | H15: JOURNEE | I15: 41786
H16: TRANSMISSION | I16: =I15+1 -> 41787
A20: Transmis le : | B20: =I16 -> 41787

Sheet 28-05-14
A1: SODECOTON
H2: TABLEAU DE SAISI
A3: PLUVIOMETRIE JOURNALIERE ET PAR PENTADE | H3: STATION | I3: RELEVES
H4: MAROUA | I4: 0
B5: JOURNEE DU : | D5: =I15 -> 41787 | H5: KAELE | I5: 0
H6: TCHATIBALI | I6: 0
A7: STATION | B7: RELEVES | D7: STATION | E7: RELEVES | H7: GUIDER | I7: 0
B8: JOURNALIER | C8: CUMUL | E8: JOURNALIER | F8: CUMUL | H8: GAROUA | I8: 0
A9: MAROUA | B9: =I4 -> 0 | C9: ='27-05-14'!C9+B9 -> 109 | D9: NGONG | E9: =I9 -> 0 | F9: ='27-05-14'!F9+E9 -> 240 | H9: NGONG | I9: 0
A10: KAELE | B10: =I5 -> 0 | C10: ='27-05-14'!C10+B10 -> 163 | D10: POLI | E10: =I10 -> 0 | F10: ='27-05-14'!F10+E10 -> 373 | H10: POLI | I10: 0
A11: TCHATIBALI | B11: =I6 -> 0 | C11: ='27-05-14'!C11+B11 -> 103 | D11: MAYO-GALKE | E11: =I11 -> 0 | F11: ='27-05-14'!F11+E11 -> 280 | H11: MAYO-GALKE | I11: 0
A12: GUIDER | B12: =I7 -> 0 | C12: ='27-05-14'!C12+B12 -> 155 | D12: TOUBOURO | E12: =I12 -> 0 | F12: ='27-05-14'!F12+E12 -> 160 | H12: TOUBOURO | I12: 0
A13: GAROUA | B13: =I8 -> 0 | C13: ='27-05-14'!C13+B13 -> 185 | D13: HOME | E13: =I13 -> 0 | F13: ='27-05-14'!F13+E13 -> 286 | H13: HOME | I13: 0
A15: TOTAL JOURNALIER = | C15: =SUM(B9:B13)+SUM(E9:E13) -> 0 | D15: CUMUL GENERAL = | F15: =SUM(C9:C13)+SUM(F9:F13) -> 2054 | H15: JOURNEE | I15: 41787
H16: TRANSMISSION | I16: =I15+1 -> 41788
A20: Transmis le : | B20: =I16 -> 41788

Sheet 29-05-14
A1: SODECOTON
H2: TABLEAU DE SAISI
A3: PLUVIOMETRIE JOURNALIERE ET PAR PENTADE | H3: STATION | I3: RELEVES
H4: MAROUA | I4: 0
B5: JOURNEE DU : | D5: =I15 -> 41788 | H5: KAELE | I5: 0
H6: TCHATIBALI | I6: 0
A7: STATION | B7: RELEVES | D7: STATION | E7: RELEVES | H7: GUIDER | I7: 0
B8: JOURNALIER | C8: CUMUL | E8: JOURNALIER | F8: CUMUL | H8: GAROUA | I8: 0
A9: MAROUA | B9: =I4 -> 0 | C9: ='28-05-14'!C9+B9 -> 109 | D9: NGONG | E9: =I9 -> 0 | F9: ='28-05-14'!F9+E9 -> 240 | H9: NGONG | I9: 0
A10: KAELE | B10: =I5 -> 0 | C10: ='28-05-14'!C10+B10 -> 163 | D10: POLI | E10: =I10 -> 0 | F10: ='28-05-14'!F10+E10 -> 373 | H10: POLI | I10: 0
A11: TCHATIBALI | B11: =I6 -> 0 | C11: ='28-05-14'!C11+B11 -> 103 | D11: MAYO-GALKE | E11: =I11 -> 0 | F11: ='28-05-14'!F11+E11 -> 280 | H11: MAYO-GALKE | I11: 0
A12: GUIDER | B12: =I7 -> 0 | C12: ='28-05-14'!C12+B12 -> 155 | D12: TOUBOURO | E12: =I12 -> 0 | F12: ='28-05-14'!F12+E12 -> 160 | H12: TOUBOURO | I12: 0
A13: GAROUA | B13: =I8 -> 0 | C13: ='28-05-14'!C13+B13 -> 185 | D13: HOME | E13: =I13 -> 0 | F13: ='28-05-14'!F13+E13 -> 286 | H13: HOME | I13: 0
A15: TOTAL JOURNALIER = | C15: =SUM(B9:B13)+SUM(E9:E13) -> 0 | D15: CUMUL GENERAL = | F15: =SUM(C9:C13)+SUM(F9:F13) -> 2054 | H15: JOURNEE | I15: 41788
H16: TRANSMISSION | I16: =I15+1 -> 41789
A20: Transmis le : | B20: =I16 -> 41789

Sheet 30-05-14
A1: SODECOTON
H2: TABLEAU DE SAISI
A3: PLUVIOMETRIE JOURNALIERE ET PAR PENTADE | H3: STATION | I3: RELEVES
H4: MAROUA | I4: 0
B5: JOURNEE DU : | D5: =I15 -> 41789 | H5: KAELE | I5: 0
H6: TCHATIBALI | I6: 0
A7: STATION | B7: RELEVES | D7: STATION | E7: RELEVES | H7: GUIDER | I7: 0
B8: JOURNALIER | C8: CUMUL | E8: JOURNALIER | F8: CUMUL | H8: GAROUA | I8: 0
A9: MAROUA | B9: =I4 -> 0 | C9: ='29-05-14'!C9+B9 -> 109 | D9: NGONG | E9: =I9 -> 0 | F9: ='29-05-14'!F9+E9 -> 240 | H9: NGONG | I9: 0
A10: KAELE | B10: =I5 -> 0 | C10: ='29-05-14'!C10+B10 -> 163 | D10: POLI | E10: =I10 -> 0 | F10: ='29-05-14'!F10+E10 -> 373 | H10: POLI | I10: 0
A11: TCHATIBALI | B11: =I6 -> 0 | C11: ='29-05-14'!C11+B11 -> 103 | D11: MAYO-GALKE | E11: =I11 -> 0 | F11: ='29-05-14'!F11+E11 -> 280 | H11: MAYO-GALKE | I11: 0
A12: GUIDER | B12: =I7 -> 0 | C12: ='29-05-14'!C12+B12 -> 155 | D12: TOUBOURO | E12: =I12 -> 0 | F12: ='29-05-14'!F12+E12 -> 160 | H12: TOUBOURO | I12: 0
A13: GAROUA | B13: =I8 -> 0 | C13: ='29-05-14'!C13+B13 -> 185 | D13: HOME | E13: =I13 -> 0 | F13: ='29-05-14'!F13+E13 -> 286 | H13: HOME | I13: 0
A15: TOTAL JOURNALIER = | C15: =SUM(B9:B13)+SUM(E9:E13) -> 0 | D15: CUMUL GENERAL = | F15: =SUM(C9:C13)+SUM(F9:F13) -> 2054 | H15: JOURNEE | I15: 41789
H16: TRANSMISSION | I16: =I15+1 -> 41790
A20: Transmis le : | B20: =I16 -> 41790

Sheet 31-05-14
A1: SODECOTON
H2: TABLEAU DE SAISI
A3: PLUVIOMETRIE JOURNALIERE ET PAR PENTADE | H3: STATION | I3: RELEVES
H4: MAROUA | I4: 0
B5: JOURNEE DU : | D5: =I15 -> 41790 | H5: KAELE | I5: 0
H6: TCHATIBALI | I6: 0
A7: STATION | B7: RELEVES | D7: STATION | E7: RELEVES | H7: GUIDER | I7: 0
B8: JOURNALIER | C8: CUMUL | E8: JOURNALIER | F8: CUMUL | H8: GAROUA | I8: 0
A9: MAROUA | B9: =I4 -> 0 | C9: ='30-05-14'!C9+B9 -> 109 | D9: NGONG | E9: =I9 -> 0 | F9: ='30-05-14'!F9+E9 -> 240 | H9: NGONG | I9: 0
A10: KAELE | B10: =I5 -> 0 | C10: ='30-05-14'!C10+B10 -> 163 | D10: POLI | E10: =I10 -> 0 | F10: ='30-05-14'!F10+E10 -> 373 | H10: POLI | I10: 0
A11: TCHATIBALI | B11: =I6 -> 0 | C11: ='30-05-14'!C11+B11 -> 103 | D11: MAYO-GALKE | E11: =I11 -> 0 | F11: ='30-05-14'!F11+E11 -> 280 | H11: MAYO-GALKE | I11: 0
A12: GUIDER | B12: =I7 -> 0 | C12: ='30-05-14'!C12+B12 -> 155 | D12: TOUBOURO | E12: =I12 -> 0 | F12: ='30-05-14'!F12+E12 -> 160 | H12: TOUBOURO | I12: 0
A13: GAROUA | B13: =I8 -> 0 | C13: ='30-05-14'!C13+B13 -> 185 | D13: HOME | E13: =I13 -> 0 | F13: ='30-05-14'!F13+E13 -> 286 | H13: HOME | I13: 0
A15: TOTAL JOURNALIER = | C15: =SUM(B9:B13)+SUM(E9:E13) -> 0 | D15: CUMUL GENERAL = | F15: =SUM(C9:C13)+SUM(F9:F13) -> 2054 | H15: JOURNEE | I15: 41790
H16: TRANSMISSION | I16: =I15+1 -> 41791
A20: Transmis le : | B20: =I16 -> 41791

Sheet 01-06-14
A1: SODECOTON
H2: TABLEAU DE SAISI
A3: PLUVIOMETRIE JOURNALIERE ET PAR PENTADE | H3: STATION | I3: RELEVES
H4: MAROUA | I4: 0
B5: JOURNEE DU : | D5: =I15 -> 41791 | H5: KAELE | I5: 0
H6: TCHATIBALI | I6: 0
A7: STATION | B7: RELEVES | D7: STATION | E7: RELEVES | H7: GUIDER | I7: 0
B8: JOURNALIER | C8: CUMUL | E8: JOURNALIER | F8: CUMUL | H8: GAROUA | I8: 0
A9: MAROUA | B9: =I4 -> 0 | C9: ='31-05-14'!C9+B9 -> 109 | D9: NGONG | E9: =I9 -> 0 | F9: ='31-05-14'!F9+E9 -> 240 | H9: NGONG | I9: 0
A10: KAELE | B10: =I5 -> 0 | C10: ='31-05-14'!C10+B10 -> 163 | D10: POLI | E10: =I10 -> 0 | F10: ='31-05-14'!F10+E10 -> 373 | H10: POLI | I10: 0
A11: TCHATIBALI | B11: =I6 -> 0 | C11: ='31-05-14'!C11+B11 -> 103 | D11: MAYO-GALKE | E11: =I11 -> 0 | F11: ='31-05-14'!F11+E11 -> 280 | H11: MAYO-GALKE | I11: 0
A12: GUIDER | B12: =I7 -> 0 | C12: ='31-05-14'!C12+B12 -> 155 | D12: TOUBOURO | E12: =I12 -> 0 | F12: ='31-05-14'!F12+E12 -> 160 | H12: TOUBOURO | I12: 0
A13: GAROUA | B13: =I8 -> 0 | C13: ='31-05-14'!C13+B13 -> 185 | D13: HOME | E13: =I13 -> 0 | F13: ='31-05-14'!F13+E13 -> 286 | H13: HOME | I13: 0
A15: TOTAL JOURNALIER = | C15: =SUM(B9:B13)+SUM(E9:E13) -> 0 | D15: CUMUL GENERAL = | F15: =SUM(C9:C13)+SUM(F9:F13) -> 2054 | H15: JOURNEE | I15: 41791
H16: TRANSMISSION | I16: =I15+1 -> 41792
A20: Transmis le : | B20: =I16 -> 41792

Sheet 02-06-14
A1: SODECOTON
H2: TABLEAU DE SAISI
A3: PLUVIOMETRIE JOURNALIERE ET PAR PENTADE | H3: STATION | I3: RELEVES
H4: MAROUA | I4: 0
B5: JOURNEE DU : | D5: =I15 -> 41792 | H5: KAELE | I5: 0
H6: TCHATIBALI | I6: 0
A7: STATION | B7: RELEVES | D7: STATION | E7: RELEVES | H7: GUIDER | I7: 0
B8: JOURNALIER | C8: CUMUL | E8: JOURNALIER | F8: CUMUL | H8: GAROUA | I8: 0
A9: MAROUA | B9: =I4 -> 0 | C9: ='01-06-14'!C9+B9 -> 109 | D9: NGONG | E9: =I9 -> 0 | F9: ='01-06-14'!F9+E9 -> 240 | H9: NGONG | I9: 0
A10: KAELE | B10: =I5 -> 0 | C10: ='01-06-14'!C10+B10 -> 163 | D10: POLI | E10: =I10 -> 0 | F10: ='01-06-14'!F10+E10 -> 373 | H10: POLI | I10: 0
A11: TCHATIBALI | B11: =I6 -> 0 | C11: ='01-06-14'!C11+B11 -> 103 | D11: MAYO-GALKE | E11: =I11 -> 0 | F11: ='01-06-14'!F11+E11 -> 280 | H11: MAYO-GALKE | I11: 0
A12: GUIDER | B12: =I7 -> 0 | C12: ='01-06-14'!C12+B12 -> 155 | D12: TOUBOURO | E12: =I12 -> 0 | F12: ='01-06-14'!F12+E12 -> 160 | H12: TOUBOURO | I12: 0
A13: GAROUA | B13: =I8 -> 0 | C13: ='01-06-14'!C13+B13 -> 185 | D13: HOME | E13: =I13 -> 0 | F13: ='01-06-14'!F13+E13 -> 286 | H13: HOME | I13: 0
A15: TOTAL JOURNALIER = | C15: =SUM(B9:B13)+SUM(E9:E13) -> 0 | D15: CUMUL GENERAL = | F15: =SUM(C9:C13)+SUM(F9:F13) -> 2054 | H15: JOURNEE | I15: 41792
H16: TRANSMISSION | I16: =I15+1 -> 41793
A20: Transmis le : | B20: =I16 -> 41793

Sheet 03-06-14
A1: SODECOTON
H2: TABLEAU DE SAISI
A3: PLUVIOMETRIE JOURNALIERE ET PAR PENTADE | H3: STATION | I3: RELEVES
H4: MAROUA | I4: 0
B5: JOURNEE DU : | D5: =I15 -> 41793 | H5: KAELE | I5: 0
H6: TCHATIBALI | I6: 0
A7: STATION | B7: RELEVES | D7: STATION | E7: RELEVES | H7: GUIDER | I7: 0
B8: JOURNALIER | C8: CUMUL | E8: JOURNALIER | F8: CUMUL | H8: GAROUA | I8: 0
A9: MAROUA | B9: =I4 -> 0 | C9: ='02-06-14'!C9+B9 -> 109 | D9: NGONG | E9: =I9 -> 0 | F9: ='02-06-14'!F9+E9 -> 240 | H9: NGONG | I9: 0
A10: KAELE | B10: =I5 -> 0 | C10: ='02-06-14'!C10+B10 -> 163 | D10: POLI | E10: =I10 -> 0 | F10: ='02-06-14'!F10+E10 -> 373 | H10: POLI | I10: 0
A11: TCHATIBALI | B11: =I6 -> 0 | C11: ='02-06-14'!C11+B11 -> 103 | D11: MAYO-GALKE | E11: =I11 -> 0 | F11: ='02-06-14'!F11+E11 -> 280 | H11: MAYO-GALKE | I11: 0
A12: GUIDER | B12: =I7 -> 0 | C12: ='02-06-14'!C12+B12 -> 155 | D12: TOUBOURO | E12: =I12 -> 0 | F12: ='02-06-14'!F12+E12 -> 160 | H12: TOUBOURO | I12: 0
A13: GAROUA | B13: =I8 -> 0 | C13: ='02-06-14'!C13+B13 -> 185 | D13: HOME | E13: =I13 -> 0 | F13: ='02-06-14'!F13+E13 -> 286 | H13: HOME | I13: 0
A15: TOTAL JOURNALIER = | C15: =SUM(B9:B13)+SUM(E9:E13) -> 0 | D15: CUMUL GENERAL = | F15: =SUM(C9:C13)+SUM(F9:F13) -> 2054 | H15: JOURNEE | I15: 41793
H16: TRANSMISSION | I16: =I15+1 -> 41794
A20: Transmis le : | B20: =I16 -> 41794

Sheet 04-06-14
A1: SODECOTON
H2: TABLEAU DE SAISI
A3: PLUVIOMETRIE JOURNALIERE ET PAR PENTADE | H3: STATION | I3: RELEVES
H4: MAROUA | I4: 0
B5: JOURNEE DU : | D5: =I15 -> 41794 | H5: KAELE | I5: 0
H6: TCHATIBALI | I6: 0
A7: STATION | B7: RELEVES | D7: STATION | E7: RELEVES | H7: GUIDER | I7: 0
B8: JOURNALIER | C8: CUMUL | E8: JOURNALIER | F8: CUMUL | H8: GAROUA | I8: 0
A9: MAROUA | B9: =I4 -> 0 | C9: ='03-06-14'!C9+B9 -> 109 | D9: NGONG | E9: =I9 -> 0 | F9: ='03-06-14'!F9+E9 -> 240 | H9: NGONG | I9: 0
A10: KAELE | B10: =I5 -> 0 | C10: ='03-06-14'!C10+B10 -> 163 | D10: POLI | E10: =I10 -> 0 | F10: ='03-06-14'!F10+E10 -> 373 | H10: POLI | I10: 0
A11: TCHATIBALI | B11: =I6 -> 0 | C11: ='03-06-14'!C11+B11 -> 103 | D11: MAYO-GALKE | E11: =I11 -> 0 | F11: ='03-06-14'!F11+E11 -> 280 | H11: MAYO-GALKE | I11: 0
A12: GUIDER | B12: =I7 -> 0 | C12: ='03-06-14'!C12+B12 -> 155 | D12: TOUBOURO | E12: =I12 -> 0 | F12: ='03-06-14'!F12+E12 -> 160 | H12: TOUBOURO | I12: 0
A13: GAROUA | B13: =I8 -> 0 | C13: ='03-06-14'!C13+B13 -> 185 | D13: HOME | E13: =I13 -> 0 | F13: ='03-06-14'!F13+E13 -> 286 | H13: HOME | I13: 0
A15: TOTAL JOURNALIER = | C15: =SUM(B9:B13)+SUM(E9:E13) -> 0 | D15: CUMUL GENERAL = | F15: =SUM(C9:C13)+SUM(F9:F13) -> 2054 | H15: JOURNEE | I15: 41794
H16: TRANSMISSION | I16: =I15+1 -> 41795
A20: Transmis le : | B20: =I16 -> 41795

Sheet 05-06-14
A1: SODECOTON
H2: TABLEAU DE SAISI
A3: PLUVIOMETRIE JOURNALIERE ET PAR PENTADE | H3: STATION | I3: RELEVES
H4: MAROUA | I4: 0
B5: JOURNEE DU : | D5: =I15 -> 41795 | H5: KAELE | I5: 0
H6: TCHATIBALI | I6: 0
A7: STATION | B7: RELEVES | D7: STATION | E7: RELEVES | H7: GUIDER | I7: 0
B8: JOURNALIER | C8: CUMUL | E8: JOURNALIER | F8: CUMUL | H8: GAROUA | I8: 0
A9: MAROUA | B9: =I4 -> 0 | C9: ='04-06-14'!C9+B9 -> 109 | D9: NGONG | E9: =I9 -> 0 | F9: ='04-06-14'!F9+E9 -> 240 | H9: NGONG | I9: 0
A10: KAELE | B10: =I5 -> 0 | C10: ='04-06-14'!C10+B10 -> 163 | D10: POLI | E10: =I10 -> 0 | F10: ='04-06-14'!F10+E10 -> 373 | H10: POLI | I10: 0
A11: TCHATIBALI | B11: =I6 -> 0 | C11: ='04-06-14'!C11+B11 -> 103 | D11: MAYO-GALKE | E11: =I11 -> 0 | F11: ='04-06-14'!F11+E11 -> 280 | H11: MAYO-GALKE | I11: 0
A12: GUIDER | B12: =I7 -> 0 | C12: ='04-06-14'!C12+B12 -> 155 | D12: TOUBOURO | E12: =I12 -> 0 | F12: ='04-06-14'!F12+E12 -> 160 | H12: TOUBOURO | I12: 0
A13: GAROUA | B13: =I8 -> 0 | C13: ='04-06-14'!C13+B13 -> 185 | D13: HOME | E13: =I13 -> 0 | F13: ='04-06-14'!F13+E13 -> 286 | H13: HOME | I13: 0
A15: TOTAL JOURNALIER = | C15: =SUM(B9:B13)+SUM(E9:E13) -> 0 | D15: CUMUL GENERAL = | F15: =SUM(C9:C13)+SUM(F9:F13) -> 2054 | H15: JOURNEE | I15: 41795
H16: TRANSMISSION | I16: =I15+1 -> 41796
A20: Transmis le : | B20: =I16 -> 41796

Sheet 06-06-14
A1: SODECOTON
H2: TABLEAU DE SAISI
A3: PLUVIOMETRIE JOURNALIERE ET PAR PENTADE | H3: STATION | I3: RELEVES
H4: MAROUA | I4: 0
B5: JOURNEE DU : | D5: =I15 -> 41796 | H5: KAELE | I5: 0
H6: TCHATIBALI | I6: 0
A7: STATION | B7: RELEVES | D7: STATION | E7: RELEVES | H7: GUIDER | I7: 0
B8: JOURNALIER | C8: CUMUL | E8: JOURNALIER | F8: CUMUL | H8: GAROUA | I8: 0
A9: MAROUA | B9: =I4 -> 0 | C9: ='05-06-14'!C9+B9 -> 109 | D9: NGONG | E9: =I9 -> 0 | F9: ='05-06-14'!F9+E9 -> 240 | H9: NGONG | I9: 0
A10: KAELE | B10: =I5 -> 0 | C10: ='05-06-14'!C10+B10 -> 163 | D10: POLI | E10: =I10 -> 0 | F10: ='05-06-14'!F10+E10 -> 373 | H10: POLI | I10: 0
A11: TCHATIBALI | B11: =I6 -> 0 | C11: ='05-06-14'!C11+B11 -> 103 | D11: MAYO-GALKE | E11: =I11 -> 0 | F11: ='05-06-14'!F11+E11 -> 280 | H11: MAYO-GALKE | I11: 0
A12: GUIDER | B12: =I7 -> 0 | C12: ='05-06-14'!C12+B12 -> 155 | D12: TOUBOURO | E12: =I12 -> 0 | F12: ='05-06-14'!F12+E12 -> 160 | H12: TOUBOURO | I12: 0
A13: GAROUA | B13: =I8 -> 0 | C13: ='05-06-14'!C13+B13 -> 185 | D13: HOME | E13: =I13 -> 0 | F13: ='05-06-14'!F13+E13 -> 286 | H13: HOME | I13: 0
A15: TOTAL JOURNALIER = | C15: =SUM(B9:B13)+SUM(E9:E13) -> 0 | D15: CUMUL GENERAL = | F15: =SUM(C9:C13)+SUM(F9:F13) -> 2054 | H15: JOURNEE | I15: 41796
H16: TRANSMISSION | I16: =I15+1 -> 41797
A20: Transmis le : | B20: =I16 -> 41797

Sheet 07-06-14
A1: SODECOTON
H2: TABLEAU DE SAISI
A3: PLUVIOMETRIE JOURNALIERE ET PAR PENTADE | H3: STATION | I3: RELEVES
H4: MAROUA | I4: 0
B5: JOURNEE DU : | D5: =I15 -> 41797 | H5: KAELE | I5: 0
H6: TCHATIBALI | I6: 0
A7: STATION | B7: RELEVES | D7: STATION | E7: RELEVES | H7: GUIDER | I7: 0
B8: JOURNALIER | C8: CUMUL | E8: JOURNALIER | F8: CUMUL | H8: GAROUA | I8: 0
A9: MAROUA | B9: =I4 -> 0 | C9: ='06-06-14'!C9+B9 -> 109 | D9: NGONG | E9: =I9 -> 0 | F9: ='06-06-14'!F9+E9 -> 240 | H9: NGONG | I9: 0
A10: KAELE | B10: =I5 -> 0 | C10: ='06-06-14'!C10+B10 -> 163 | D10: POLI | E10: =I10 -> 0 | F10: ='06-06-14'!F10+E10 -> 373 | H10: POLI | I10: 0
A11: TCHATIBALI | B11: =I6 -> 0 | C11: ='06-06-14'!C11+B11 -> 103 | D11: MAYO-GALKE | E11: =I11 -> 0 | F11: ='06-06-14'!F11+E11 -> 280 | H11: MAYO-GALKE | I11: 0
A12: GUIDER | B12: =I7 -> 0 | C12: ='06-06-14'!C12+B12 -> 155 | D12: TOUBOURO | E12: =I12 -> 0 | F12: ='06-06-14'!F12+E12 -> 160 | H12: TOUBOURO | I12: 0
A13: GAROUA | B13: =I8 -> 0 | C13: ='06-06-14'!C13+B13 -> 185 | D13: HOME | E13: =I13 -> 0 | F13: ='06-06-14'!F13+E13 -> 286 | H13: HOME | I13: 0
A15: TOTAL JOURNALIER = | C15: =SUM(B9:B13)+SUM(E9:E13) -> 0 | D15: CUMUL GENERAL = | F15: =SUM(C9:C13)+SUM(F9:F13) -> 2054 | H15: JOURNEE | I15: 41797
H16: TRANSMISSION | I16: =I15+1 -> 41798
A20: Transmis le : | B20: =I16 -> 41798

Sheet 08-06-14
A1: SODECOTON
H2: TABLEAU DE SAISI
A3: PLUVIOMETRIE JOURNALIERE ET PAR PENTADE | H3: STATION | I3: RELEVES
H4: MAROUA | I4: 0
B5: JOURNEE DU : | D5: =I15 -> 41798 | H5: KAELE | I5: 0
H6: TCHATIBALI | I6: 0
A7: STATION | B7: RELEVES | D7: STATION | E7: RELEVES | H7: GUIDER | I7: 0
B8: JOURNALIER | C8: CUMUL | E8: JOURNALIER | F8: CUMUL | H8: GAROUA | I8: 0
A9: MAROUA | B9: =I4 -> 0 | C9: ='07-06-14'!C9+B9 -> 109 | D9: NGONG | E9: =I9 -> 0 | F9: ='07-06-14'!F9+E9 -> 240 | H9: NGONG | I9: 0
A10: KAELE | B10: =I5 -> 0 | C10: ='07-06-14'!C10+B10 -> 163 | D10: POLI | E10: =I10 -> 0 | F10: ='07-06-14'!F10+E10 -> 373 | H10: POLI | I10: 0
A11: TCHATIBALI | B11: =I6 -> 0 | C11: ='07-06-14'!C11+B11 -> 103 | D11: MAYO-GALKE | E11: =I11 -> 0 | F11: ='07-06-14'!F11+E11 -> 280 | H11: MAYO-GALKE | I11: 0
A12: GUIDER | B12: =I7 -> 0 | C12: ='07-06-14'!C12+B12 -> 155 | D12: TOUBOURO | E12: =I12 -> 0 | F12: ='07-06-14'!F12+E12 -> 160 | H12: TOUBOURO | I12: 0
A13: GAROUA | B13: =I8 -> 0 | C13: ='07-06-14'!C13+B13 -> 185 | D13: HOME | E13: =I13 -> 0 | F13: ='07-06-14'!F13+E13 -> 286 | H13: HOME | I13: 0
A15: TOTAL JOURNALIER = | C15: =SUM(B9:B13)+SUM(E9:E13) -> 0 | D15: CUMUL GENERAL = | F15: =SUM(C9:C13)+SUM(F9:F13) -> 2054 | H15: JOURNEE | I15: 41798
H16: TRANSMISSION | I16: =I15+1 -> 41799
A20: Transmis le : | B20: =I16 -> 41799

Sheet 09-06-14
A1: SODECOTON
H2: TABLEAU DE SAISI
A3: PLUVIOMETRIE JOURNALIERE ET PAR PENTADE | H3: STATION | I3: RELEVES
H4: MAROUA | I4: 0
B5: JOURNEE DU : | D5: =I15 -> 41799 | H5: KAELE | I5: 0
H6: TCHATIBALI | I6: 0
A7: STATION | B7: RELEVES | D7: STATION | E7: RELEVES | H7: GUIDER | I7: 0
B8: JOURNALIER | C8: CUMUL | E8: JOURNALIER | F8: CUMUL | H8: GAROUA | I8: 0
A9: MAROUA | B9: =I4 -> 0 | C9: ='08-06-14'!C9+B9 -> 109 | D9: NGONG | E9: =I9 -> 0 | F9: ='08-06-14'!F9+E9 -> 240 | H9: NGONG | I9: 0
A10: KAELE | B10: =I5 -> 0 | C10: ='08-06-14'!C10+B10 -> 163 | D10: POLI | E10: =I10 -> 0 | F10: ='08-06-14'!F10+E10 -> 373 | H10: POLI | I10: 0
A11: TCHATIBALI | B11: =I6 -> 0 | C11: ='08-06-14'!C11+B11 -> 103 | D11: MAYO-GALKE | E11: =I11 -> 0 | F11: ='08-06-14'!F11+E11 -> 280 | H11: MAYO-GALKE | I11: 0
A12: GUIDER | B12: =I7 -> 0 | C12: ='08-06-14'!C12+B12 -> 155 | D12: TOUBOURO | E12: =I12 -> 0 | F12: ='08-06-14'!F12+E12 -> 160 | H12: TOUBOURO | I12: 0
A13: GAROUA | B13: =I8 -> 0 | C13: ='08-06-14'!C13+B13 -> 185 | D13: HOME | E13: =I13 -> 0 | F13: ='08-06-14'!F13+E13 -> 286 | H13: HOME | I13: 0
A15: TOTAL JOURNALIER = | C15: =SUM(B9:B13)+SUM(E9:E13) -> 0 | D15: CUMUL GENERAL = | F15: =SUM(C9:C13)+SUM(F9:F13) -> 2054 | H15: JOURNEE | I15: 41799
H16: TRANSMISSION | I16: =I15+1 -> 41800
A20: Transmis le : | B20: =I16 -> 41800

Sheet 10-06-14
A1: SODECOTON
H2: TABLEAU DE SAISI
A3: PLUVIOMETRIE JOURNALIERE ET PAR PENTADE | H3: STATION | I3: RELEVES
H4: MAROUA | I4: 0
B5: JOURNEE DU : | D5: =I15 -> 41800 | H5: KAELE | I5: 0
H6: TCHATIBALI | I6: 0
A7: STATION | B7: RELEVES | D7: STATION | E7: RELEVES | H7: GUIDER | I7: 0
B8: JOURNALIER | C8: CUMUL | E8: JOURNALIER | F8: CUMUL | H8: GAROUA | I8: 0
A9: MAROUA | B9: =I4 -> 0 | C9: ='09-06-14'!C9+B9 -> 109 | D9: NGONG | E9: =I9 -> 0 | F9: ='09-06-14'!F9+E9 -> 240 | H9: NGONG | I9: 0
A10: KAELE | B10: =I5 -> 0 | C10: ='09-06-14'!C10+B10 -> 163 | D10: POLI | E10: =I10 -> 0 | F10: ='09-06-14'!F10+E10 -> 373 | H10: POLI | I10: 0
A11: TCHATIBALI | B11: =I6 -> 0 | C11: ='09-06-14'!C11+B11 -> 103 | D11: MAYO-GALKE | E11: =I11 -> 0 | F11: ='09-06-14'!F11+E11 -> 280 | H11: MAYO-GALKE | I11: 0
A12: GUIDER | B12: =I7 -> 0 | C12: ='09-06-14'!C12+B12 -> 155 | D12: TOUBOURO | E12: =I12 -> 0 | F12: ='09-06-14'!F12+E12 -> 160 | H12: TOUBOURO | I12: 0
A13: GAROUA | B13: =I8 -> 0 | C13: ='09-06-14'!C13+B13 -> 185 | D13: HOME | E13: =I13 -> 0 | F13: ='09-06-14'!F13+E13 -> 286 | H13: HOME | I13: 0
A15: TOTAL JOURNALIER = | C15: =SUM(B9:B13)+SUM(E9:E13) -> 0 | D15: CUMUL GENERAL = | F15: =SUM(C9:C13)+SUM(F9:F13) -> 2054 | H15: JOURNEE | I15: 41800
H16: TRANSMISSION | I16: =I15+1 -> 41801
A20: Transmis le : | B20: =I16 -> 41801

Sheet 11-06-14
A1: SODECOTON
H2: TABLEAU DE SAISI
A3: PLUVIOMETRIE JOURNALIERE ET PAR PENTADE | H3: STATION | I3: RELEVES
H4: MAROUA | I4: 0
B5: JOURNEE DU : | D5: =I15 -> 41801 | H5: KAELE | I5: 0
H6: TCHATIBALI | I6: 0
A7: STATION | B7: RELEVES | D7: STATION | E7: RELEVES | H7: GUIDER | I7: 0
B8: JOURNALIER | C8: CUMUL | E8: JOURNALIER | F8: CUMUL | H8: GAROUA | I8: 0
A9: MAROUA | B9: =I4 -> 0 | C9: ='10-06-14'!C9+B9 -> 109 | D9: NGONG | E9: =I9 -> 0 | F9: ='10-06-14'!F9+E9 -> 240 | H9: NGONG | I9: 0
A10: KAELE | B10: =I5 -> 0 | C10: ='10-06-14'!C10+B10 -> 163 | D10: POLI | E10: =I10 -> 0 | F10: ='10-06-14'!F10+E10 -> 373 | H10: POLI | I10: 0
A11: TCHATIBALI | B11: =I6 -> 0 | C11: ='10-06-14'!C11+B11 -> 103 | D11: MAYO-GALKE | E11: =I11 -> 0 | F11: ='10-06-14'!F11+E11 -> 280 | H11: MAYO-GALKE | I11: 0
A12: GUIDER | B12: =I7 -> 0 | C12: ='10-06-14'!C12+B12 -> 155 | D12: TOUBOURO | E12: =I12 -> 0 | F12: ='10-06-14'!F12+E12 -> 160 | H12: TOUBOURO | I12: 0
A13: GAROUA | B13: =I8 -> 0 | C13: ='10-06-14'!C13+B13 -> 185 | D13: HOME | E13: =I13 -> 0 | F13: ='10-06-14'!F13+E13 -> 286 | H13: HOME | I13: 0
A15: TOTAL JOURNALIER = | C15: =SUM(B9:B13)+SUM(E9:E13) -> 0 | D15: CUMUL GENERAL = | F15: =SUM(C9:C13)+SUM(F9:F13) -> 2054 | H15: JOURNEE | I15: 41801
H16: TRANSMISSION | I16: =I15+1 -> 41802
A20: Transmis le : | B20: =I16 -> 41802

Sheet 12-06-14
A1: SODECOTON
H2: TABLEAU DE SAISI
A3: PLUVIOMETRIE JOURNALIERE ET PAR PENTADE | H3: STATION | I3: RELEVES
H4: MAROUA | I4: 0
B5: JOURNEE DU : | D5: =I15 -> 41802 | H5: KAELE | I5: 0
H6: TCHATIBALI | I6: 0
A7: STATION | B7: RELEVES | D7: STATION | E7: RELEVES | H7: GUIDER | I7: 0
B8: JOURNALIER | C8: CUMUL | E8: JOURNALIER | F8: CUMUL | H8: GAROUA | I8: 0
A9: MAROUA | B9: =I4 -> 0 | C9: ='11-06-14'!C9+B9 -> 109 | D9: NGONG | E9: =I9 -> 0 | F9: ='11-06-14'!F9+E9 -> 240 | H9: NGONG | I9: 0
A10: KAELE | B10: =I5 -> 0 | C10: ='11-06-14'!C10+B10 -> 163 | D10: POLI | E10: =I10 -> 0 | F10: ='11-06-14'!F10+E10 -> 373 | H10: POLI | I10: 0
A11: TCHATIBALI | B11: =I6 -> 0 | C11: ='11-06-14'!C11+B11 -> 103 | D11: MAYO-GALKE | E11: =I11 -> 0 | F11: ='11-06-14'!F11+E11 -> 280 | H11: MAYO-GALKE | I11: 0
A12: GUIDER | B12: =I7 -> 0 | C12: ='11-06-14'!C12+B12 -> 155 | D12: TOUBOURO | E12: =I12 -> 0 | F12: ='11-06-14'!F12+E12 -> 160 | H12: TOUBOURO | I12: 0
A13: GAROUA | B13: =I8 -> 0 | C13: ='11-06-14'!C13+B13 -> 185 | D13: HOME | E13: =I13 -> 0 | F13: ='11-06-14'!F13+E13 -> 286 | H13: HOME | I13: 0
A15: TOTAL JOURNALIER = | C15: =SUM(B9:B13)+SUM(E9:E13) -> 0 | D15: CUMUL GENERAL = | F15: =SUM(C9:C13)+SUM(F9:F13) -> 2054 | H15: JOURNEE | I15: 41802
H16: TRANSMISSION | I16: =I15+1 -> 41803
A20: Transmis le : | B20: =I16 -> 41803

Sheet 13-06-14
A1: SODECOTON
H2: TABLEAU DE SAISI
A3: PLUVIOMETRIE JOURNALIERE ET PAR PENTADE | H3: STATION | I3: RELEVES
H4: MAROUA | I4: 0
B5: JOURNEE DU : | D5: =I15 -> 41803 | H5: KAELE | I5: 0
H6: TCHATIBALI | I6: 0
A7: STATION | B7: RELEVES | D7: STATION | E7: RELEVES | H7: GUIDER | I7: 0
B8: JOURNALIER | C8: CUMUL | E8: JOURNALIER | F8: CUMUL | H8: GAROUA | I8: 0
A9: MAROUA | B9: =I4 -> 0 | C9: ='12-06-14'!C9+B9 -> 109 | D9: NGONG | E9: =I9 -> 0 | F9: ='12-06-14'!F9+E9 -> 240 | H9: NGONG | I9: 0
A10: KAELE | B10: =I5 -> 0 | C10: ='12-06-14'!C10+B10 -> 163 | D10: POLI | E10: =I10 -> 0 | F10: ='12-06-14'!F10+E10 -> 373 | H10: POLI | I10: 0
A11: TCHATIBALI | B11: =I6 -> 0 | C11: ='12-06-14'!C11+B11 -> 103 | D11: MAYO-GALKE | E11: =I11 -> 0 | F11: ='12-06-14'!F11+E11 -> 280 | H11: MAYO-GALKE | I11: 0
A12: GUIDER | B12: =I7 -> 0 | C12: ='12-06-14'!C12+B12 -> 155 | D12: TOUBOURO | E12: =I12 -> 0 | F12: ='12-06-14'!F12+E12 -> 160 | H12: TOUBOURO | I12: 0
A13: GAROUA | B13: =I8 -> 0 | C13: ='12-06-14'!C13+B13 -> 185 | D13: HOME | E13: =I13 -> 0 | F13: ='12-06-14'!F13+E13 -> 286 | H13: HOME | I13: 0
A15: TOTAL JOURNALIER = | C15: =SUM(B9:B13)+SUM(E9:E13) -> 0 | D15: CUMUL GENERAL = | F15: =SUM(C9:C13)+SUM(F9:F13) -> 2054 | H15: JOURNEE | I15: 41803
H16: TRANSMISSION | I16: =I15+1 -> 41804
A20: Transmis le : | B20: =I16 -> 41804

Sheet 14-06-14
A1: SODECOTON
H2: TABLEAU DE SAISI
A3: PLUVIOMETRIE JOURNALIERE ET PAR PENTADE | H3: STATION | I3: RELEVES
H4: MAROUA | I4: 0
B5: JOURNEE DU : | D5: =I15 -> 41804 | H5: KAELE | I5: 0
H6: TCHATIBALI | I6: 0
A7: STATION | B7: RELEVES | D7: STATION | E7: RELEVES | H7: GUIDER | I7: 0
B8: JOURNALIER | C8: CUMUL | E8: JOURNALIER | F8: CUMUL | H8: GAROUA | I8: 0
A9: MAROUA | B9: =I4 -> 0 | C9: ='13-06-14'!C9+B9 -> 109 | D9: NGONG | E9: =I9 -> 0 | F9: ='13-06-14'!F9+E9 -> 240 | H9: NGONG | I9: 0
A10: KAELE | B10: =I5 -> 0 | C10: ='13-06-14'!C10+B10 -> 163 | D10: POLI | E10: =I10 -> 0 | F10: ='13-06-14'!F10+E10 -> 373 | H10: POLI | I10: 0
A11: TCHATIBALI | B11: =I6 -> 0 | C11: ='13-06-14'!C11+B11 -> 103 | D11: MAYO-GALKE | E11: =I11 -> 0 | F11: ='13-06-14'!F11+E11 -> 280 | H11: MAYO-GALKE | I11: 0
A12: GUIDER | B12: =I7 -> 0 | C12: ='13-06-14'!C12+B12 -> 155 | D12: TOUBOURO | E12: =I12 -> 0 | F12: ='13-06-14'!F12+E12 -> 160 | H12: TOUBOURO | I12: 0
A13: GAROUA | B13: =I8 -> 0 | C13: ='13-06-14'!C13+B13 -> 185 | D13: HOME | E13: =I13 -> 0 | F13: ='13-06-14'!F13+E13 -> 286 | H13: HOME | I13: 0
A15: TOTAL JOURNALIER = | C15: =SUM(B9:B13)+SUM(E9:E13) -> 0 | D15: CUMUL GENERAL = | F15: =SUM(C9:C13)+SUM(F9:F13) -> 2054 | H15: JOURNEE | I15: 41804
H16: TRANSMISSION | I16: =I15+1 -> 41805
A20: Transmis le : | B20: =I16 -> 41805

Sheet 15-06-14
A1: SODECOTON
H2: TABLEAU DE SAISI
A3: PLUVIOMETRIE JOURNALIERE ET PAR PENTADE | H3: STATION | I3: RELEVES
H4: MAROUA | I4: 0
B5: JOURNEE DU : | D5: =I15 -> 41805 | H5: KAELE | I5: 0
H6: TCHATIBALI | I6: 0
A7: STATION | B7: RELEVES | D7: STATION | E7: RELEVES | H7: GUIDER | I7: 0
B8: JOURNALIER | C8: CUMUL | E8: JOURNALIER | F8: CUMUL | H8: GAROUA | I8: 0
A9: MAROUA | B9: =I4 -> 0 | C9: ='14-06-14'!C9+B9 -> 109 | D9: NGONG | E9: =I9 -> 0 | F9: ='14-06-14'!F9+E9 -> 240 | H9: NGONG | I9: 0
A10: KAELE | B10: =I5 -> 0 | C10: ='14-06-14'!C10+B10 -> 163 | D10: POLI | E10: =I10 -> 0 | F10: ='14-06-14'!F10+E10 -> 373 | H10: POLI | I10: 0
A11: TCHATIBALI | B11: =I6 -> 0 | C11: ='14-06-14'!C11+B11 -> 103 | D11: MAYO-GALKE | E11: =I11 -> 0 | F11: ='14-06-14'!F11+E11 -> 280 | H11: MAYO-GALKE | I11: 0
A12: GUIDER | B12: =I7 -> 0 | C12: ='14-06-14'!C12+B12 -> 155 | D12: TOUBOURO | E12: =I12 -> 0 | F12: ='14-06-14'!F12+E12 -> 160 | H12: TOUBOURO | I12: 0
A13: GAROUA | B13: =I8 -> 0 | C13: ='14-06-14'!C13+B13 -> 185 | D13: HOME | E13: =I13 -> 0 | F13: ='14-06-14'!F13+E13 -> 286 | H13: HOME | I13: 0
A15: TOTAL JOURNALIER = | C15: =SUM(B9:B13)+SUM(E9:E13) -> 0 | D15: CUMUL GENERAL = | F15: =SUM(C9:C13)+SUM(F9:F13) -> 2054 | H15: JOURNEE | I15: 41805
H16: TRANSMISSION | I16: =I15+1 -> 41806
A20: Transmis le : | B20: =I16 -> 41806

Sheet 16-06-14
A1: SODECOTON
H2: TABLEAU DE SAISI
A3: PLUVIOMETRIE JOURNALIERE ET PAR PENTADE | H3: STATION | I3: RELEVES
H4: MAROUA | I4: 0
B5: JOURNEE DU : | D5: =I15 -> 41806 | H5: KAELE | I5: 0
H6: TCHATIBALI | I6: 0
A7: STATION | B7: RELEVES | D7: STATION | E7: RELEVES | H7: GUIDER | I7: 0
B8: JOURNALIER | C8: CUMUL | E8: JOURNALIER | F8: CUMUL | H8: GAROUA | I8: 0
A9: MAROUA | B9: =I4 -> 0 | C9: ='15-06-14'!C9+B9 -> 109 | D9: NGONG | E9: =I9 -> 0 | F9: ='15-06-14'!F9+E9 -> 240 | H9: NGONG | I9: 0
A10: KAELE | B10: =I5 -> 0 | C10: ='15-06-14'!C10+B10 -> 163 | D10: POLI | E10: =I10 -> 0 | F10: ='15-06-14'!F10+E10 -> 373 | H10: POLI | I10: 0
A11: TCHATIBALI | B11: =I6 -> 0 | C11: ='15-06-14'!C11+B11 -> 103 | D11: MAYO-GALKE | E11: =I11 -> 0 | F11: ='15-06-14'!F11+E11 -> 280 | H11: MAYO-GALKE | I11: 0
A12: GUIDER | B12: =I7 -> 0 | C12: ='15-06-14'!C12+B12 -> 155 | D12: TOUBOURO | E12: =I12 -> 0 | F12: ='15-06-14'!F12+E12 -> 160 | H12: TOUBOURO | I12: 0
A13: GAROUA | B13: =I8 -> 0 | C13: ='15-06-14'!C13+B13 -> 185 | D13: HOME | E13: =I13 -> 0 | F13: ='15-06-14'!F13+E13 -> 286 | H13: HOME | I13: 0
A15: TOTAL JOURNALIER = | C15: =SUM(B9:B13)+SUM(E9:E13) -> 0 | D15: CUMUL GENERAL = | F15: =SUM(C9:C13)+SUM(F9:F13) -> 2054 | H15: JOURNEE | I15: 41806
H16: TRANSMISSION | I16: =I15+1 -> 41807
A20: Transmis le : | B20: =I16 -> 41807

Sheet 17-06-14
A1: SODECOTON
H2: TABLEAU DE SAISI
A3: PLUVIOMETRIE JOURNALIERE ET PAR PENTADE | H3: STATION | I3: RELEVES
H4: MAROUA | I4: 0
B5: JOURNEE DU : | D5: =I15 -> 41807 | H5: KAELE | I5: 0
H6: TCHATIBALI | I6: 0
A7: STATION | B7: RELEVES | D7: STATION | E7: RELEVES | H7: GUIDER | I7: 0
B8: JOURNALIER | C8: CUMUL | E8: JOURNALIER | F8: CUMUL | H8: GAROUA | I8: 0
A9: MAROUA | B9: =I4 -> 0 | C9: ='16-06-14'!C9+B9 -> 109 | D9: NGONG | E9: =I9 -> 0 | F9: ='16-06-14'!F9+E9 -> 240 | H9: NGONG | I9: 0
A10: KAELE | B10: =I5 -> 0 | C10: ='16-06-14'!C10+B10 -> 163 | D10: POLI | E10: =I10 -> 0 | F10: ='16-06-14'!F10+E10 -> 373 | H10: POLI | I10: 0
A11: TCHATIBALI | B11: =I6 -> 0 | C11: ='16-06-14'!C11+B11 -> 103 | D11: MAYO-GALKE | E11: =I11 -> 0 | F11: ='16-06-14'!F11+E11 -> 280 | H11: MAYO-GALKE | I11: 0
A12: GUIDER | B12: =I7 -> 0 | C12: ='16-06-14'!C12+B12 -> 155 | D12: TOUBOURO | E12: =I12 -> 0 | F12: ='16-06-14'!F12+E12 -> 160 | H12: TOUBOURO | I12: 0
A13: GAROUA | B13: =I8 -> 0 | C13: ='16-06-14'!C13+B13 -> 185 | D13: HOME | E13: =I13 -> 0 | F13: ='16-06-14'!F13+E13 -> 286 | H13: HOME | I13: 0
A15: TOTAL JOURNALIER = | C15: =SUM(B9:B13)+SUM(E9:E13) -> 0 | D15: CUMUL GENERAL = | F15: =SUM(C9:C13)+SUM(F9:F13) -> 2054 | H15: JOURNEE | I15: 41807
H16: TRANSMISSION | I16: =I15+1 -> 41808
A20: Transmis le : | B20: =I16 -> 41808

Sheet 18-06-14
A1: SODECOTON
H2: TABLEAU DE SAISI
A3: PLUVIOMETRIE JOURNALIERE ET PAR PENTADE | H3: STATION | I3: RELEVES
H4: MAROUA | I4: 0
B5: JOURNEE DU : | D5: =I15 -> 41808 | H5: KAELE | I5: 0
H6: TCHATIBALI | I6: 0
A7: STATION | B7: RELEVES | D7: STATION | E7: RELEVES | H7: GUIDER | I7: 0
B8: JOURNALIER | C8: CUMUL | E8: JOURNALIER | F8: CUMUL | H8: GAROUA | I8: 0
A9: MAROUA | B9: =I4 -> 0 | C9: ='17-06-14'!C9+B9 -> 109 | D9: NGONG | E9: =I9 -> 0 | F9: ='17-06-14'!F9+E9 -> 240 | H9: NGONG | I9: 0
A10: KAELE | B10: =I5 -> 0 | C10: ='17-06-14'!C10+B10 -> 163 | D10: POLI | E10: =I10 -> 0 | F10: ='17-06-14'!F10+E10 -> 373 | H10: POLI | I10: 0
A11: TCHATIBALI | B11: =I6 -> 0 | C11: ='17-06-14'!C11+B11 -> 103 | D11: MAYO-GALKE | E11: =I11 -> 0 | F11: ='17-06-14'!F11+E11 -> 280 | H11: MAYO-GALKE | I11: 0
A12: GUIDER | B12: =I7 -> 0 | C12: ='17-06-14'!C12+B12 -> 155 | D12: TOUBOURO | E12: =I12 -> 0 | F12: ='17-06-14'!F12+E12 -> 160 | H12: TOUBOURO | I12: 0
A13: GAROUA | B13: =I8 -> 0 | C13: ='17-06-14'!C13+B13 -> 185 | D13: HOME | E13: =I13 -> 0 | F13: ='17-06-14'!F13+E13 -> 286 | H13: HOME | I13: 0
A15: TOTAL JOURNALIER = | C15: =SUM(B9:B13)+SUM(E9:E13) -> 0 | D15: CUMUL GENERAL = | F15: =SUM(C9:C13)+SUM(F9:F13) -> 2054 | H15: JOURNEE | I15: 41808
H16: TRANSMISSION | I16: =I15+1 -> 41809
A20: Transmis le : | B20: =I16 -> 41809

Sheet 19-06-14
A1: SODECOTON
H2: TABLEAU DE SAISI
A3: PLUVIOMETRIE JOURNALIERE ET PAR PENTADE | H3: STATION | I3: RELEVES
H4: MAROUA | I4: 0
B5: JOURNEE DU : | D5: =I15 -> 41809 | H5: KAELE | I5: 0
H6: TCHATIBALI | I6: 0
A7: STATION | B7: RELEVES | D7: STATION | E7: RELEVES | H7: GUIDER | I7: 0
B8: JOURNALIER | C8: CUMUL | E8: JOURNALIER | F8: CUMUL | H8: GAROUA | I8: 0
A9: MAROUA | B9: =I4 -> 0 | C9: ='18-06-14'!C9+B9 -> 109 | D9: NGONG | E9: =I9 -> 0 | F9: ='18-06-14'!F9+E9 -> 240 | H9: NGONG | I9: 0
A10: KAELE | B10: =I5 -> 0 | C10: ='18-06-14'!C10+B10 -> 163 | D10: POLI | E10: =I10 -> 0 | F10: ='18-06-14'!F10+E10 -> 373 | H10: POLI | I10: 0
A11: TCHATIBALI | B11: =I6 -> 0 | C11: ='18-06-14'!C11+B11 -> 103 | D11: MAYO-GALKE | E11: =I11 -> 0 | F11: ='18-06-14'!F11+E11 -> 280 | H11: MAYO-GALKE | I11: 0
A12: GUIDER | B12: =I7 -> 0 | C12: ='18-06-14'!C12+B12 -> 155 | D12: TOUBOURO | E12: =I12 -> 0 | F12: ='18-06-14'!F12+E12 -> 160 | H12: TOUBOURO | I12: 0
A13: GAROUA | B13: =I8 -> 0 | C13: ='18-06-14'!C13+B13 -> 185 | D13: HOME | E13: =I13 -> 0 | F13: ='18-06-14'!F13+E13 -> 286 | H13: HOME | I13: 0
A15: TOTAL JOURNALIER = | C15: =SUM(B9:B13)+SUM(E9:E13) -> 0 | D15: CUMUL GENERAL = | F15: =SUM(C9:C13)+SUM(F9:F13) -> 2054 | H15: JOURNEE | I15: 41809
H16: TRANSMISSION | I16: =I15+1 -> 41810
A20: Transmis le : | B20: =I16 -> 41810

Sheet 20-06-14
A1: SODECOTON
H2: TABLEAU DE SAISI
A3: PLUVIOMETRIE JOURNALIERE ET PAR PENTADE | H3: STATION | I3: RELEVES
H4: MAROUA | I4: 0
B5: JOURNEE DU : | D5: =I15 -> 41810 | H5: KAELE | I5: 0
H6: TCHATIBALI | I6: 0
A7: STATION | B7: RELEVES | D7: STATION | E7: RELEVES | H7: GUIDER | I7: 0
B8: JOURNALIER | C8: CUMUL | E8: JOURNALIER | F8: CUMUL | H8: GAROUA | I8: 0
A9: MAROUA | B9: =I4 -> 0 | C9: ='19-06-14'!C9+B9 -> 109 | D9: NGONG | E9: =I9 -> 0 | F9: ='19-06-14'!F9+E9 -> 240 | H9: NGONG | I9: 0
A10: KAELE | B10: =I5 -> 0 | C10: ='19-06-14'!C10+B10 -> 163 | D10: POLI | E10: =I10 -> 0 | F10: ='19-06-14'!F10+E10 -> 373 | H10: POLI | I10: 0
A11: TCHATIBALI | B11: =I6 -> 0 | C11: ='19-06-14'!C11+B11 -> 103 | D11: MAYO-GALKE | E11: =I11 -> 0 | F11: ='19-06-14'!F11+E11 -> 280 | H11: MAYO-GALKE | I11: 0
A12: GUIDER | B12: =I7 -> 0 | C12: ='19-06-14'!C12+B12 -> 155 | D12: TOUBOURO | E12: =I12 -> 0 | F12: ='19-06-14'!F12+E12 -> 160 | H12: TOUBOURO | I12: 0
A13: GAROUA | B13: =I8 -> 0 | C13: ='19-06-14'!C13+B13 -> 185 | D13: HOME | E13: =I13 -> 0 | F13: ='19-06-14'!F13+E13 -> 286 | H13: HOME | I13: 0
A15: TOTAL JOURNALIER = | C15: =SUM(B9:B13)+SUM(E9:E13) -> 0 | D15: CUMUL GENERAL = | F15: =SUM(C9:C13)+SUM(F9:F13) -> 2054 | H15: JOURNEE | I15: 41810
H16: TRANSMISSION | I16: =I15+1 -> 41811
A20: Transmis le : | B20: =I16 -> 41811

Sheet 21-06-14
A1: SODECOTON
H2: TABLEAU DE SAISI
A3: PLUVIOMETRIE JOURNALIERE ET PAR PENTADE | H3: STATION | I3: RELEVES
H4: MAROUA | I4: 0
B5: JOURNEE DU : | D5: =I15 -> 41811 | H5: KAELE | I5: 0
H6: TCHATIBALI | I6: 0
A7: STATION | B7: RELEVES | D7: STATION | E7: RELEVES | H7: GUIDER | I7: 0
B8: JOURNALIER | C8: CUMUL | E8: JOURNALIER | F8: CUMUL | H8: GAROUA | I8: 0
A9: MAROUA | B9: =I4 -> 0 | C9: ='20-06-14'!C9+B9 -> 109 | D9: NGONG | E9: =I9 -> 0 | F9: ='20-06-14'!F9+E9 -> 240 | H9: NGONG | I9: 0
A10: KAELE | B10: =I5 -> 0 | C10: ='20-06-14'!C10+B10 -> 163 | D10: POLI | E10: =I10 -> 0 | F10: ='20-06-14'!F10+E10 -> 373 | H10: POLI | I10: 0
A11: TCHATIBALI | B11: =I6 -> 0 | C11: ='20-06-14'!C11+B11 -> 103 | D11: MAYO-GALKE | E11: =I11 -> 0 | F11: ='20-06-14'!F11+E11 -> 280 | H11: MAYO-GALKE | I11: 0
A12: GUIDER | B12: =I7 -> 0 | C12: ='20-06-14'!C12+B12 -> 155 | D12: TOUBOURO | E12: =I12 -> 0 | F12: ='20-06-14'!F12+E12 -> 160 | H12: TOUBOURO | I12: 0
A13: GAROUA | B13: =I8 -> 0 | C13: ='20-06-14'!C13+B13 -> 185 | D13: HOME | E13: =I13 -> 0 | F13: ='20-06-14'!F13+E13 -> 286 | H13: HOME | I13: 0
A15: TOTAL JOURNALIER = | C15: =SUM(B9:B13)+SUM(E9:E13) -> 0 | D15: CUMUL GENERAL = | F15: =SUM(C9:C13)+SUM(F9:F13) -> 2054 | H15: JOURNEE | I15: 41811
H16: TRANSMISSION | I16: =I15+1 -> 41812
A20: Transmis le : | B20: =I16 -> 41812

Sheet 22-06-14
A1: SODECOTON
H2: TABLEAU DE SAISI
A3: PLUVIOMETRIE JOURNALIERE ET PAR PENTADE | H3: STATION | I3: RELEVES
H4: MAROUA | I4: 0
B5: JOURNEE DU : | D5: =I15 -> 41812 | H5: KAELE | I5: 0
H6: TCHATIBALI | I6: 0
A7: STATION | B7: RELEVES | D7: STATION | E7: RELEVES | H7: GUIDER | I7: 0
B8: JOURNALIER | C8: CUMUL | E8: JOURNALIER | F8: CUMUL | H8: GAROUA | I8: 0
A9: MAROUA | B9: =I4 -> 0 | C9: ='21-06-14'!C9+B9 -> 109 | D9: NGONG | E9: =I9 -> 0 | F9: ='21-06-14'!F9+E9 -> 240 | H9: NGONG | I9: 0
A10: KAELE | B10: =I5 -> 0 | C10: ='21-06-14'!C10+B10 -> 163 | D10: POLI | E10: =I10 -> 0 | F10: ='21-06-14'!F10+E10 -> 373 | H10: POLI | I10: 0
A11: TCHATIBALI | B11: =I6 -> 0 | C11: ='21-06-14'!C11+B11 -> 103 | D11: MAYO-GALKE | E11: =I11 -> 0 | F11: ='21-06-14'!F11+E11 -> 280 | H11: MAYO-GALKE | I11: 0
A12: GUIDER | B12: =I7 -> 0 | C12: ='21-06-14'!C12+B12 -> 155 | D12: TOUBOURO | E12: =I12 -> 0 | F12: ='21-06-14'!F12+E12 -> 160 | H12: TOUBOURO | I12: 0
A13: GAROUA | B13: =I8 -> 0 | C13: ='21-06-14'!C13+B13 -> 185 | D13: HOME | E13: =I13 -> 0 | F13: ='21-06-14'!F13+E13 -> 286 | H13: HOME | I13: 0
A15: TOTAL JOURNALIER = | C15: =SUM(B9:B13)+SUM(E9:E13) -> 0 | D15: CUMUL GENERAL = | F15: =SUM(C9:C13)+SUM(F9:F13) -> 2054 | H15: JOURNEE | I15: 41812
H16: TRANSMISSION | I16: =I15+1 -> 41813
A20: Transmis le : | B20: =I16 -> 41813

Sheet 23-06-14
A1: SODECOTON
H2: TABLEAU DE SAISI
A3: PLUVIOMETRIE JOURNALIERE ET PAR PENTADE | H3: STATION | I3: RELEVES
H4: MAROUA | I4: 0
B5: JOURNEE DU : | D5: =I15 -> 41813 | H5: KAELE | I5: 0
H6: TCHATIBALI | I6: 0
A7: STATION | B7: RELEVES | D7: STATION | E7: RELEVES | H7: GUIDER | I7: 0
B8: JOURNALIER | C8: CUMUL | E8: JOURNALIER | F8: CUMUL | H8: GAROUA | I8: 0
A9: MAROUA | B9: =I4 -> 0 | C9: ='22-06-14'!C9+B9 -> 109 | D9: NGONG | E9: =I9 -> 0 | F9: ='22-06-14'!F9+E9 -> 240 | H9: NGONG | I9: 0
A10: KAELE | B10: =I5 -> 0 | C10: ='22-06-14'!C10+B10 -> 163 | D10: POLI | E10: =I10 -> 0 | F10: ='22-06-14'!F10+E10 -> 373 | H10: POLI | I10: 0
A11: TCHATIBALI | B11: =I6 -> 0 | C11: ='22-06-14'!C11+B11 -> 103 | D11: MAYO-GALKE | E11: =I11 -> 0 | F11: ='22-06-14'!F11+E11 -> 280 | H11: MAYO-GALKE | I11: 0
A12: GUIDER | B12: =I7 -> 0 | C12: ='22-06-14'!C12+B12 -> 155 | D12: TOUBOURO | E12: =I12 -> 0 | F12: ='22-06-14'!F12+E12 -> 160 | H12: TOUBOURO | I12: 0
A13: GAROUA | B13: =I8 -> 0 | C13: ='22-06-14'!C13+B13 -> 185 | D13: HOME | E13: =I13 -> 0 | F13: ='22-06-14'!F13+E13 -> 286 | H13: HOME | I13: 0
A15: TOTAL JOURNALIER = | C15: =SUM(B9:B13)+SUM(E9:E13) -> 0 | D15: CUMUL GENERAL = | F15: =SUM(C9:C13)+SUM(F9:F13) -> 2054 | H15: JOURNEE | I15: 41813
H16: TRANSMISSION | I16: =I15+1 -> 41814
A20: Transmis le : | B20: =I16 -> 41814

Sheet 24-06-14
A1: SODECOTON
H2: TABLEAU DE SAISI
A3: PLUVIOMETRIE JOURNALIERE ET PAR PENTADE | H3: STATION | I3: RELEVES
H4: MAROUA | I4: 0
B5: JOURNEE DU : | D5: =I15 -> 41814 | H5: KAELE | I5: 0
H6: TCHATIBALI | I6: 0
A7: STATION | B7: RELEVES | D7: STATION | E7: RELEVES | H7: GUIDER | I7: 0
B8: JOURNALIER | C8: CUMUL | E8: JOURNALIER | F8: CUMUL | H8: GAROUA | I8: 0
A9: MAROUA | B9: =I4 -> 0 | C9: ='23-06-14'!C9+B9 -> 109 | D9: NGONG | E9: =I9 -> 0 | F9: ='23-06-14'!F9+E9 -> 240 | H9: NGONG | I9: 0
A10: KAELE | B10: =I5 -> 0 | C10: ='23-06-14'!C10+B10 -> 163 | D10: POLI | E10: =I10 -> 0 | F10: ='23-06-14'!F10+E10 -> 373 | H10: POLI | I10: 0
A11: TCHATIBALI | B11: =I6 -> 0 | C11: ='23-06-14'!C11+B11 -> 103 | D11: MAYO-GALKE | E11: =I11 -> 0 | F11: ='23-06-14'!F11+E11 -> 280 | H11: MAYO-GALKE | I11: 0
A12: GUIDER | B12: =I7 -> 0 | C12: ='23-06-14'!C12+B12 -> 155 | D12: TOUBOURO | E12: =I12 -> 0 | F12: ='23-06-14'!F12+E12 -> 160 | H12: TOUBOURO | I12: 0
A13: GAROUA | B13: =I8 -> 0 | C13: ='23-06-14'!C13+B13 -> 185 | D13: HOME | E13: =I13 -> 0 | F13: ='23-06-14'!F13+E13 -> 286 | H13: HOME | I13: 0
A15: TOTAL JOURNALIER = | C15: =SUM(B9:B13)+SUM(E9:E13) -> 0 | D15: CUMUL GENERAL = | F15: =SUM(C9:C13)+SUM(F9:F13) -> 2054 | H15: JOURNEE | I15: 41814
H16: TRANSMISSION | I16: =I15+1 -> 41815
A20: Transmis le : | B20: =I16 -> 41815

Sheet 25-06-14
A1: SODECOTON
H2: TABLEAU DE SAISI
A3: PLUVIOMETRIE JOURNALIERE ET PAR PENTADE | H3: STATION | I3: RELEVES
H4: MAROUA | I4: 0
B5: JOURNEE DU : | D5: =I15 -> 41815 | H5: KAELE | I5: 0
H6: TCHATIBALI | I6: 0
A7: STATION | B7: RELEVES | D7: STATION | E7: RELEVES | H7: GUIDER | I7: 0
B8: JOURNALIER | C8: CUMUL | E8: JOURNALIER | F8: CUMUL | H8: GAROUA | I8: 0
A9: MAROUA | B9: =I4 -> 0 | C9: ='24-06-14'!C9+B9 -> 109 | D9: NGONG | E9: =I9 -> 0 | F9: ='24-06-14'!F9+E9 -> 240 | H9: NGONG | I9: 0
A10: KAELE | B10: =I5 -> 0 | C10: ='24-06-14'!C10+B10 -> 163 | D10: POLI | E10: =I10 -> 0 | F10: ='24-06-14'!F10+E10 -> 373 | H10: POLI | I10: 0
A11: TCHATIBALI | B11: =I6 -> 0 | C11: ='24-06-14'!C11+B11 -> 103 | D11: MAYO-GALKE | E11: =I11 -> 0 | F11: ='24-06-14'!F11+E11 -> 280 | H11: MAYO-GALKE | I11: 0
A12: GUIDER | B12: =I7 -> 0 | C12: ='24-06-14'!C12+B12 -> 155 | D12: TOUBOURO | E12: =I12 -> 0 | F12: ='24-06-14'!F12+E12 -> 160 | H12: TOUBOURO | I12: 0
A13: GAROUA | B13: =I8 -> 0 | C13: ='24-06-14'!C13+B13 -> 185 | D13: HOME | E13: =I13 -> 0 | F13: ='24-06-14'!F13+E13 -> 286 | H13: HOME | I13: 0
A15: TOTAL JOURNALIER = | C15: =SUM(B9:B13)+SUM(E9:E13) -> 0 | D15: CUMUL GENERAL = | F15: =SUM(C9:C13)+SUM(F9:F13) -> 2054 | H15: JOURNEE | I15: 41815
H16: TRANSMISSION | I16: =I15+1 -> 41816
A20: Transmis le : | B20: =I16 -> 41816

Sheet 26-06-14
A1: SODECOTON
H2: TABLEAU DE SAISI
A3: PLUVIOMETRIE JOURNALIERE ET PAR PENTADE | H3: STATION | I3: RELEVES
H4: MAROUA | I4: 0
B5: JOURNEE DU : | D5: =I15 -> 41816 | H5: KAELE | I5: 0
H6: TCHATIBALI | I6: 0
A7: STATION | B7: RELEVES | D7: STATION | E7: RELEVES | H7: GUIDER | I7: 0
B8: JOURNALIER | C8: CUMUL | E8: JOURNALIER | F8: CUMUL | H8: GAROUA | I8: 0
A9: MAROUA | B9: =I4 -> 0 | C9: ='25-06-14'!C9+B9 -> 109 | D9: NGONG | E9: =I9 -> 0 | F9: ='25-06-14'!F9+E9 -> 240 | H9: NGONG | I9: 0
A10: KAELE | B10: =I5 -> 0 | C10: ='25-06-14'!C10+B10 -> 163 | D10: POLI | E10: =I10 -> 0 | F10: ='25-06-14'!F10+E10 -> 373 | H10: POLI | I10: 0
A11: TCHATIBALI | B11: =I6 -> 0 | C11: ='25-06-14'!C11+B11 -> 103 | D11: MAYO-GALKE | E11: =I11 -> 0 | F11: ='25-06-14'!F11+E11 -> 280 | H11: MAYO-GALKE | I11: 0
A12: GUIDER | B12: =I7 -> 0 | C12: ='25-06-14'!C12+B12 -> 155 | D12: TOUBOURO | E12: =I12 -> 0 | F12: ='25-06-14'!F12+E12 -> 160 | H12: TOUBOURO | I12: 0
A13: GAROUA | B13: =I8 -> 0 | C13: ='25-06-14'!C13+B13 -> 185 | D13: HOME | E13: =I13 -> 0 | F13: ='25-06-14'!F13+E13 -> 286 | H13: HOME | I13: 0
A15: TOTAL JOURNALIER = | C15: =SUM(B9:B13)+SUM(E9:E13) -> 0 | D15: CUMUL GENERAL = | F15: =SUM(C9:C13)+SUM(F9:F13) -> 2054 | H15: JOURNEE | I15: 41816
H16: TRANSMISSION | I16: =I15+1 -> 41817
A20: Transmis le : | B20: =I16 -> 41817

Sheet 27-06-14
A1: SODECOTON
H2: TABLEAU DE SAISI
A3: PLUVIOMETRIE JOURNALIERE ET PAR PENTADE | H3: STATION | I3: RELEVES
H4: MAROUA | I4: 0
B5: JOURNEE DU : | D5: =I15 -> 41817 | H5: KAELE | I5: 0
H6: TCHATIBALI | I6: 0
A7: STATION | B7: RELEVES | D7: STATION | E7: RELEVES | H7: GUIDER | I7: 0
B8: JOURNALIER | C8: CUMUL | E8: JOURNALIER | F8: CUMUL | H8: GAROUA | I8: 0
A9: MAROUA | B9: =I4 -> 0 | C9: ='26-06-14'!C9+B9 -> 109 | D9: NGONG | E9: =I9 -> 0 | F9: ='26-06-14'!F9+E9 -> 240 | H9: NGONG | I9: 0
A10: KAELE | B10: =I5 -> 0 | C10: ='26-06-14'!C10+B10 -> 163 | D10: POLI | E10: =I10 -> 0 | F10: ='26-06-14'!F10+E10 -> 373 | H10: POLI | I10: 0
A11: TCHATIBALI | B11: =I6 -> 0 | C11: ='26-06-14'!C11+B11 -> 103 | D11: MAYO-GALKE | E11: =I11 -> 0 | F11: ='26-06-14'!F11+E11 -> 280 | H11: MAYO-GALKE | I11: 0
A12: GUIDER | B12: =I7 -> 0 | C12: ='26-06-14'!C12+B12 -> 155 | D12: TOUBOURO | E12: =I12 -> 0 | F12: ='26-06-14'!F12+E12 -> 160 | H12: TOUBOURO | I12: 0
A13: GAROUA | B13: =I8 -> 0 | C13: ='26-06-14'!C13+B13 -> 185 | D13: HOME | E13: =I13 -> 0 | F13: ='26-06-14'!F13+E13 -> 286 | H13: HOME | I13: 0
A15: TOTAL JOURNALIER = | C15: =SUM(B9:B13)+SUM(E9:E13) -> 0 | D15: CUMUL GENERAL = | F15: =SUM(C9:C13)+SUM(F9:F13) -> 2054 | H15: JOURNEE | I15: 41817
H16: TRANSMISSION | I16: =I15+1 -> 41818
A20: Transmis le : | B20: =I16 -> 41818

Sheet 28-06-14
A1: SODECOTON
H2: TABLEAU DE SAISI
A3: PLUVIOMETRIE JOURNALIERE ET PAR PENTADE | H3: STATION | I3: RELEVES
H4: MAROUA | I4: 0
B5: JOURNEE DU : | D5: =I15 -> 41818 | H5: KAELE | I5: 0
H6: TCHATIBALI | I6: 0
A7: STATION | B7: RELEVES | D7: STATION | E7: RELEVES | H7: GUIDER | I7: 0
B8: JOURNALIER | C8: CUMUL | E8: JOURNALIER | F8: CUMUL | H8: GAROUA | I8: 0
A9: MAROUA | B9: =I4 -> 0 | C9: ='27-06-14'!C9+B9 -> 109 | D9: NGONG | E9: =I9 -> 0 | F9: ='27-06-14'!F9+E9 -> 240 | H9: NGONG | I9: 0
A10: KAELE | B10: =I5 -> 0 | C10: ='27-06-14'!C10+B10 -> 163 | D10: POLI | E10: =I10 -> 0 | F10: ='27-06-14'!F10+E10 -> 373 | H10: POLI | I10: 0
A11: TCHATIBALI | B11: =I6 -> 0 | C11: ='27-06-14'!C11+B11 -> 103 | D11: MAYO-GALKE | E11: =I11 -> 0 | F11: ='27-06-14'!F11+E11 -> 280 | H11: MAYO-GALKE | I11: 0
A12: GUIDER | B12: =I7 -> 0 | C12: ='27-06-14'!C12+B12 -> 155 | D12: TOUBOURO | E12: =I12 -> 0 | F12: ='27-06-14'!F12+E12 -> 160 | H12: TOUBOURO | I12: 0
A13: GAROUA | B13: =I8 -> 0 | C13: ='27-06-14'!C13+B13 -> 185 | D13: HOME | E13: =I13 -> 0 | F13: ='27-06-14'!F13+E13 -> 286 | H13: HOME | I13: 0
A15: TOTAL JOURNALIER = | C15: =SUM(B9:B13)+SUM(E9:E13) -> 0 | D15: CUMUL GENERAL = | F15: =SUM(C9:C13)+SUM(F9:F13) -> 2054 | H15: JOURNEE | I15: 41818
H16: TRANSMISSION | I16: =I15+1 -> 41819
A20: Transmis le : | B20: =I16 -> 41819

Sheet 29-06-14
A1: SODECOTON
H2: TABLEAU DE SAISI
A3: PLUVIOMETRIE JOURNALIERE ET PAR PENTADE | H3: STATION | I3: RELEVES
H4: MAROUA | I4: 0
B5: JOURNEE DU : | D5: =I15 -> 41819 | H5: KAELE | I5: 0
H6: TCHATIBALI | I6: 0
A7: STATION | B7: RELEVES | D7: STATION | E7: RELEVES | H7: GUIDER | I7: 0
B8: JOURNALIER | C8: CUMUL | E8: JOURNALIER | F8: CUMUL | H8: GAROUA | I8: 0
A9: MAROUA | B9: =I4 -> 0 | C9: ='28-06-14'!C9+B9 -> 109 | D9: NGONG | E9: =I9 -> 0 | F9: ='28-06-14'!F9+E9 -> 240 | H9: NGONG | I9: 0
A10: KAELE | B10: =I5 -> 0 | C10: ='28-06-14'!C10+B10 -> 163 | D10: POLI | E10: =I10 -> 0 | F10: ='28-06-14'!F10+E10 -> 373 | H10: POLI | I10: 0
A11: TCHATIBALI | B11: =I6 -> 0 | C11: ='28-06-14'!C11+B11 -> 103 | D11: MAYO-GALKE | E11: =I11 -> 0 | F11: ='28-06-14'!F11+E11 -> 280 | H11: MAYO-GALKE | I11: 0
A12: GUIDER | B12: =I7 -> 0 | C12: ='28-06-14'!C12+B12 -> 155 | D12: TOUBOURO | E12: =I12 -> 0 | F12: ='28-06-14'!F12+E12 -> 160 | H12: TOUBOURO | I12: 0
A13: GAROUA | B13: =I8 -> 0 | C13: ='28-06-14'!C13+B13 -> 185 | D13: HOME | E13: =I13 -> 0 | F13: ='28-06-14'!F13+E13 -> 286 | H13: HOME | I13: 0
A15: TOTAL JOURNALIER = | C15: =SUM(B9:B13)+SUM(E9:E13) -> 0 | D15: CUMUL GENERAL = | F15: =SUM(C9:C13)+SUM(F9:F13) -> 2054 | H15: JOURNEE | I15: 41819
H16: TRANSMISSION | I16: =I15+1 -> 41820
A20: Transmis le : | B20: =I16 -> 41820

Sheet 30-06-14
A1: SODECOTON
H2: TABLEAU DE SAISI
A3: PLUVIOMETRIE JOURNALIERE ET PAR PENTADE | H3: STATION | I3: RELEVES
H4: MAROUA | I4: 0
B5: JOURNEE DU : | D5: =I15 -> 41820 | H5: KAELE | I5: 0
H6: TCHATIBALI | I6: 0
A7: STATION | B7: RELEVES | D7: STATION | E7: RELEVES | H7: GUIDER | I7: 0
B8: JOURNALIER | C8: CUMUL | E8: JOURNALIER | F8: CUMUL | H8: GAROUA | I8: 0
A9: MAROUA | B9: =I4 -> 0 | C9: ='29-06-14'!C9+B9 -> 109 | D9: NGONG | E9: =I9 -> 0 | F9: ='29-06-14'!F9+E9 -> 240 | H9: NGONG | I9: 0
A10: KAELE | B10: =I5 -> 0 | C10: ='29-06-14'!C10+B10 -> 163 | D10: POLI | E10: =I10 -> 0 | F10: ='29-06-14'!F10+E10 -> 373 | H10: POLI | I10: 0
A11: TCHATIBALI | B11: =I6 -> 0 | C11: ='29-06-14'!C11+B11 -> 103 | D11: MAYO-GALKE | E11: =I11 -> 0 | F11: ='29-06-14'!F11+E11 -> 280 | H11: MAYO-GALKE | I11: 0
A12: GUIDER | B12: =I7 -> 0 | C12: ='29-06-14'!C12+B12 -> 155 | D12: TOUBOURO | E12: =I12 -> 0 | F12: ='29-06-14'!F12+E12 -> 160 | H12: TOUBOURO | I12: 0
A13: GAROUA | B13: =I8 -> 0 | C13: ='29-06-14'!C13+B13 -> 185 | D13: HOME | E13: =I13 -> 0 | F13: ='29-06-14'!F13+E13 -> 286 | H13: HOME | I13: 0
A15: TOTAL JOURNALIER = | C15: =SUM(B9:B13)+SUM(E9:E13) -> 0 | D15: CUMUL GENERAL = | F15: =SUM(C9:C13)+SUM(F9:F13) -> 2054 | H15: JOURNEE | I15: 41820
H16: TRANSMISSION | I16: =I15+1 -> 41821
A20: Transmis le : | B20: =I16 -> 41821

Sheet 01-07-14
A1: SODECOTON
H2: TABLEAU DE SAISI
A3: PLUVIOMETRIE JOURNALIERE ET PAR PENTADE | H3: STATION | I3: RELEVES
H4: MAROUA | I4: 0
B5: JOURNEE DU : | D5: =I15 -> 41821 | H5: KAELE | I5: 0
H6: TCHATIBALI | I6: 0
A7: STATION | B7: RELEVES | D7: STATION | E7: RELEVES | H7: GUIDER | I7: 0
B8: JOURNALIER | C8: CUMUL | E8: JOURNALIER | F8: CUMUL | H8: GAROUA | I8: 0
A9: MAROUA | B9: =I4 -> 0 | C9: ='30-06-14'!C9+B9 -> 109 | D9: NGONG | E9: =I9 -> 0 | F9: ='30-06-14'!F9+E9 -> 240 | H9: NGONG | I9: 0
A10: KAELE | B10: =I5 -> 0 | C10: ='30-06-14'!C10+B10 -> 163 | D10: POLI | E10: =I10 -> 0 | F10: ='30-06-14'!F10+E10 -> 373 | H10: POLI | I10: 0
A11: TCHATIBALI | B11: =I6 -> 0 | C11: ='30-06-14'!C11+B11 -> 103 | D11: MAYO-GALKE | E11: =I11 -> 0 | F11: ='30-06-14'!F11+E11 -> 280 | H11: MAYO-GALKE | I11: 0
A12: GUIDER | B12: =I7 -> 0 | C12: ='30-06-14'!C12+B12 -> 155 | D12: TOUBOURO | E12: =I12 -> 0 | F12: ='30-06-14'!F12+E12 -> 160 | H12: TOUBOURO | I12: 0
A13: GAROUA | B13: =I8 -> 0 | C13: ='30-06-14'!C13+B13 -> 185 | D13: HOME | E13: =I13 -> 0 | F13: ='30-06-14'!F13+E13 -> 286 | H13: HOME | I13: 0
A15: TOTAL JOURNALIER = | C15: =SUM(B9:B13)+SUM(E9:E13) -> 0 | D15: CUMUL GENERAL = | F15: =SUM(C9:C13)+SUM(F9:F13) -> 2054 | H15: JOURNEE | I15: 41821
H16: TRANSMISSION | I16: =I15+1 -> 41822
A20: Transmis le : | B20: =I16 -> 41822

Sheet 02-07-14
A1: SODECOTON
H2: TABLEAU DE SAISI
A3: PLUVIOMETRIE JOURNALIERE ET PAR PENTADE | H3: STATION | I3: RELEVES
H4: MAROUA | I4: 0
B5: JOURNEE DU : | D5: =I15 -> 41822 | H5: KAELE | I5: 0
H6: TCHATIBALI | I6: 0
A7: STATION | B7: RELEVES | D7: STATION | E7: RELEVES | H7: GUIDER | I7: 0
B8: JOURNALIER | C8: CUMUL | E8: JOURNALIER | F8: CUMUL | H8: GAROUA | I8: 0
A9: MAROUA | B9: =I4 -> 0 | C9: ='01-07-14'!C9+B9 -> 109 | D9: NGONG | E9: =I9 -> 0 | F9: ='01-07-14'!F9+E9 -> 240 | H9: NGONG | I9: 0
A10: KAELE | B10: =I5 -> 0 | C10: ='01-07-14'!C10+B10 -> 163 | D10: POLI | E10: =I10 -> 0 | F10: ='01-07-14'!F10+E10 -> 373 | H10: POLI | I10: 0
A11: TCHATIBALI | B11: =I6 -> 0 | C11: ='01-07-14'!C11+B11 -> 103 | D11: MAYO-GALKE | E11: =I11 -> 0 | F11: ='01-07-14'!F11+E11 -> 280 | H11: MAYO-GALKE | I11: 0
A12: GUIDER | B12: =I7 -> 0 | C12: ='01-07-14'!C12+B12 -> 155 | D12: TOUBOURO | E12: =I12 -> 0 | F12: ='01-07-14'!F12+E12 -> 160 | H12: TOUBOURO | I12: 0
A13: GAROUA | B13: =I8 -> 0 | C13: ='01-07-14'!C13+B13 -> 185 | D13: HOME | E13: =I13 -> 0 | F13: ='01-07-14'!F13+E13 -> 286 | H13: HOME | I13: 0
A15: TOTAL JOURNALIER = | C15: =SUM(B9:B13)+SUM(E9:E13) -> 0 | D15: CUMUL GENERAL = | F15: =SUM(C9:C13)+SUM(F9:F13) -> 2054 | H15: JOURNEE | I15: 41822
H16: TRANSMISSION | I16: =I15+1 -> 41823
A20: Transmis le : | B20: =I16 -> 41823

Sheet 03-07-14
A1: SODECOTON
H2: TABLEAU DE SAISI
A3: PLUVIOMETRIE JOURNALIERE ET PAR PENTADE | H3: STATION | I3: RELEVES
H4: MAROUA | I4: 0
B5: JOURNEE DU : | D5: =I15 -> 41823 | H5: KAELE | I5: 0
H6: TCHATIBALI | I6: 0
A7: STATION | B7: RELEVES | D7: STATION | E7: RELEVES | H7: GUIDER | I7: 0
B8: JOURNALIER | C8: CUMUL | E8: JOURNALIER | F8: CUMUL | H8: GAROUA | I8: 0
A9: MAROUA | B9: =I4 -> 0 | C9: ='02-07-14'!C9+B9 -> 109 | D9: NGONG | E9: =I9 -> 0 | F9: ='02-07-14'!F9+E9 -> 240 | H9: NGONG | I9: 0
A10: KAELE | B10: =I5 -> 0 | C10: ='02-07-14'!C10+B10 -> 163 | D10: POLI | E10: =I10 -> 0 | F10: ='02-07-14'!F10+E10 -> 373 | H10: POLI | I10: 0
A11: TCHATIBALI | B11: =I6 -> 0 | C11: ='02-07-14'!C11+B11 -> 103 | D11: MAYO-GALKE | E11: =I11 -> 0 | F11: ='02-07-14'!F11+E11 -> 280 | H11: MAYO-GALKE | I11: 0
A12: GUIDER | B12: =I7 -> 0 | C12: ='02-07-14'!C12+B12 -> 155 | D12: TOUBOURO | E12: =I12 -> 0 | F12: ='02-07-14'!F12+E12 -> 160 | H12: TOUBOURO | I12: 0
A13: GAROUA | B13: =I8 -> 0 | C13: ='02-07-14'!C13+B13 -> 185 | D13: HOME | E13: =I13 -> 0 | F13: ='02-07-14'!F13+E13 -> 286 | H13: HOME | I13: 0
A15: TOTAL JOURNALIER = | C15: =SUM(B9:B13)+SUM(E9:E13) -> 0 | D15: CUMUL GENERAL = | F15: =SUM(C9:C13)+SUM(F9:F13) -> 2054 | H15: JOURNEE | I15: 41823
H16: TRANSMISSION | I16: =I15+1 -> 41824
A20: Transmis le : | B20: =I16 -> 41824

Sheet 04-07-14
A1: SODECOTON
H2: TABLEAU DE SAISI
A3: PLUVIOMETRIE JOURNALIERE ET PAR PENTADE | H3: STATION | I3: RELEVES
H4: MAROUA | I4: 0
B5: JOURNEE DU : | D5: =I15 -> 41824 | H5: KAELE | I5: 0
H6: TCHATIBALI | I6: 0
A7: STATION | B7: RELEVES | D7: STATION | E7: RELEVES | H7: GUIDER | I7: 0
B8: JOURNALIER | C8: CUMUL | E8: JOURNALIER | F8: CUMUL | H8: GAROUA | I8: 0
A9: MAROUA | B9: =I4 -> 0 | C9: ='03-07-14'!C9+B9 -> 109 | D9: NGONG | E9: =I9 -> 0 | F9: ='03-07-14'!F9+E9 -> 240 | H9: NGONG | I9: 0
A10: KAELE | B10: =I5 -> 0 | C10: ='03-07-14'!C10+B10 -> 163 | D10: POLI | E10: =I10 -> 0 | F10: ='03-07-14'!F10+E10 -> 373 | H10: POLI | I10: 0
A11: TCHATIBALI | B11: =I6 -> 0 | C11: ='03-07-14'!C11+B11 -> 103 | D11: MAYO-GALKE | E11: =I11 -> 0 | F11: ='03-07-14'!F11+E11 -> 280 | H11: MAYO-GALKE | I11: 0
A12: GUIDER | B12: =I7 -> 0 | C12: ='03-07-14'!C12+B12 -> 155 | D12: TOUBOURO | E12: =I12 -> 0 | F12: ='03-07-14'!F12+E12 -> 160 | H12: TOUBOURO | I12: 0
A13: GAROUA | B13: =I8 -> 0 | C13: ='03-07-14'!C13+B13 -> 185 | D13: HOME | E13: =I13 -> 0 | F13: ='03-07-14'!F13+E13 -> 286 | H13: HOME | I13: 0
A15: TOTAL JOURNALIER = | C15: =SUM(B9:B13)+SUM(E9:E13) -> 0 | D15: CUMUL GENERAL = | F15: =SUM(C9:C13)+SUM(F9:F13) -> 2054 | H15: JOURNEE | I15: 41824
H16: TRANSMISSION | I16: =I15+1 -> 41825
A20: Transmis le : | B20: =I16 -> 41825

Sheet 05-07-14
A1: SODECOTON
H2: TABLEAU DE SAISI
A3: PLUVIOMETRIE JOURNALIERE ET PAR PENTADE | H3: STATION | I3: RELEVES
H4: MAROUA | I4: 0
B5: JOURNEE DU : | D5: =I15 -> 41825 | H5: KAELE | I5: 0
H6: TCHATIBALI | I6: 0
A7: STATION | B7: RELEVES | D7: STATION | E7: RELEVES | H7: GUIDER | I7: 0
B8: JOURNALIER | C8: CUMUL | E8: JOURNALIER | F8: CUMUL | H8: GAROUA | I8: 0
A9: MAROUA | B9: =I4 -> 0 | C9: ='04-07-14'!C9+B9 -> 109 | D9: NGONG | E9: =I9 -> 0 | F9: ='04-07-14'!F9+E9 -> 240 | H9: NGONG | I9: 0
A10: KAELE | B10: =I5 -> 0 | C10: ='04-07-14'!C10+B10 -> 163 | D10: POLI | E10: =I10 -> 0 | F10: ='04-07-14'!F10+E10 -> 373 | H10: POLI | I10: 0
A11: TCHATIBALI | B11: =I6 -> 0 | C11: ='04-07-14'!C11+B11 -> 103 | D11: MAYO-GALKE | E11: =I11 -> 0 | F11: ='04-07-14'!F11+E11 -> 280 | H11: MAYO-GALKE | I11: 0
A12: GUIDER | B12: =I7 -> 0 | C12: ='04-07-14'!C12+B12 -> 155 | D12: TOUBOURO | E12: =I12 -> 0 | F12: ='04-07-14'!F12+E12 -> 160 | H12: TOUBOURO | I12: 0
A13: GAROUA | B13: =I8 -> 0 | C13: ='04-07-14'!C13+B13 -> 185 | D13: HOME | E13: =I13 -> 0 | F13: ='04-07-14'!F13+E13 -> 286 | H13: HOME | I13: 0
A15: TOTAL JOURNALIER = | C15: =SUM(B9:B13)+SUM(E9:E13) -> 0 | D15: CUMUL GENERAL = | F15: =SUM(C9:C13)+SUM(F9:F13) -> 2054 | H15: JOURNEE | I15: 41825
H16: TRANSMISSION | I16: =I15+1 -> 41826
A20: Transmis le : | B20: =I16 -> 41826

Sheet 06-07-14
A1: SODECOTON
H2: TABLEAU DE SAISI
A3: PLUVIOMETRIE JOURNALIERE ET PAR PENTADE | H3: STATION | I3: RELEVES
H4: MAROUA | I4: 0
B5: JOURNEE DU : | D5: =I15 -> 41826 | H5: KAELE | I5: 0
H6: TCHATIBALI | I6: 0
A7: STATION | B7: RELEVES | D7: STATION | E7: RELEVES | H7: GUIDER | I7: 0
B8: JOURNALIER | C8: CUMUL | E8: JOURNALIER | F8: CUMUL | H8: GAROUA | I8: 0
A9: MAROUA | B9: =I4 -> 0 | C9: ='05-07-14'!C9+B9 -> 109 | D9: NGONG | E9: =I9 -> 0 | F9: ='05-07-14'!F9+E9 -> 240 | H9: NGONG | I9: 0
A10: KAELE | B10: =I5 -> 0 | C10: ='05-07-14'!C10+B10 -> 163 | D10: POLI | E10: =I10 -> 0 | F10: ='05-07-14'!F10+E10 -> 373 | H10: POLI | I10: 0
A11: TCHATIBALI | B11: =I6 -> 0 | C11: ='05-07-14'!C11+B11 -> 103 | D11: MAYO-GALKE | E11: =I11 -> 0 | F11: ='05-07-14'!F11+E11 -> 280 | H11: MAYO-GALKE | I11: 0
A12: GUIDER | B12: =I7 -> 0 | C12: ='05-07-14'!C12+B12 -> 155 | D12: TOUBOURO | E12: =I12 -> 0 | F12: ='05-07-14'!F12+E12 -> 160 | H12: TOUBOURO | I12: 0
A13: GAROUA | B13: =I8 -> 0 | C13: ='05-07-14'!C13+B13 -> 185 | D13: HOME | E13: =I13 -> 0 | F13: ='05-07-14'!F13+E13 -> 286 | H13: HOME | I13: 0
A15: TOTAL JOURNALIER = | C15: =SUM(B9:B13)+SUM(E9:E13) -> 0 | D15: CUMUL GENERAL = | F15: =SUM(C9:C13)+SUM(F9:F13) -> 2054 | H15: JOURNEE | I15: 41826
H16: TRANSMISSION | I16: =I15+1 -> 41827
A20: Transmis le : | B20: =I16 -> 41827

Sheet 07-07-14
A1: SODECOTON
H2: TABLEAU DE SAISI
A3: PLUVIOMETRIE JOURNALIERE ET PAR PENTADE | H3: STATION | I3: RELEVES
H4: MAROUA | I4: 0
B5: JOURNEE DU : | D5: =I15 -> 41827 | H5: KAELE | I5: 0
H6: TCHATIBALI | I6: 0
A7: STATION | B7: RELEVES | D7: STATION | E7: RELEVES | H7: GUIDER | I7: 0
B8: JOURNALIER | C8: CUMUL | E8: JOURNALIER | F8: CUMUL | H8: GAROUA | I8: 0
A9: MAROUA | B9: =I4 -> 0 | C9: ='06-07-14'!C9+B9 -> 109 | D9: NGONG | E9: =I9 -> 0 | F9: ='06-07-14'!F9+E9 -> 240 | H9: NGONG | I9: 0
A10: KAELE | B10: =I5 -> 0 | C10: ='06-07-14'!C10+B10 -> 163 | D10: POLI | E10: =I10 -> 0 | F10: ='06-07-14'!F10+E10 -> 373 | H10: POLI | I10: 0
A11: TCHATIBALI | B11: =I6 -> 0 | C11: ='06-07-14'!C11+B11 -> 103 | D11: MAYO-GALKE | E11: =I11 -> 0 | F11: ='06-07-14'!F11+E11 -> 280 | H11: MAYO-GALKE | I11: 0
A12: GUIDER | B12: =I7 -> 0 | C12: ='06-07-14'!C12+B12 -> 155 | D12: TOUBOURO | E12: =I12 -> 0 | F12: ='06-07-14'!F12+E12 -> 160 | H12: TOUBOURO | I12: 0
A13: GAROUA | B13: =I8 -> 0 | C13: ='06-07-14'!C13+B13 -> 185 | D13: HOME | E13: =I13 -> 0 | F13: ='06-07-14'!F13+E13 -> 286 | H13: HOME | I13: 0
A15: TOTAL JOURNALIER = | C15: =SUM(B9:B13)+SUM(E9:E13) -> 0 | D15: CUMUL GENERAL = | F15: =SUM(C9:C13)+SUM(F9:F13) -> 2054 | H15: JOURNEE | I15: 41827
H16: TRANSMISSION | I16: =I15+1 -> 41828
A20: Transmis le : | B20: =I16 -> 41828

Sheet 08-07-14
A1: SODECOTON
H2: TABLEAU DE SAISI
A3: PLUVIOMETRIE JOURNALIERE ET PAR PENTADE | H3: STATION | I3: RELEVES
H4: MAROUA | I4: 0
B5: JOURNEE DU : | D5: =I15 -> 41828 | H5: KAELE | I5: 0
H6: TCHATIBALI | I6: 0
A7: STATION | B7: RELEVES | D7: STATION | E7: RELEVES | H7: GUIDER | I7: 0
B8: JOURNALIER | C8: CUMUL | E8: JOURNALIER | F8: CUMUL | H8: GAROUA | I8: 0
A9: MAROUA | B9: =I4 -> 0 | C9: ='07-07-14'!C9+B9 -> 109 | D9: NGONG | E9: =I9 -> 0 | F9: ='07-07-14'!F9+E9 -> 240 | H9: NGONG | I9: 0
A10: KAELE | B10: =I5 -> 0 | C10: ='07-07-14'!C10+B10 -> 163 | D10: POLI | E10: =I10 -> 0 | F10: ='07-07-14'!F10+E10 -> 373 | H10: POLI | I10: 0
A11: TCHATIBALI | B11: =I6 -> 0 | C11: ='07-07-14'!C11+B11 -> 103 | D11: MAYO-GALKE | E11: =I11 -> 0 | F11: ='07-07-14'!F11+E11 -> 280 | H11: MAYO-GALKE | I11: 0
A12: GUIDER | B12: =I7 -> 0 | C12: ='07-07-14'!C12+B12 -> 155 | D12: TOUBOURO | E12: =I12 -> 0 | F12: ='07-07-14'!F12+E12 -> 160 | H12: TOUBOURO | I12: 0
A13: GAROUA | B13: =I8 -> 0 | C13: ='07-07-14'!C13+B13 -> 185 | D13: HOME | E13: =I13 -> 0 | F13: ='07-07-14'!F13+E13 -> 286 | H13: HOME | I13: 0
A15: TOTAL JOURNALIER = | C15: =SUM(B9:B13)+SUM(E9:E13) -> 0 | D15: CUMUL GENERAL = | F15: =SUM(C9:C13)+SUM(F9:F13) -> 2054 | H15: JOURNEE | I15: 41828
H16: TRANSMISSION | I16: =I15+1 -> 41829
A20: Transmis le : | B20: =I16 -> 41829

Sheet 09-07-14
A1: SODECOTON
H2: TABLEAU DE SAISI
A3: PLUVIOMETRIE JOURNALIERE ET PAR PENTADE | H3: STATION | I3: RELEVES
H4: MAROUA | I4: 0
B5: JOURNEE DU : | D5: =I15 -> 41829 | H5: KAELE | I5: 0
H6: TCHATIBALI | I6: 0
A7: STATION | B7: RELEVES | D7: STATION | E7: RELEVES | H7: GUIDER | I7: 0
B8: JOURNALIER | C8: CUMUL | E8: JOURNALIER | F8: CUMUL | H8: GAROUA | I8: 0
A9: MAROUA | B9: =I4 -> 0 | C9: ='08-07-14'!C9+B9 -> 109 | D9: NGONG | E9: =I9 -> 0 | F9: ='08-07-14'!F9+E9 -> 240 | H9: NGONG | I9: 0
A10: KAELE | B10: =I5 -> 0 | C10: ='08-07-14'!C10+B10 -> 163 | D10: POLI | E10: =I10 -> 0 | F10: ='08-07-14'!F10+E10 -> 373 | H10: POLI | I10: 0
A11: TCHATIBALI | B11: =I6 -> 0 | C11: ='08-07-14'!C11+B11 -> 103 | D11: MAYO-GALKE | E11: =I11 -> 0 | F11: ='08-07-14'!F11+E11 -> 280 | H11: MAYO-GALKE | I11: 0
A12: GUIDER | B12: =I7 -> 0 | C12: ='08-07-14'!C12+B12 -> 155 | D12: TOUBOURO | E12: =I12 -> 0 | F12: ='08-07-14'!F12+E12 -> 160 | H12: TOUBOURO | I12: 0
A13: GAROUA | B13: =I8 -> 0 | C13: ='08-07-14'!C13+B13 -> 185 | D13: HOME | E13: =I13 -> 0 | F13: ='08-07-14'!F13+E13 -> 286 | H13: HOME | I13: 0
A15: TOTAL JOURNALIER = | C15: =SUM(B9:B13)+SUM(E9:E13) -> 0 | D15: CUMUL GENERAL = | F15: =SUM(C9:C13)+SUM(F9:F13) -> 2054 | H15: JOURNEE | I15: 41829
H16: TRANSMISSION | I16: =I15+1 -> 41830
A20: Transmis le : | B20: =I16 -> 41830

Sheet 10-07-14
A1: SODECOTON
H2: TABLEAU DE SAISI
A3: PLUVIOMETRIE JOURNALIERE ET PAR PENTADE | H3: STATION | I3: RELEVES
H4: MAROUA | I4: 0
B5: JOURNEE DU : | D5: =I15 -> 41830 | H5: KAELE | I5: 0
H6: TCHATIBALI | I6: 0
A7: STATION | B7: RELEVES | D7: STATION | E7: RELEVES | H7: GUIDER | I7: 0
B8: JOURNALIER | C8: CUMUL | E8: JOURNALIER | F8: CUMUL | H8: GAROUA | I8: 0
A9: MAROUA | B9: =I4 -> 0 | C9: ='09-07-14'!C9+B9 -> 109 | D9: NGONG | E9: =I9 -> 0 | F9: ='09-07-14'!F9+E9 -> 240 | H9: NGONG | I9: 0
A10: KAELE | B10: =I5 -> 0 | C10: ='09-07-14'!C10+B10 -> 163 | D10: POLI | E10: =I10 -> 0 | F10: ='09-07-14'!F10+E10 -> 373 | H10: POLI | I10: 0
A11: TCHATIBALI | B11: =I6 -> 0 | C11: ='09-07-14'!C11+B11 -> 103 | D11: MAYO-GALKE | E11: =I11 -> 0 | F11: ='09-07-14'!F11+E11 -> 280 | H11: MAYO-GALKE | I11: 0
A12: GUIDER | B12: =I7 -> 0 | C12: ='09-07-14'!C12+B12 -> 155 | D12: TOUBOURO | E12: =I12 -> 0 | F12: ='09-07-14'!F12+E12 -> 160 | H12: TOUBOURO | I12: 0
A13: GAROUA | B13: =I8 -> 0 | C13: ='09-07-14'!C13+B13 -> 185 | D13: HOME | E13: =I13 -> 0 | F13: ='09-07-14'!F13+E13 -> 286 | H13: HOME | I13: 0
A15: TOTAL JOURNALIER = | C15: =SUM(B9:B13)+SUM(E9:E13) -> 0 | D15: CUMUL GENERAL = | F15: =SUM(C9:C13)+SUM(F9:F13) -> 2054 | H15: JOURNEE | I15: 41830
H16: TRANSMISSION | I16: =I15+1 -> 41831
A20: Transmis le : | B20: =I16 -> 41831

Sheet 11-07-14
A1: SODECOTON
H2: TABLEAU DE SAISI
A3: PLUVIOMETRIE JOURNALIERE ET PAR PENTADE | H3: STATION | I3: RELEVES
H4: MAROUA | I4: 0
B5: JOURNEE DU : | D5: =I15 -> 41831 | H5: KAELE | I5: 0
H6: TCHATIBALI | I6: 0
A7: STATION | B7: RELEVES | D7: STATION | E7: RELEVES | H7: GUIDER | I7: 0
B8: JOURNALIER | C8: CUMUL | E8: JOURNALIER | F8: CUMUL | H8: GAROUA | I8: 0
A9: MAROUA | B9: =I4 -> 0 | C9: ='10-07-14'!C9+B9 -> 109 | D9: NGONG | E9: =I9 -> 0 | F9: ='10-07-14'!F9+E9 -> 240 | H9: NGONG | I9: 0
A10: KAELE | B10: =I5 -> 0 | C10: ='10-07-14'!C10+B10 -> 163 | D10: POLI | E10: =I10 -> 0 | F10: ='10-07-14'!F10+E10 -> 373 | H10: POLI | I10: 0
A11: TCHATIBALI | B11: =I6 -> 0 | C11: ='10-07-14'!C11+B11 -> 103 | D11: MAYO-GALKE | E11: =I11 -> 0 | F11: ='10-07-14'!F11+E11 -> 280 | H11: MAYO-GALKE | I11: 0
A12: GUIDER | B12: =I7 -> 0 | C12: ='10-07-14'!C12+B12 -> 155 | D12: TOUBOURO | E12: =I12 -> 0 | F12: ='10-07-14'!F12+E12 -> 160 | H12: TOUBOURO | I12: 0
A13: GAROUA | B13: =I8 -> 0 | C13: ='10-07-14'!C13+B13 -> 185 | D13: HOME | E13: =I13 -> 0 | F13: ='10-07-14'!F13+E13 -> 286 | H13: HOME | I13: 0
A15: TOTAL JOURNALIER = | C15: =SUM(B9:B13)+SUM(E9:E13) -> 0 | D15: CUMUL GENERAL = | F15: =SUM(C9:C13)+SUM(F9:F13) -> 2054 | H15: JOURNEE | I15: 41831
H16: TRANSMISSION | I16: =I15+1 -> 41832
A20: Transmis le : | B20: =I16 -> 41832

Sheet 12-07-14
A1: SODECOTON
H2: TABLEAU DE SAISI
A3: PLUVIOMETRIE JOURNALIERE ET PAR PENTADE | H3: STATION | I3: RELEVES
H4: MAROUA | I4: 0
B5: JOURNEE DU : | D5: =I15 -> 41832 | H5: KAELE | I5: 0
H6: TCHATIBALI | I6: 0
A7: STATION | B7: RELEVES | D7: STATION | E7: RELEVES | H7: GUIDER | I7: 0
B8: JOURNALIER | C8: CUMUL | E8: JOURNALIER | F8: CUMUL | H8: GAROUA | I8: 0
A9: MAROUA | B9: =I4 -> 0 | C9: ='11-07-14'!C9+B9 -> 109 | D9: NGONG | E9: =I9 -> 0 | F9: ='11-07-14'!F9+E9 -> 240 | H9: NGONG | I9: 0
A10: KAELE | B10: =I5 -> 0 | C10: ='11-07-14'!C10+B10 -> 163 | D10: POLI | E10: =I10 -> 0 | F10: ='11-07-14'!F10+E10 -> 373 | H10: POLI | I10: 0
A11: TCHATIBALI | B11: =I6 -> 0 | C11: ='11-07-14'!C11+B11 -> 103 | D11: MAYO-GALKE | E11: =I11 -> 0 | F11: ='11-07-14'!F11+E11 -> 280 | H11: MAYO-GALKE | I11: 0
A12: GUIDER | B12: =I7 -> 0 | C12: ='11-07-14'!C12+B12 -> 155 | D12: TOUBOURO | E12: =I12 -> 0 | F12: ='11-07-14'!F12+E12 -> 160 | H12: TOUBOURO | I12: 0
A13: GAROUA | B13: =I8 -> 0 | C13: ='11-07-14'!C13+B13 -> 185 | D13: HOME | E13: =I13 -> 0 | F13: ='11-07-14'!F13+E13 -> 286 | H13: HOME | I13: 0
A15: TOTAL JOURNALIER = | C15: =SUM(B9:B13)+SUM(E9:E13) -> 0 | D15: CUMUL GENERAL = | F15: =SUM(C9:C13)+SUM(F9:F13) -> 2054 | H15: JOURNEE | I15: 41832
H16: TRANSMISSION | I16: =I15+1 -> 41833
A20: Transmis le : | B20: =I16 -> 41833

Sheet 13-07-14
A1: SODECOTON
H2: TABLEAU DE SAISI
A3: PLUVIOMETRIE JOURNALIERE ET PAR PENTADE | H3: STATION | I3: RELEVES
H4: MAROUA | I4: 0
B5: JOURNEE DU : | D5: =I15 -> 41833 | H5: KAELE | I5: 0
H6: TCHATIBALI | I6: 0
A7: STATION | B7: RELEVES | D7: STATION | E7: RELEVES | H7: GUIDER | I7: 0
B8: JOURNALIER | C8: CUMUL | E8: JOURNALIER | F8: CUMUL | H8: GAROUA | I8: 0
A9: MAROUA | B9: =I4 -> 0 | C9: ='12-07-14'!C9+B9 -> 109 | D9: NGONG | E9: =I9 -> 0 | F9: ='12-07-14'!F9+E9 -> 240 | H9: NGONG | I9: 0
A10: KAELE | B10: =I5 -> 0 | C10: ='12-07-14'!C10+B10 -> 163 | D10: POLI | E10: =I10 -> 0 | F10: ='12-07-14'!F10+E10 -> 373 | H10: POLI | I10: 0
A11: TCHATIBALI | B11: =I6 -> 0 | C11: ='12-07-14'!C11+B11 -> 103 | D11: MAYO-GALKE | E11: =I11 -> 0 | F11: ='12-07-14'!F11+E11 -> 280 | H11: MAYO-GALKE | I11: 0
A12: GUIDER | B12: =I7 -> 0 | C12: ='12-07-14'!C12+B12 -> 155 | D12: TOUBOURO | E12: =I12 -> 0 | F12: ='12-07-14'!F12+E12 -> 160 | H12: TOUBOURO | I12: 0
A13: GAROUA | B13: =I8 -> 0 | C13: ='12-07-14'!C13+B13 -> 185 | D13: HOME | E13: =I13 -> 0 | F13: ='12-07-14'!F13+E13 -> 286 | H13: HOME | I13: 0
A15: TOTAL JOURNALIER = | C15: =SUM(B9:B13)+SUM(E9:E13) -> 0 | D15: CUMUL GENERAL = | F15: =SUM(C9:C13)+SUM(F9:F13) -> 2054 | H15: JOURNEE | I15: 41833
H16: TRANSMISSION | I16: =I15+1 -> 41834
A20: Transmis le : | B20: =I16 -> 41834

Sheet 14-07-14
A1: SODECOTON
H2: TABLEAU DE SAISI
A3: PLUVIOMETRIE JOURNALIERE ET PAR PENTADE | H3: STATION | I3: RELEVES
H4: MAROUA | I4: 0
B5: JOURNEE DU : | D5: =I15 -> 41834 | H5: KAELE | I5: 0
H6: TCHATIBALI | I6: 0
A7: STATION | B7: RELEVES | D7: STATION | E7: RELEVES | H7: GUIDER | I7: 0
B8: JOURNALIER | C8: CUMUL | E8: JOURNALIER | F8: CUMUL | H8: GAROUA | I8: 0
A9: MAROUA | B9: =I4 -> 0 | C9: ='13-07-14'!C9+B9 -> 109 | D9: NGONG | E9: =I9 -> 0 | F9: ='13-07-14'!F9+E9 -> 240 | H9: NGONG | I9: 0
A10: KAELE | B10: =I5 -> 0 | C10: ='13-07-14'!C10+B10 -> 163 | D10: POLI | E10: =I10 -> 0 | F10: ='13-07-14'!F10+E10 -> 373 | H10: POLI | I10: 0
A11: TCHATIBALI | B11: =I6 -> 0 | C11: ='13-07-14'!C11+B11 -> 103 | D11: MAYO-GALKE | E11: =I11 -> 0 | F11: ='13-07-14'!F11+E11 -> 280 | H11: MAYO-GALKE | I11: 0
A12: GUIDER | B12: =I7 -> 0 | C12: ='13-07-14'!C12+B12 -> 155 | D12: TOUBOURO | E12: =I12 -> 0 | F12: ='13-07-14'!F12+E12 -> 160 | H12: TOUBOURO | I12: 0
A13: GAROUA | B13: =I8 -> 0 | C13: ='13-07-14'!C13+B13 -> 185 | D13: HOME | E13: =I13 -> 0 | F13: ='13-07-14'!F13+E13 -> 286 | H13: HOME | I13: 0
A15: TOTAL JOURNALIER = | C15: =SUM(B9:B13)+SUM(E9:E13) -> 0 | D15: CUMUL GENERAL = | F15: =SUM(C9:C13)+SUM(F9:F13) -> 2054 | H15: JOURNEE | I15: 41834
H16: TRANSMISSION | I16: =I15+1 -> 41835
A20: Transmis le : | B20: =I16 -> 41835

Sheet 15-07-14
A1: SODECOTON
H2: TABLEAU DE SAISI
A3: PLUVIOMETRIE JOURNALIERE ET PAR PENTADE | H3: STATION | I3: RELEVES
H4: MAROUA | I4: 0
B5: JOURNEE DU : | D5: =I15 -> 41835 | H5: KAELE | I5: 0
H6: TCHATIBALI | I6: 0
A7: STATION | B7: RELEVES | D7: STATION | E7: RELEVES | H7: GUIDER | I7: 0
B8: JOURNALIER | C8: CUMUL | E8: JOURNALIER | F8: CUMUL | H8: GAROUA | I8: 0
A9: MAROUA | B9: =I4 -> 0 | C9: ='14-07-14'!C9+B9 -> 109 | D9: NGONG | E9: =I9 -> 0 | F9: ='14-07-14'!F9+E9 -> 240 | H9: NGONG | I9: 0
A10: KAELE | B10: =I5 -> 0 | C10: ='14-07-14'!C10+B10 -> 163 | D10: POLI | E10: =I10 -> 0 | F10: ='14-07-14'!F10+E10 -> 373 | H10: POLI | I10: 0
A11: TCHATIBALI | B11: =I6 -> 0 | C11: ='14-07-14'!C11+B11 -> 103 | D11: MAYO-GALKE | E11: =I11 -> 0 | F11: ='14-07-14'!F11+E11 -> 280 | H11: MAYO-GALKE | I11: 0
A12: GUIDER | B12: =I7 -> 0 | C12: ='14-07-14'!C12+B12 -> 155 | D12: TOUBOURO | E12: =I12 -> 0 | F12: ='14-07-14'!F12+E12 -> 160 | H12: TOUBOURO | I12: 0
A13: GAROUA | B13: =I8 -> 0 | C13: ='14-07-14'!C13+B13 -> 185 | D13: HOME | E13: =I13 -> 0 | F13: ='14-07-14'!F13+E13 -> 286 | H13: HOME | I13: 0
A15: TOTAL JOURNALIER = | C15: =SUM(B9:B13)+SUM(E9:E13) -> 0 | D15: CUMUL GENERAL = | F15: =SUM(C9:C13)+SUM(F9:F13) -> 2054 | H15: JOURNEE | I15: 41835
H16: TRANSMISSION | I16: =I15+1 -> 41836
A20: Transmis le : | B20: =I16 -> 41836

Sheet 16-07-14
A1: SODECOTON
H2: TABLEAU DE SAISI
A3: PLUVIOMETRIE JOURNALIERE ET PAR PENTADE | H3: STATION | I3: RELEVES
H4: MAROUA | I4: 0
B5: JOURNEE DU : | D5: =I15 -> 41836 | H5: KAELE | I5: 0
H6: TCHATIBALI | I6: 0
A7: STATION | B7: RELEVES | D7: STATION | E7: RELEVES | H7: GUIDER | I7: 0
B8: JOURNALIER | C8: CUMUL | E8: JOURNALIER | F8: CUMUL | H8: GAROUA | I8: 0
A9: MAROUA | B9: =I4 -> 0 | C9: ='15-07-14'!C9+B9 -> 109 | D9: NGONG | E9: =I9 -> 0 | F9: ='15-07-14'!F9+E9 -> 240 | H9: NGONG | I9: 0
A10: KAELE | B10: =I5 -> 0 | C10: ='15-07-14'!C10+B10 -> 163 | D10: POLI | E10: =I10 -> 0 | F10: ='15-07-14'!F10+E10 -> 373 | H10: POLI | I10: 0
A11: TCHATIBALI | B11: =I6 -> 0 | C11: ='15-07-14'!C11+B11 -> 103 | D11: MAYO-GALKE | E11: =I11 -> 0 | F11: ='15-07-14'!F11+E11 -> 280 | H11: MAYO-GALKE | I11: 0
A12: GUIDER | B12: =I7 -> 0 | C12: ='15-07-14'!C12+B12 -> 155 | D12: TOUBOURO | E12: =I12 -> 0 | F12: ='15-07-14'!F12+E12 -> 160 | H12: TOUBOURO | I12: 0
A13: GAROUA | B13: =I8 -> 0 | C13: ='15-07-14'!C13+B13 -> 185 | D13: HOME | E13: =I13 -> 0 | F13: ='15-07-14'!F13+E13 -> 286 | H13: HOME | I13: 0
A15: TOTAL JOURNALIER = | C15: =SUM(B9:B13)+SUM(E9:E13) -> 0 | D15: CUMUL GENERAL = | F15: =SUM(C9:C13)+SUM(F9:F13) -> 2054 | H15: JOURNEE | I15: 41836
H16: TRANSMISSION | I16: =I15+1 -> 41837
A20: Transmis le : | B20: =I16 -> 41837

Sheet 17-07-14
A1: SODECOTON
H2: TABLEAU DE SAISI
A3: PLUVIOMETRIE JOURNALIERE ET PAR PENTADE | H3: STATION | I3: RELEVES
H4: MAROUA | I4: 0
B5: JOURNEE DU : | D5: =I15 -> 41837 | H5: KAELE | I5: 0
H6: TCHATIBALI | I6: 0
A7: STATION | B7: RELEVES | D7: STATION | E7: RELEVES | H7: GUIDER | I7: 0
B8: JOURNALIER | C8: CUMUL | E8: JOURNALIER | F8: CUMUL | H8: GAROUA | I8: 0
A9: MAROUA | B9: =I4 -> 0 | C9: ='16-07-14'!C9+B9 -> 109 | D9: NGONG | E9: =I9 -> 0 | F9: ='16-07-14'!F9+E9 -> 240 | H9: NGONG | I9: 0
A10: KAELE | B10: =I5 -> 0 | C10: ='16-07-14'!C10+B10 -> 163 | D10: POLI | E10: =I10 -> 0 | F10: ='16-07-14'!F10+E10 -> 373 | H10: POLI | I10: 0
A11: TCHATIBALI | B11: =I6 -> 0 | C11: ='16-07-14'!C11+B11 -> 103 | D11: MAYO-GALKE | E11: =I11 -> 0 | F11: ='16-07-14'!F11+E11 -> 280 | H11: MAYO-GALKE | I11: 0
A12: GUIDER | B12: =I7 -> 0 | C12: ='16-07-14'!C12+B12 -> 155 | D12: TOUBOURO | E12: =I12 -> 0 | F12: ='16-07-14'!F12+E12 -> 160 | H12: TOUBOURO | I12: 0
A13: GAROUA | B13: =I8 -> 0 | C13: ='16-07-14'!C13+B13 -> 185 | D13: HOME | E13: =I13 -> 0 | F13: ='16-07-14'!F13+E13 -> 286 | H13: HOME | I13: 0
A15: TOTAL JOURNALIER = | C15: =SUM(B9:B13)+SUM(E9:E13) -> 0 | D15: CUMUL GENERAL = | F15: =SUM(C9:C13)+SUM(F9:F13) -> 2054 | H15: JOURNEE | I15: 41837
H16: TRANSMISSION | I16: =I15+1 -> 41838
A20: Transmis le : | B20: =I16 -> 41838

Sheet 18-07-14
A1: SODECOTON
H2: TABLEAU DE SAISI
A3: PLUVIOMETRIE JOURNALIERE ET PAR PENTADE | H3: STATION | I3: RELEVES
H4: MAROUA | I4: 0
B5: JOURNEE DU : | D5: =I15 -> 41838 | H5: KAELE | I5: 0
H6: TCHATIBALI | I6: 0
A7: STATION | B7: RELEVES | D7: STATION | E7: RELEVES | H7: GUIDER | I7: 0
B8: JOURNALIER | C8: CUMUL | E8: JOURNALIER | F8: CUMUL | H8: GAROUA | I8: 0
A9: MAROUA | B9: =I4 -> 0 | C9: ='17-07-14'!C9+B9 -> 109 | D9: NGONG | E9: =I9 -> 0 | F9: ='17-07-14'!F9+E9 -> 240 | H9: NGONG | I9: 0
A10: KAELE | B10: =I5 -> 0 | C10: ='17-07-14'!C10+B10 -> 163 | D10: POLI | E10: =I10 -> 0 | F10: ='17-07-14'!F10+E10 -> 373 | H10: POLI | I10: 0
A11: TCHATIBALI | B11: =I6 -> 0 | C11: ='17-07-14'!C11+B11 -> 103 | D11: MAYO-GALKE | E11: =I11 -> 0 | F11: ='17-07-14'!F11+E11 -> 280 | H11: MAYO-GALKE | I11: 0
A12: GUIDER | B12: =I7 -> 0 | C12: ='17-07-14'!C12+B12 -> 155 | D12: TOUBOURO | E12: =I12 -> 0 | F12: ='17-07-14'!F12+E12 -> 160 | H12: TOUBOURO | I12: 0
A13: GAROUA | B13: =I8 -> 0 | C13: ='17-07-14'!C13+B13 -> 185 | D13: HOME | E13: =I13 -> 0 | F13: ='17-07-14'!F13+E13 -> 286 | H13: HOME | I13: 0
A15: TOTAL JOURNALIER = | C15: =SUM(B9:B13)+SUM(E9:E13) -> 0 | D15: CUMUL GENERAL = | F15: =SUM(C9:C13)+SUM(F9:F13) -> 2054 | H15: JOURNEE | I15: 41838
H16: TRANSMISSION | I16: =I15+1 -> 41839
A20: Transmis le : | B20: =I16 -> 41839

Sheet 19-07-14
A1: SODECOTON
H2: TABLEAU DE SAISI
A3: PLUVIOMETRIE JOURNALIERE ET PAR PENTADE | H3: STATION | I3: RELEVES
H4: MAROUA | I4: 0
B5: JOURNEE DU : | D5: =I15 -> 41839 | H5: KAELE | I5: 0
H6: TCHATIBALI | I6: 0
A7: STATION | B7: RELEVES | D7: STATION | E7: RELEVES | H7: GUIDER | I7: 0
B8: JOURNALIER | C8: CUMUL | E8: JOURNALIER | F8: CUMUL | H8: GAROUA | I8: 0
A9: MAROUA | B9: =I4 -> 0 | C9: ='18-07-14'!C9+B9 -> 109 | D9: NGONG | E9: =I9 -> 0 | F9: ='18-07-14'!F9+E9 -> 240 | H9: NGONG | I9: 0
A10: KAELE | B10: =I5 -> 0 | C10: ='18-07-14'!C10+B10 -> 163 | D10: POLI | E10: =I10 -> 0 | F10: ='18-07-14'!F10+E10 -> 373 | H10: POLI | I10: 0
A11: TCHATIBALI | B11: =I6 -> 0 | C11: ='18-07-14'!C11+B11 -> 103 | D11: MAYO-GALKE | E11: =I11 -> 0 | F11: ='18-07-14'!F11+E11 -> 280 | H11: MAYO-GALKE | I11: 0
A12: GUIDER | B12: =I7 -> 0 | C12: ='18-07-14'!C12+B12 -> 155 | D12: TOUBOURO | E12: =I12 -> 0 | F12: ='18-07-14'!F12+E12 -> 160 | H12: TOUBOURO | I12: 0
A13: GAROUA | B13: =I8 -> 0 | C13: ='18-07-14'!C13+B13 -> 185 | D13: HOME | E13: =I13 -> 0 | F13: ='18-07-14'!F13+E13 -> 286 | H13: HOME | I13: 0
A15: TOTAL JOURNALIER = | C15: =SUM(B9:B13)+SUM(E9:E13) -> 0 | D15: CUMUL GENERAL = | F15: =SUM(C9:C13)+SUM(F9:F13) -> 2054 | H15: JOURNEE | I15: 41839
H16: TRANSMISSION | I16: =I15+1 -> 41840
A20: Transmis le : | B20: =I16 -> 41840

Sheet 20-07-14
A1: SODECOTON
H2: TABLEAU DE SAISI
A3: PLUVIOMETRIE JOURNALIERE ET PAR PENTADE | H3: STATION | I3: RELEVES
H4: MAROUA | I4: 0
B5: JOURNEE DU : | D5: =I15 -> 41840 | H5: KAELE | I5: 0
H6: TCHATIBALI | I6: 0
A7: STATION | B7: RELEVES | D7: STATION | E7: RELEVES | H7: GUIDER | I7: 0
B8: JOURNALIER | C8: CUMUL | E8: JOURNALIER | F8: CUMUL | H8: GAROUA | I8: 0
A9: MAROUA | B9: =I4 -> 0 | C9: ='19-07-14'!C9+B9 -> 109 | D9: NGONG | E9: =I9 -> 0 | F9: ='19-07-14'!F9+E9 -> 240 | H9: NGONG | I9: 0
A10: KAELE | B10: =I5 -> 0 | C10: ='19-07-14'!C10+B10 -> 163 | D10: POLI | E10: =I10 -> 0 | F10: ='19-07-14'!F10+E10 -> 373 | H10: POLI | I10: 0
A11: TCHATIBALI | B11: =I6 -> 0 | C11: ='19-07-14'!C11+B11 -> 103 | D11: MAYO-GALKE | E11: =I11 -> 0 | F11: ='19-07-14'!F11+E11 -> 280 | H11: MAYO-GALKE | I11: 0
A12: GUIDER | B12: =I7 -> 0 | C12: ='19-07-14'!C12+B12 -> 155 | D12: TOUBOURO | E12: =I12 -> 0 | F12: ='19-07-14'!F12+E12 -> 160 | H12: TOUBOURO | I12: 0
A13: GAROUA | B13: =I8 -> 0 | C13: ='19-07-14'!C13+B13 -> 185 | D13: HOME | E13: =I13 -> 0 | F13: ='19-07-14'!F13+E13 -> 286 | H13: HOME | I13: 0
A15: TOTAL JOURNALIER = | C15: =SUM(B9:B13)+SUM(E9:E13) -> 0 | D15: CUMUL GENERAL = | F15: =SUM(C9:C13)+SUM(F9:F13) -> 2054 | H15: JOURNEE | I15: 41840
H16: TRANSMISSION | I16: =I15+1 -> 41841
A20: Transmis le : | B20: =I16 -> 41841

Sheet 21-07-14
A1: SODECOTON
H2: TABLEAU DE SAISI
A3: PLUVIOMETRIE JOURNALIERE ET PAR PENTADE | H3: STATION | I3: RELEVES
H4: MAROUA | I4: 0
B5: JOURNEE DU : | D5: =I15 -> 41841 | H5: KAELE | I5: 0
H6: TCHATIBALI | I6: 0
A7: STATION | B7: RELEVES | D7: STATION | E7: RELEVES | H7: GUIDER | I7: 0
B8: JOURNALIER | C8: CUMUL | E8: JOURNALIER | F8: CUMUL | H8: GAROUA | I8: 0
A9: MAROUA | B9: =I4 -> 0 | C9: ='20-07-14'!C9+B9 -> 109 | D9: NGONG | E9: =I9 -> 0 | F9: ='20-07-14'!F9+E9 -> 240 | H9: NGONG | I9: 0
A10: KAELE | B10: =I5 -> 0 | C10: ='20-07-14'!C10+B10 -> 163 | D10: POLI | E10: =I10 -> 0 | F10: ='20-07-14'!F10+E10 -> 373 | H10: POLI | I10: 0
A11: TCHATIBALI | B11: =I6 -> 0 | C11: ='20-07-14'!C11+B11 -> 103 | D11: MAYO-GALKE | E11: =I11 -> 0 | F11: ='20-07-14'!F11+E11 -> 280 | H11: MAYO-GALKE | I11: 0
A12: GUIDER | B12: =I7 -> 0 | C12: ='20-07-14'!C12+B12 -> 155 | D12: TOUBOURO | E12: =I12 -> 0 | F12: ='20-07-14'!F12+E12 -> 160 | H12: TOUBOURO | I12: 0
A13: GAROUA | B13: =I8 -> 0 | C13: ='20-07-14'!C13+B13 -> 185 | D13: HOME | E13: =I13 -> 0 | F13: ='20-07-14'!F13+E13 -> 286 | H13: HOME | I13: 0
A15: TOTAL JOURNALIER = | C15: =SUM(B9:B13)+SUM(E9:E13) -> 0 | D15: CUMUL GENERAL = | F15: =SUM(C9:C13)+SUM(F9:F13) -> 2054 | H15: JOURNEE | I15: 41841
H16: TRANSMISSION | I16: =I15+1 -> 41842
A20: Transmis le : | B20: =I16 -> 41842

Sheet 22-07-14
A1: SODECOTON
H2: TABLEAU DE SAISI
A3: PLUVIOMETRIE JOURNALIERE ET PAR PENTADE | H3: STATION | I3: RELEVES
H4: MAROUA | I4: 0
B5: JOURNEE DU : | D5: =I15 -> 41842 | H5: KAELE | I5: 0
H6: TCHATIBALI | I6: 0
A7: STATION | B7: RELEVES | D7: STATION | E7: RELEVES | H7: GUIDER | I7: 0
B8: JOURNALIER | C8: CUMUL | E8: JOURNALIER | F8: CUMUL | H8: GAROUA | I8: 0
A9: MAROUA | B9: =I4 -> 0 | C9: ='21-07-14'!C9+B9 -> 109 | D9: NGONG | E9: =I9 -> 0 | F9: ='21-07-14'!F9+E9 -> 240 | H9: NGONG | I9: 0
A10: KAELE | B10: =I5 -> 0 | C10: ='21-07-14'!C10+B10 -> 163 | D10: POLI | E10: =I10 -> 0 | F10: ='21-07-14'!F10+E10 -> 373 | H10: POLI | I10: 0
A11: TCHATIBALI | B11: =I6 -> 0 | C11: ='21-07-14'!C11+B11 -> 103 | D11: MAYO-GALKE | E11: =I11 -> 0 | F11: ='21-07-14'!F11+E11 -> 280 | H11: MAYO-GALKE | I11: 0
A12: GUIDER | B12: =I7 -> 0 | C12: ='21-07-14'!C12+B12 -> 155 | D12: TOUBOURO | E12: =I12 -> 0 | F12: ='21-07-14'!F12+E12 -> 160 | H12: TOUBOURO | I12: 0
A13: GAROUA | B13: =I8 -> 0 | C13: ='21-07-14'!C13+B13 -> 185 | D13: HOME | E13: =I13 -> 0 | F13: ='21-07-14'!F13+E13 -> 286 | H13: HOME | I13: 0
A15: TOTAL JOURNALIER = | C15: =SUM(B9:B13)+SUM(E9:E13) -> 0 | D15: CUMUL GENERAL = | F15: =SUM(C9:C13)+SUM(F9:F13) -> 2054 | H15: JOURNEE | I15: 41842
H16: TRANSMISSION | I16: =I15+1 -> 41843
A20: Transmis le : | B20: =I16 -> 41843

Sheet 23-07-14
A1: SODECOTON
H2: TABLEAU DE SAISI
A3: PLUVIOMETRIE JOURNALIERE ET PAR PENTADE | H3: STATION | I3: RELEVES
H4: MAROUA | I4: 0
B5: JOURNEE DU : | D5: =I15 -> 41843 | H5: KAELE | I5: 0
H6: TCHATIBALI | I6: 0
A7: STATION | B7: RELEVES | D7: STATION | E7: RELEVES | H7: GUIDER | I7: 0
B8: JOURNALIER | C8: CUMUL | E8: JOURNALIER | F8: CUMUL | H8: GAROUA | I8: 0
A9: MAROUA | B9: =I4 -> 0 | C9: ='22-07-14'!C9+B9 -> 109 | D9: NGONG | E9: =I9 -> 0 | F9: ='22-07-14'!F9+E9 -> 240 | H9: NGONG | I9: 0
A10: KAELE | B10: =I5 -> 0 | C10: ='22-07-14'!C10+B10 -> 163 | D10: POLI | E10: =I10 -> 0 | F10: ='22-07-14'!F10+E10 -> 373 | H10: POLI | I10: 0
A11: TCHATIBALI | B11: =I6 -> 0 | C11: ='22-07-14'!C11+B11 -> 103 | D11: MAYO-GALKE | E11: =I11 -> 0 | F11: ='22-07-14'!F11+E11 -> 280 | H11: MAYO-GALKE | I11: 0
A12: GUIDER | B12: =I7 -> 0 | C12: ='22-07-14'!C12+B12 -> 155 | D12: TOUBOURO | E12: =I12 -> 0 | F12: ='22-07-14'!F12+E12 -> 160 | H12: TOUBOURO | I12: 0
A13: GAROUA | B13: =I8 -> 0 | C13: ='22-07-14'!C13+B13 -> 185 | D13: HOME | E13: =I13 -> 0 | F13: ='22-07-14'!F13+E13 -> 286 | H13: HOME | I13: 0
A15: TOTAL JOURNALIER = | C15: =SUM(B9:B13)+SUM(E9:E13) -> 0 | D15: CUMUL GENERAL = | F15: =SUM(C9:C13)+SUM(F9:F13) -> 2054 | H15: JOURNEE | I15: 41843
H16: TRANSMISSION | I16: =I15+1 -> 41844
A20: Transmis le : | B20: =I16 -> 41844

Sheet 24-07-14
A1: SODECOTON
H2: TABLEAU DE SAISI
A3: PLUVIOMETRIE JOURNALIERE ET PAR PENTADE | H3: STATION | I3: RELEVES
H4: MAROUA | I4: 0
B5: JOURNEE DU : | D5: =I15 -> 41844 | H5: KAELE | I5: 0
H6: TCHATIBALI | I6: 0
A7: STATION | B7: RELEVES | D7: STATION | E7: RELEVES | H7: GUIDER | I7: 0
B8: JOURNALIER | C8: CUMUL | E8: JOURNALIER | F8: CUMUL | H8: GAROUA | I8: 0
A9: MAROUA | B9: =I4 -> 0 | C9: ='23-07-14'!C9+B9 -> 109 | D9: NGONG | E9: =I9 -> 0 | F9: ='23-07-14'!F9+E9 -> 240 | H9: NGONG | I9: 0
A10: KAELE | B10: =I5 -> 0 | C10: ='23-07-14'!C10+B10 -> 163 | D10: POLI | E10: =I10 -> 0 | F10: ='23-07-14'!F10+E10 -> 373 | H10: POLI | I10: 0
A11: TCHATIBALI | B11: =I6 -> 0 | C11: ='23-07-14'!C11+B11 -> 103 | D11: MAYO-GALKE | E11: =I11 -> 0 | F11: ='23-07-14'!F11+E11 -> 280 | H11: MAYO-GALKE | I11: 0
A12: GUIDER | B12: =I7 -> 0 | C12: ='23-07-14'!C12+B12 -> 155 | D12: TOUBOURO | E12: =I12 -> 0 | F12: ='23-07-14'!F12+E12 -> 160 | H12: TOUBOURO | I12: 0
A13: GAROUA | B13: =I8 -> 0 | C13: ='23-07-14'!C13+B13 -> 185 | D13: HOME | E13: =I13 -> 0 | F13: ='23-07-14'!F13+E13 -> 286 | H13: HOME | I13: 0
A15: TOTAL JOURNALIER = | C15: =SUM(B9:B13)+SUM(E9:E13) -> 0 | D15: CUMUL GENERAL = | F15: =SUM(C9:C13)+SUM(F9:F13) -> 2054 | H15: JOURNEE | I15: 41844
H16: TRANSMISSION | I16: =I15+1 -> 41845
A20: Transmis le : | B20: =I16 -> 41845

Sheet 25-07-14
A1: SODECOTON
H2: TABLEAU DE SAISI
A3: PLUVIOMETRIE JOURNALIERE ET PAR PENTADE | H3: STATION | I3: RELEVES
H4: MAROUA | I4: 0
B5: JOURNEE DU : | D5: =I15 -> 41845 | H5: KAELE | I5: 0
H6: TCHATIBALI | I6: 0
A7: STATION | B7: RELEVES | D7: STATION | E7: RELEVES | H7: GUIDER | I7: 0
B8: JOURNALIER | C8: CUMUL | E8: JOURNALIER | F8: CUMUL | H8: GAROUA | I8: 0
A9: MAROUA | B9: =I4 -> 0 | C9: ='24-07-14'!C9+B9 -> 109 | D9: NGONG | E9: =I9 -> 0 | F9: ='24-07-14'!F9+E9 -> 240 | H9: NGONG | I9: 0
A10: KAELE | B10: =I5 -> 0 | C10: ='24-07-14'!C10+B10 -> 163 | D10: POLI | E10: =I10 -> 0 | F10: ='24-07-14'!F10+E10 -> 373 | H10: POLI | I10: 0
A11: TCHATIBALI | B11: =I6 -> 0 | C11: ='24-07-14'!C11+B11 -> 103 | D11: MAYO-GALKE | E11: =I11 -> 0 | F11: ='24-07-14'!F11+E11 -> 280 | H11: MAYO-GALKE | I11: 0
A12: GUIDER | B12: =I7 -> 0 | C12: ='24-07-14'!C12+B12 -> 155 | D12: TOUBOURO | E12: =I12 -> 0 | F12: ='24-07-14'!F12+E12 -> 160 | H12: TOUBOURO | I12: 0
A13: GAROUA | B13: =I8 -> 0 | C13: ='24-07-14'!C13+B13 -> 185 | D13: HOME | E13: =I13 -> 0 | F13: ='24-07-14'!F13+E13 -> 286 | H13: HOME | I13: 0
A15: TOTAL JOURNALIER = | C15: =SUM(B9:B13)+SUM(E9:E13) -> 0 | D15: CUMUL GENERAL = | F15: =SUM(C9:C13)+SUM(F9:F13) -> 2054 | H15: JOURNEE | I15: 41845
H16: TRANSMISSION | I16: =I15+1 -> 41846
A20: Transmis le : | B20: =I16 -> 41846

Sheet 26-07-14
A1: SODECOTON
H2: TABLEAU DE SAISI
A3: PLUVIOMETRIE JOURNALIERE ET PAR PENTADE | H3: STATION | I3: RELEVES
H4: MAROUA | I4: 0
B5: JOURNEE DU : | D5: =I15 -> 41846 | H5: KAELE | I5: 0
H6: TCHATIBALI | I6: 0
A7: STATION | B7: RELEVES | D7: STATION | E7: RELEVES | H7: GUIDER | I7: 0
B8: JOURNALIER | C8: CUMUL | E8: JOURNALIER | F8: CUMUL | H8: GAROUA | I8: 0
A9: MAROUA | B9: =I4 -> 0 | C9: ='25-07-14'!C9+B9 -> 109 | D9: NGONG | E9: =I9 -> 0 | F9: ='25-07-14'!F9+E9 -> 240 | H9: NGONG | I9: 0
A10: KAELE | B10: =I5 -> 0 | C10: ='25-07-14'!C10+B10 -> 163 | D10: POLI | E10: =I10 -> 0 | F10: ='25-07-14'!F10+E10 -> 373 | H10: POLI | I10: 0
A11: TCHATIBALI | B11: =I6 -> 0 | C11: ='25-07-14'!C11+B11 -> 103 | D11: MAYO-GALKE | E11: =I11 -> 0 | F11: ='25-07-14'!F11+E11 -> 280 | H11: MAYO-GALKE | I11: 0
A12: GUIDER | B12: =I7 -> 0 | C12: ='25-07-14'!C12+B12 -> 155 | D12: TOUBOURO | E12: =I12 -> 0 | F12: ='25-07-14'!F12+E12 -> 160 | H12: TOUBOURO | I12: 0
A13: GAROUA | B13: =I8 -> 0 | C13: ='25-07-14'!C13+B13 -> 185 | D13: HOME | E13: =I13 -> 0 | F13: ='25-07-14'!F13+E13 -> 286 | H13: HOME | I13: 0
A15: TOTAL JOURNALIER = | C15: =SUM(B9:B13)+SUM(E9:E13) -> 0 | D15: CUMUL GENERAL = | F15: =SUM(C9:C13)+SUM(F9:F13) -> 2054 | H15: JOURNEE | I15: 41846
H16: TRANSMISSION | I16: =I15+1 -> 41847
A20: Transmis le : | B20: =I16 -> 41847

Sheet 27-07-14
A1: SODECOTON
H2: TABLEAU DE SAISI
A3: PLUVIOMETRIE JOURNALIERE ET PAR PENTADE | H3: STATION | I3: RELEVES
H4: MAROUA | I4: 0
B5: JOURNEE DU : | D5: =I15 -> 41847 | H5: KAELE | I5: 0
H6: TCHATIBALI | I6: 0
A7: STATION | B7: RELEVES | D7: STATION | E7: RELEVES | H7: GUIDER | I7: 0
B8: JOURNALIER | C8: CUMUL | E8: JOURNALIER | F8: CUMUL | H8: GAROUA | I8: 0
A9: MAROUA | B9: =I4 -> 0 | C9: ='26-07-14'!C9+B9 -> 109 | D9: NGONG | E9: =I9 -> 0 | F9: ='26-07-14'!F9+E9 -> 240 | H9: NGONG | I9: 0
A10: KAELE | B10: =I5 -> 0 | C10: ='26-07-14'!C10+B10 -> 163 | D10: POLI | E10: =I10 -> 0 | F10: ='26-07-14'!F10+E10 -> 373 | H10: POLI | I10: 0
A11: TCHATIBALI | B11: =I6 -> 0 | C11: ='26-07-14'!C11+B11 -> 103 | D11: MAYO-GALKE | E11: =I11 -> 0 | F11: ='26-07-14'!F11+E11 -> 280 | H11: MAYO-GALKE | I11: 0
A12: GUIDER | B12: =I7 -> 0 | C12: ='26-07-14'!C12+B12 -> 155 | D12: TOUBOURO | E12: =I12 -> 0 | F12: ='26-07-14'!F12+E12 -> 160 | H12: TOUBOURO | I12: 0
A13: GAROUA | B13: =I8 -> 0 | C13: ='26-07-14'!C13+B13 -> 185 | D13: HOME | E13: =I13 -> 0 | F13: ='26-07-14'!F13+E13 -> 286 | H13: HOME | I13: 0
A15: TOTAL JOURNALIER = | C15: =SUM(B9:B13)+SUM(E9:E13) -> 0 | D15: CUMUL GENERAL = | F15: =SUM(C9:C13)+SUM(F9:F13) -> 2054 | H15: JOURNEE | I15: 41847
H16: TRANSMISSION | I16: =I15+1 -> 41848
A20: Transmis le : | B20: =I16 -> 41848

Sheet 28-07-14
A1: SODECOTON
H2: TABLEAU DE SAISI
A3: PLUVIOMETRIE JOURNALIERE ET PAR PENTADE | H3: STATION | I3: RELEVES
H4: MAROUA | I4: 0
B5: JOURNEE DU : | D5: =I15 -> 41848 | H5: KAELE | I5: 0
H6: TCHATIBALI | I6: 0
A7: STATION | B7: RELEVES | D7: STATION | E7: RELEVES | H7: GUIDER | I7: 0
B8: JOURNALIER | C8: CUMUL | E8: JOURNALIER | F8: CUMUL | H8: GAROUA | I8: 0
A9: MAROUA | B9: =I4 -> 0 | C9: ='27-07-14'!C9+B9 -> 109 | D9: NGONG | E9: =I9 -> 0 | F9: ='27-07-14'!F9+E9 -> 240 | H9: NGONG | I9: 0
A10: KAELE | B10: =I5 -> 0 | C10: ='27-07-14'!C10+B10 -> 163 | D10: POLI | E10: =I10 -> 0 | F10: ='27-07-14'!F10+E10 -> 373 | H10: POLI | I10: 0
A11: TCHATIBALI | B11: =I6 -> 0 | C11: ='27-07-14'!C11+B11 -> 103 | D11: MAYO-GALKE | E11: =I11 -> 0 | F11: ='27-07-14'!F11+E11 -> 280 | H11: MAYO-GALKE | I11: 0
A12: GUIDER | B12: =I7 -> 0 | C12: ='27-07-14'!C12+B12 -> 155 | D12: TOUBOURO | E12: =I12 -> 0 | F12: ='27-07-14'!F12+E12 -> 160 | H12: TOUBOURO | I12: 0
A13: GAROUA | B13: =I8 -> 0 | C13: ='27-07-14'!C13+B13 -> 185 | D13: HOME | E13: =I13 -> 0 | F13: ='27-07-14'!F13+E13 -> 286 | H13: HOME | I13: 0
A15: TOTAL JOURNALIER = | C15: =SUM(B9:B13)+SUM(E9:E13) -> 0 | D15: CUMUL GENERAL = | F15: =SUM(C9:C13)+SUM(F9:F13) -> 2054 | H15: JOURNEE | I15: 41848
H16: TRANSMISSION | I16: =I15+1 -> 41849
A20: Transmis le : | B20: =I16 -> 41849

Sheet 29-07-14
A1: SODECOTON
H2: TABLEAU DE SAISI
A3: PLUVIOMETRIE JOURNALIERE ET PAR PENTADE | H3: STATION | I3: RELEVES
H4: MAROUA | I4: 0
B5: JOURNEE DU : | D5: =I15 -> 41849 | H5: KAELE | I5: 0
H6: TCHATIBALI | I6: 0
A7: STATION | B7: RELEVES | D7: STATION | E7: RELEVES | H7: GUIDER | I7: 0
B8: JOURNALIER | C8: CUMUL | E8: JOURNALIER | F8: CUMUL | H8: GAROUA | I8: 0
A9: MAROUA | B9: =I4 -> 0 | C9: ='28-07-14'!C9+B9 -> 109 | D9: NGONG | E9: =I9 -> 0 | F9: ='28-07-14'!F9+E9 -> 240 | H9: NGONG | I9: 0
A10: KAELE | B10: =I5 -> 0 | C10: ='28-07-14'!C10+B10 -> 163 | D10: POLI | E10: =I10 -> 0 | F10: ='28-07-14'!F10+E10 -> 373 | H10: POLI | I10: 0
A11: TCHATIBALI | B11: =I6 -> 0 | C11: ='28-07-14'!C11+B11 -> 103 | D11: MAYO-GALKE | E11: =I11 -> 0 | F11: ='28-07-14'!F11+E11 -> 280 | H11: MAYO-GALKE | I11: 0
A12: GUIDER | B12: =I7 -> 0 | C12: ='28-07-14'!C12+B12 -> 155 | D12: TOUBOURO | E12: =I12 -> 0 | F12: ='28-07-14'!F12+E12 -> 160 | H12: TOUBOURO | I12: 0
A13: GAROUA | B13: =I8 -> 0 | C13: ='28-07-14'!C13+B13 -> 185 | D13: HOME | E13: =I13 -> 0 | F13: ='28-07-14'!F13+E13 -> 286 | H13: HOME | I13: 0
A15: TOTAL JOURNALIER = | C15: =SUM(B9:B13)+SUM(E9:E13) -> 0 | D15: CUMUL GENERAL = | F15: =SUM(C9:C13)+SUM(F9:F13) -> 2054 | H15: JOURNEE | I15: 41849
H16: TRANSMISSION | I16: =I15+1 -> 41850
A20: Transmis le : | B20: =I16 -> 41850

Sheet 30-07-14
A1: SODECOTON
H2: TABLEAU DE SAISI
A3: PLUVIOMETRIE JOURNALIERE ET PAR PENTADE | H3: STATION | I3: RELEVES
H4: MAROUA | I4: 0
B5: JOURNEE DU : | D5: =I15 -> 41850 | H5: KAELE | I5: 17
H6: TCHATIBALI | I6: 101
A7: STATION | B7: RELEVES | D7: STATION | E7: RELEVES | H7: GUIDER | I7: 1
B8: JOURNALIER | C8: CUMUL | E8: JOURNALIER | F8: CUMUL | H8: GAROUA | I8: 0
A9: MAROUA | B9: =I4 -> 0 | C9: 451 | D9: NGONG | E9: =I9 -> 25 | F9: 546 | H9: NGONG | I9: 25
A10: KAELE | B10: =I5 -> 17 | C10: 419 | D10: POLI | E10: =I10 -> 28 | F10: 770 | H10: POLI | I10: 28
A11: TCHATIBALI | B11: =I6 -> 101 | C11: 472 | D11: MAYO-GALKE | E11: =I11 -> 22 | F11: 688 | H11: MAYO-GALKE | I11: 22
A12: GUIDER | B12: =I7 -> 1 | C12: 438 | D12: TOUBOURO | E12: =I12 -> 47 | F12: 598 | H12: TOUBOURO | I12: 47
A13: GAROUA | B13: =I8 -> 0 | C13: 375 | D13: HOME | E13: =I13 -> 29 | F13: 643 | H13: HOME | I13: 29
A15: TOTAL JOURNALIER = | C15: =SUM(B9:B13)+SUM(E9:E13) -> 270 | D15: CUMUL GENERAL = | F15: =SUM(C9:C13)+SUM(F9:F13) -> 5400 | H15: JOURNEE | I15: 41850
H16: TRANSMISSION | I16: =I15+1 -> 41851
A20: Transmis le : | B20: =I16 -> 41851

Sheet 31-07-14
A1: SODECOTON
H2: TABLEAU DE SAISI
A3: PLUVIOMETRIE JOURNALIERE ET PAR PENTADE | H3: STATION | I3: RELEVES
H4: MAROUA | I4: 0
B5: JOURNEE DU : | D5: =I15 -> 41851 | H5: KAELE | I5: 0
H6: TCHATIBALI | I6: 0
A7: STATION | B7: RELEVES | D7: STATION | E7: RELEVES | H7: GUIDER | I7: 0
B8: JOURNALIER | C8: CUMUL | E8: JOURNALIER | F8: CUMUL | H8: GAROUA | I8: 0
A9: MAROUA | B9: =I4 -> 0 | C9: ='30-07-14'!C9+B9 -> 451 | D9: NGONG | E9: =I9 -> 0 | F9: ='30-07-14'!F9+E9 -> 546 | H9: NGONG | I9: 0
A10: KAELE | B10: =I5 -> 0 | C10: ='30-07-14'!C10+B10 -> 419 | D10: POLI | E10: =I10 -> 0 | F10: ='30-07-14'!F10+E10 -> 770 | H10: POLI | I10: 0
A11: TCHATIBALI | B11: =I6 -> 0 | C11: ='30-07-14'!C11+B11 -> 472 | D11: MAYO-GALKE | E11: =I11 -> 0 | F11: ='30-07-14'!F11+E11 -> 688 | H11: MAYO-GALKE | I11: 0
A12: GUIDER | B12: =I7 -> 0 | C12: ='30-07-14'!C12+B12 -> 438 | D12: TOUBOURO | E12: =I12 -> 0 | F12: ='30-07-14'!F12+E12 -> 598 | H12: TOUBOURO | I12: 0
A13: GAROUA | B13: =I8 -> 0 | C13: ='30-07-14'!C13+B13 -> 375 | D13: HOME | E13: =I13 -> 0 | F13: ='30-07-14'!F13+E13 -> 643 | H13: HOME | I13: 0
A15: TOTAL JOURNALIER = | C15: =SUM(B9:B13)+SUM(E9:E13) -> 0 | D15: CUMUL GENERAL = | F15: =SUM(C9:C13)+SUM(F9:F13) -> 5400 | H15: JOURNEE | I15: 41851
H16: TRANSMISSION | I16: =I15+1 -> 41852
A20: Transmis le : | B20: =I16 -> 41852

Sheet 01-08-14
A1: SODECOTON
H2: TABLEAU DE SAISI
A3: PLUVIOMETRIE JOURNALIERE ET PAR PENTADE | H3: STATION | I3: RELEVES
H4: MAROUA | I4: 0
B5: JOURNEE DU : | D5: =I15 -> 41852 | H5: KAELE | I5: 0
H6: TCHATIBALI | I6: 0
A7: STATION | B7: RELEVES | D7: STATION | E7: RELEVES | H7: GUIDER | I7: 0
B8: JOURNALIER | C8: CUMUL | E8: JOURNALIER | F8: CUMUL | H8: GAROUA | I8: 0
A9: MAROUA | B9: =I4 -> 0 | C9: ='31-07-14'!C9+B9 -> 451 | D9: NGONG | E9: =I9 -> 0 | F9: ='31-07-14'!F9+E9 -> 546 | H9: NGONG | I9: 0
A10: KAELE | B10: =I5 -> 0 | C10: ='31-07-14'!C10+B10 -> 419 | D10: POLI | E10: =I10 -> 0 | F10: ='31-07-14'!F10+E10 -> 770 | H10: POLI | I10: 0
A11: TCHATIBALI | B11: =I6 -> 0 | C11: ='31-07-14'!C11+B11 -> 472 | D11: MAYO-GALKE | E11: =I11 -> 0 | F11: ='31-07-14'!F11+E11 -> 688 | H11: MAYO-GALKE | I11: 0
A12: GUIDER | B12: =I7 -> 0 | C12: ='31-07-14'!C12+B12 -> 438 | D12: TOUBOURO | E12: =I12 -> 0 | F12: ='31-07-14'!F12+E12 -> 598 | H12: TOUBOURO | I12: 0
A13: GAROUA | B13: =I8 -> 0 | C13: ='31-07-14'!C13+B13 -> 375 | D13: HOME | E13: =I13 -> 0 | F13: ='31-07-14'!F13+E13 -> 643 | H13: HOME | I13: 0
A15: TOTAL JOURNALIER = | C15: =SUM(B9:B13)+SUM(E9:E13) -> 0 | D15: CUMUL GENERAL = | F15: =SUM(C9:C13)+SUM(F9:F13) -> 5400 | H15: JOURNEE | I15: 41852
H16: TRANSMISSION | I16: =I15+1 -> 41853
A20: Transmis le : | B20: =I16 -> 41853

Sheet 02-08-14
A1: SODECOTON
H2: TABLEAU DE SAISI
A3: PLUVIOMETRIE JOURNALIERE ET PAR PENTADE | H3: STATION | I3: RELEVES
H4: MAROUA | I4: 0
B5: JOURNEE DU : | D5: =I15 -> 41853 | H5: KAELE | I5: 0
H6: TCHATIBALI | I6: 0
A7: STATION | B7: RELEVES | D7: STATION | E7: RELEVES | H7: GUIDER | I7: 0
B8: JOURNALIER | C8: CUMUL | E8: JOURNALIER | F8: CUMUL | H8: GAROUA | I8: 0
A9: MAROUA | B9: =I4 -> 0 | C9: ='01-08-14'!C9+B9 -> 451 | D9: NGONG | E9: =I9 -> 0 | F9: ='01-08-14'!F9+E9 -> 546 | H9: NGONG | I9: 0
A10: KAELE | B10: =I5 -> 0 | C10: ='01-08-14'!C10+B10 -> 419 | D10: POLI | E10: =I10 -> 0 | F10: ='01-08-14'!F10+E10 -> 770 | H10: POLI | I10: 0
A11: TCHATIBALI | B11: =I6 -> 0 | C11: ='01-08-14'!C11+B11 -> 472 | D11: MAYO-GALKE | E11: =I11 -> 0 | F11: ='01-08-14'!F11+E11 -> 688 | H11: MAYO-GALKE | I11: 0
A12: GUIDER | B12: =I7 -> 0 | C12: ='01-08-14'!C12+B12 -> 438 | D12: TOUBOURO | E12: =I12 -> 0 | F12: ='01-08-14'!F12+E12 -> 598 | H12: TOUBOURO | I12: 0
A13: GAROUA | B13: =I8 -> 0 | C13: ='01-08-14'!C13+B13 -> 375 | D13: HOME | E13: =I13 -> 0 | F13: ='01-08-14'!F13+E13 -> 643 | H13: HOME | I13: 0
A15: TOTAL JOURNALIER = | C15: =SUM(B9:B13)+SUM(E9:E13) -> 0 | D15: CUMUL GENERAL = | F15: =SUM(C9:C13)+SUM(F9:F13) -> 5400 | H15: JOURNEE | I15: 41853
H16: TRANSMISSION | I16: =I15+1 -> 41854
A20: Transmis le : | B20: =I16 -> 41854

Sheet 03-08-14
A1: SODECOTON
H2: TABLEAU DE SAISI
A3: PLUVIOMETRIE JOURNALIERE ET PAR PENTADE | H3: STATION | I3: RELEVES
H4: MAROUA | I4: 0
B5: JOURNEE DU : | D5: =I15 -> 41854 | H5: KAELE | I5: 0
H6: TCHATIBALI | I6: 0
A7: STATION | B7: RELEVES | D7: STATION | E7: RELEVES | H7: GUIDER | I7: 0
B8: JOURNALIER | C8: CUMUL | E8: JOURNALIER | F8: CUMUL | H8: GAROUA | I8: 0
A9: MAROUA | B9: =I4 -> 0 | C9: ='02-08-14'!C9+B9 -> 451 | D9: NGONG | E9: =I9 -> 0 | F9: ='02-08-14'!F9+E9 -> 546 | H9: NGONG | I9: 0
A10: KAELE | B10: =I5 -> 0 | C10: ='02-08-14'!C10+B10 -> 419 | D10: POLI | E10: =I10 -> 0 | F10: ='02-08-14'!F10+E10 -> 770 | H10: POLI | I10: 0
A11: TCHATIBALI | B11: =I6 -> 0 | C11: ='02-08-14'!C11+B11 -> 472 | D11: MAYO-GALKE | E11: =I11 -> 0 | F11: ='02-08-14'!F11+E11 -> 688 | H11: MAYO-GALKE | I11: 0
A12: GUIDER | B12: =I7 -> 0 | C12: ='02-08-14'!C12+B12 -> 438 | D12: TOUBOURO | E12: =I12 -> 0 | F12: ='02-08-14'!F12+E12 -> 598 | H12: TOUBOURO | I12: 0
A13: GAROUA | B13: =I8 -> 0 | C13: ='02-08-14'!C13+B13 -> 375 | D13: HOME | E13: =I13 -> 0 | F13: ='02-08-14'!F13+E13 -> 643 | H13: HOME | I13: 0
A15: TOTAL JOURNALIER = | C15: =SUM(B9:B13)+SUM(E9:E13) -> 0 | D15: CUMUL GENERAL = | F15: =SUM(C9:C13)+SUM(F9:F13) -> 5400 | H15: JOURNEE | I15: 41854
H16: TRANSMISSION | I16: =I15+1 -> 41855
A20: Transmis le : | B20: =I16 -> 41855

Sheet 04-08-14
A1: SODECOTON
H2: TABLEAU DE SAISI
A3: PLUVIOMETRIE JOURNALIERE ET PAR PENTADE | H3: STATION | I3: RELEVES
H4: MAROUA | I4: 0
B5: JOURNEE DU : | D5: =I15 -> 41855 | H5: KAELE | I5: 0
H6: TCHATIBALI | I6: 0
A7: STATION | B7: RELEVES | D7: STATION | E7: RELEVES | H7: GUIDER | I7: 0
B8: JOURNALIER | C8: CUMUL | E8: JOURNALIER | F8: CUMUL | H8: GAROUA | I8: 0
A9: MAROUA | B9: =I4 -> 0 | C9: ='03-08-14'!C9+B9 -> 451 | D9: NGONG | E9: =I9 -> 0 | F9: ='03-08-14'!F9+E9 -> 546 | H9: NGONG | I9: 0
A10: KAELE | B10: =I5 -> 0 | C10: ='03-08-14'!C10+B10 -> 419 | D10: POLI | E10: =I10 -> 0 | F10: ='03-08-14'!F10+E10 -> 770 | H10: POLI | I10: 0
A11: TCHATIBALI | B11: =I6 -> 0 | C11: ='03-08-14'!C11+B11 -> 472 | D11: MAYO-GALKE | E11: =I11 -> 0 | F11: ='03-08-14'!F11+E11 -> 688 | H11: MAYO-GALKE | I11: 0
A12: GUIDER | B12: =I7 -> 0 | C12: ='03-08-14'!C12+B12 -> 438 | D12: TOUBOURO | E12: =I12 -> 0 | F12: ='03-08-14'!F12+E12 -> 598 | H12: TOUBOURO | I12: 0
A13: GAROUA | B13: =I8 -> 0 | C13: ='03-08-14'!C13+B13 -> 375 | D13: HOME | E13: =I13 -> 0 | F13: ='03-08-14'!F13+E13 -> 643 | H13: HOME | I13: 0
A15: TOTAL JOURNALIER = | C15: =SUM(B9:B13)+SUM(E9:E13) -> 0 | D15: CUMUL GENERAL = | F15: =SUM(C9:C13)+SUM(F9:F13) -> 5400 | H15: JOURNEE | I15: 41855
H16: TRANSMISSION | I16: =I15+1 -> 41856
A20: Transmis le : | B20: =I16 -> 41856

Sheet 05-08-14
A1: SODECOTON
H2: TABLEAU DE SAISI
A3: PLUVIOMETRIE JOURNALIERE ET PAR PENTADE | H3: STATION | I3: RELEVES
H4: MAROUA | I4: 0
B5: JOURNEE DU : | D5: =I15 -> 41856 | H5: KAELE | I5: 0
H6: TCHATIBALI | I6: 0
A7: STATION | B7: RELEVES | D7: STATION | E7: RELEVES | H7: GUIDER | I7: 0
B8: JOURNALIER | C8: CUMUL | E8: JOURNALIER | F8: CUMUL | H8: GAROUA | I8: 0
A9: MAROUA | B9: =I4 -> 0 | C9: ='04-08-14'!C9+B9 -> 451 | D9: NGONG | E9: =I9 -> 0 | F9: ='04-08-14'!F9+E9 -> 546 | H9: NGONG | I9: 0
A10: KAELE | B10: =I5 -> 0 | C10: ='04-08-14'!C10+B10 -> 419 | D10: POLI | E10: =I10 -> 0 | F10: ='04-08-14'!F10+E10 -> 770 | H10: POLI | I10: 0
A11: TCHATIBALI | B11: =I6 -> 0 | C11: ='04-08-14'!C11+B11 -> 472 | D11: MAYO-GALKE | E11: =I11 -> 0 | F11: ='04-08-14'!F11+E11 -> 688 | H11: MAYO-GALKE | I11: 0
A12: GUIDER | B12: =I7 -> 0 | C12: ='04-08-14'!C12+B12 -> 438 | D12: TOUBOURO | E12: =I12 -> 0 | F12: ='04-08-14'!F12+E12 -> 598 | H12: TOUBOURO | I12: 0
A13: GAROUA | B13: =I8 -> 0 | C13: ='04-08-14'!C13+B13 -> 375 | D13: HOME | E13: =I13 -> 0 | F13: ='04-08-14'!F13+E13 -> 643 | H13: HOME | I13: 0
A15: TOTAL JOURNALIER = | C15: =SUM(B9:B13)+SUM(E9:E13) -> 0 | D15: CUMUL GENERAL = | F15: =SUM(C9:C13)+SUM(F9:F13) -> 5400 | H15: JOURNEE | I15: 41856
H16: TRANSMISSION | I16: =I15+1 -> 41857
A20: Transmis le : | B20: =I16 -> 41857

Sheet 06-08-14
A1: SODECOTON
H2: TABLEAU DE SAISI
A3: PLUVIOMETRIE JOURNALIERE ET PAR PENTADE | H3: STATION | I3: RELEVES
H4: MAROUA | I4: 0
B5: JOURNEE DU : | D5: =I15 -> 41857 | H5: KAELE | I5: 0
H6: TCHATIBALI | I6: 0
A7: STATION | B7: RELEVES | D7: STATION | E7: RELEVES | H7: GUIDER | I7: 0
B8: JOURNALIER | C8: CUMUL | E8: JOURNALIER | F8: CUMUL | H8: GAROUA | I8: 0
A9: MAROUA | B9: =I4 -> 0 | C9: ='05-08-14'!C9+B9 -> 451 | D9: NGONG | E9: =I9 -> 0 | F9: ='05-08-14'!F9+E9 -> 546 | H9: NGONG | I9: 0
A10: KAELE | B10: =I5 -> 0 | C10: ='05-08-14'!C10+B10 -> 419 | D10: POLI | E10: =I10 -> 0 | F10: ='05-08-14'!F10+E10 -> 770 | H10: POLI | I10: 0
A11: TCHATIBALI | B11: =I6 -> 0 | C11: ='05-08-14'!C11+B11 -> 472 | D11: MAYO-GALKE | E11: =I11 -> 0 | F11: ='05-08-14'!F11+E11 -> 688 | H11: MAYO-GALKE | I11: 0
A12: GUIDER | B12: =I7 -> 0 | C12: ='05-08-14'!C12+B12 -> 438 | D12: TOUBOURO | E12: =I12 -> 0 | F12: ='05-08-14'!F12+E12 -> 598 | H12: TOUBOURO | I12: 0
A13: GAROUA | B13: =I8 -> 0 | C13: ='05-08-14'!C13+B13 -> 375 | D13: HOME | E13: =I13 -> 0 | F13: ='05-08-14'!F13+E13 -> 643 | H13: HOME | I13: 0
A15: TOTAL JOURNALIER = | C15: =SUM(B9:B13)+SUM(E9:E13) -> 0 | D15: CUMUL GENERAL = | F15: =SUM(C9:C13)+SUM(F9:F13) -> 5400 | H15: JOURNEE | I15: 41857
H16: TRANSMISSION | I16: =I15+1 -> 41858
A20: Transmis le : | B20: =I16 -> 41858

Sheet 07-08-14
A1: SODECOTON
H2: TABLEAU DE SAISI
A3: PLUVIOMETRIE JOURNALIERE ET PAR PENTADE | H3: STATION | I3: RELEVES
H4: MAROUA | I4: 0
B5: JOURNEE DU : | D5: =I15 -> 41858 | H5: KAELE | I5: 0
H6: TCHATIBALI | I6: 0
A7: STATION | B7: RELEVES | D7: STATION | E7: RELEVES | H7: GUIDER | I7: 0
B8: JOURNALIER | C8: CUMUL | E8: JOURNALIER | F8: CUMUL | H8: GAROUA | I8: 0
A9: MAROUA | B9: =I4 -> 0 | C9: ='06-08-14'!C9+B9 -> 451 | D9: NGONG | E9: =I9 -> 0 | F9: ='06-08-14'!F9+E9 -> 546 | H9: NGONG | I9: 0
A10: KAELE | B10: =I5 -> 0 | C10: ='06-08-14'!C10+B10 -> 419 | D10: POLI | E10: =I10 -> 0 | F10: ='06-08-14'!F10+E10 -> 770 | H10: POLI | I10: 0
A11: TCHATIBALI | B11: =I6 -> 0 | C11: ='06-08-14'!C11+B11 -> 472 | D11: MAYO-GALKE | E11: =I11 -> 0 | F11: ='06-08-14'!F11+E11 -> 688 | H11: MAYO-GALKE | I11: 0
A12: GUIDER | B12: =I7 -> 0 | C12: ='06-08-14'!C12+B12 -> 438 | D12: TOUBOURO | E12: =I12 -> 0 | F12: ='06-08-14'!F12+E12 -> 598 | H12: TOUBOURO | I12: 0
A13: GAROUA | B13: =I8 -> 0 | C13: ='06-08-14'!C13+B13 -> 375 | D13: HOME | E13: =I13 -> 0 | F13: ='06-08-14'!F13+E13 -> 643 | H13: HOME | I13: 0
A15: TOTAL JOURNALIER = | C15: =SUM(B9:B13)+SUM(E9:E13) -> 0 | D15: CUMUL GENERAL = | F15: =SUM(C9:C13)+SUM(F9:F13) -> 5400 | H15: JOURNEE | I15: 41858
H16: TRANSMISSION | I16: =I15+1 -> 41859
A20: Transmis le : | B20: =I16 -> 41859

Sheet 08-08-14
A1: SODECOTON
H2: TABLEAU DE SAISI
A3: PLUVIOMETRIE JOURNALIERE ET PAR PENTADE | H3: STATION | I3: RELEVES
H4: MAROUA | I4: 0
B5: JOURNEE DU : | D5: =I15 -> 41859 | H5: KAELE | I5: 0
H6: TCHATIBALI | I6: 0
A7: STATION | B7: RELEVES | D7: STATION | E7: RELEVES | H7: GUIDER | I7: 0
B8: JOURNALIER | C8: CUMUL | E8: JOURNALIER | F8: CUMUL | H8: GAROUA | I8: 0
A9: MAROUA | B9: =I4 -> 0 | C9: ='07-08-14'!C9+B9 -> 451 | D9: NGONG | E9: =I9 -> 0 | F9: ='07-08-14'!F9+E9 -> 546 | H9: NGONG | I9: 0
A10: KAELE | B10: =I5 -> 0 | C10: ='07-08-14'!C10+B10 -> 419 | D10: POLI | E10: =I10 -> 0 | F10: ='07-08-14'!F10+E10 -> 770 | H10: POLI | I10: 0
A11: TCHATIBALI | B11: =I6 -> 0 | C11: ='07-08-14'!C11+B11 -> 472 | D11: MAYO-GALKE | E11: =I11 -> 0 | F11: ='07-08-14'!F11+E11 -> 688 | H11: MAYO-GALKE | I11: 0
A12: GUIDER | B12: =I7 -> 0 | C12: ='07-08-14'!C12+B12 -> 438 | D12: TOUBOURO | E12: =I12 -> 0 | F12: ='07-08-14'!F12+E12 -> 598 | H12: TOUBOURO | I12: 0
A13: GAROUA | B13: =I8 -> 0 | C13: ='07-08-14'!C13+B13 -> 375 | D13: HOME | E13: =I13 -> 0 | F13: ='07-08-14'!F13+E13 -> 643 | H13: HOME | I13: 0
A15: TOTAL JOURNALIER = | C15: =SUM(B9:B13)+SUM(E9:E13) -> 0 | D15: CUMUL GENERAL = | F15: =SUM(C9:C13)+SUM(F9:F13) -> 5400 | H15: JOURNEE | I15: 41859
H16: TRANSMISSION | I16: =I15+1 -> 41860
A20: Transmis le : | B20: =I16 -> 41860

Sheet 09-08-14
A1: SODECOTON
H2: TABLEAU DE SAISI
A3: PLUVIOMETRIE JOURNALIERE ET PAR PENTADE | H3: STATION | I3: RELEVES
H4: MAROUA | I4: 0
B5: JOURNEE DU : | D5: =I15 -> 41860 | H5: KAELE | I5: 0
H6: TCHATIBALI | I6: 0
A7: STATION | B7: RELEVES | D7: STATION | E7: RELEVES | H7: GUIDER | I7: 0
B8: JOURNALIER | C8: CUMUL | E8: JOURNALIER | F8: CUMUL | H8: GAROUA | I8: 0
A9: MAROUA | B9: =I4 -> 0 | C9: ='08-08-14'!C9+B9 -> 451 | D9: NGONG | E9: =I9 -> 0 | F9: ='08-08-14'!F9+E9 -> 546 | H9: NGONG | I9: 0
A10: KAELE | B10: =I5 -> 0 | C10: ='08-08-14'!C10+B10 -> 419 | D10: POLI | E10: =I10 -> 0 | F10: ='08-08-14'!F10+E10 -> 770 | H10: POLI | I10: 0
A11: TCHATIBALI | B11: =I6 -> 0 | C11: ='08-08-14'!C11+B11 -> 472 | D11: MAYO-GALKE | E11: =I11 -> 0 | F11: ='08-08-14'!F11+E11 -> 688 | H11: MAYO-GALKE | I11: 0
A12: GUIDER | B12: =I7 -> 0 | C12: ='08-08-14'!C12+B12 -> 438 | D12: TOUBOURO | E12: =I12 -> 0 | F12: ='08-08-14'!F12+E12 -> 598 | H12: TOUBOURO | I12: 0
A13: GAROUA | B13: =I8 -> 0 | C13: ='08-08-14'!C13+B13 -> 375 | D13: HOME | E13: =I13 -> 0 | F13: ='08-08-14'!F13+E13 -> 643 | H13: HOME | I13: 0
A15: TOTAL JOURNALIER = | C15: =SUM(B9:B13)+SUM(E9:E13) -> 0 | D15: CUMUL GENERAL = | F15: =SUM(C9:C13)+SUM(F9:F13) -> 5400 | H15: JOURNEE | I15: 41860
H16: TRANSMISSION | I16: =I15+1 -> 41861
A20: Transmis le : | B20: =I16 -> 41861

Sheet 10-08-14
A1: SODECOTON
H2: TABLEAU DE SAISI
A3: PLUVIOMETRIE JOURNALIERE ET PAR PENTADE | H3: STATION | I3: RELEVES
H4: MAROUA | I4: 0
B5: JOURNEE DU : | D5: =I15 -> 41861 | H5: KAELE | I5: 0
H6: TCHATIBALI | I6: 0
A7: STATION | B7: RELEVES | D7: STATION | E7: RELEVES | H7: GUIDER | I7: 0
B8: JOURNALIER | C8: CUMUL | E8: JOURNALIER | F8: CUMUL | H8: GAROUA | I8: 0
A9: MAROUA | B9: =I4 -> 0 | C9: ='09-08-14'!C9+B9 -> 451 | D9: NGONG | E9: =I9 -> 0 | F9: ='09-08-14'!F9+E9 -> 546 | H9: NGONG | I9: 0
A10: KAELE | B10: =I5 -> 0 | C10: ='09-08-14'!C10+B10 -> 419 | D10: POLI | E10: =I10 -> 0 | F10: ='09-08-14'!F10+E10 -> 770 | H10: POLI | I10: 0
A11: TCHATIBALI | B11: =I6 -> 0 | C11: ='09-08-14'!C11+B11 -> 472 | D11: MAYO-GALKE | E11: =I11 -> 0 | F11: ='09-08-14'!F11+E11 -> 688 | H11: MAYO-GALKE | I11: 0
A12: GUIDER | B12: =I7 -> 0 | C12: ='09-08-14'!C12+B12 -> 438 | D12: TOUBOURO | E12: =I12 -> 0 | F12: ='09-08-14'!F12+E12 -> 598 | H12: TOUBOURO | I12: 0
A13: GAROUA | B13: =I8 -> 0 | C13: ='09-08-14'!C13+B13 -> 375 | D13: HOME | E13: =I13 -> 0 | F13: ='09-08-14'!F13+E13 -> 643 | H13: HOME | I13: 0
A15: TOTAL JOURNALIER = | C15: =SUM(B9:B13)+SUM(E9:E13) -> 0 | D15: CUMUL GENERAL = | F15: =SUM(C9:C13)+SUM(F9:F13) -> 5400 | H15: JOURNEE | I15: 41861
H16: TRANSMISSION | I16: =I15+1 -> 41862
A20: Transmis le : | B20: =I16 -> 41862

Sheet 11-08-14
A1: SODECOTON
H2: TABLEAU DE SAISI
A3: PLUVIOMETRIE JOURNALIERE ET PAR PENTADE | H3: STATION | I3: RELEVES
H4: MAROUA | I4: 0
B5: JOURNEE DU : | D5: =I15 -> 41862 | H5: KAELE | I5: 0
H6: TCHATIBALI | I6: 0
A7: STATION | B7: RELEVES | D7: STATION | E7: RELEVES | H7: GUIDER | I7: 0
B8: JOURNALIER | C8: CUMUL | E8: JOURNALIER | F8: CUMUL | H8: GAROUA | I8: 0
A9: MAROUA | B9: =I4 -> 0 | C9: ='10-08-14'!C9+B9 -> 451 | D9: NGONG | E9: =I9 -> 0 | F9: ='10-08-14'!F9+E9 -> 546 | H9: NGONG | I9: 0
A10: KAELE | B10: =I5 -> 0 | C10: ='10-08-14'!C10+B10 -> 419 | D10: POLI | E10: =I10 -> 0 | F10: ='10-08-14'!F10+E10 -> 770 | H10: POLI | I10: 0
A11: TCHATIBALI | B11: =I6 -> 0 | C11: ='10-08-14'!C11+B11 -> 472 | D11: MAYO-GALKE | E11: =I11 -> 0 | F11: ='10-08-14'!F11+E11 -> 688 | H11: MAYO-GALKE | I11: 0
A12: GUIDER | B12: =I7 -> 0 | C12: ='10-08-14'!C12+B12 -> 438 | D12: TOUBOURO | E12: =I12 -> 0 | F12: ='10-08-14'!F12+E12 -> 598 | H12: TOUBOURO | I12: 0
A13: GAROUA | B13: =I8 -> 0 | C13: ='10-08-14'!C13+B13 -> 375 | D13: HOME | E13: =I13 -> 0 | F13: ='10-08-14'!F13+E13 -> 643 | H13: HOME | I13: 0
A15: TOTAL JOURNALIER = | C15: =SUM(B9:B13)+SUM(E9:E13) -> 0 | D15: CUMUL GENERAL = | F15: =SUM(C9:C13)+SUM(F9:F13) -> 5400 | H15: JOURNEE | I15: 41862
H16: TRANSMISSION | I16: =I15+1 -> 41863
A20: Transmis le : | B20: =I16 -> 41863

Sheet 12-08-14
A1: SODECOTON
H2: TABLEAU DE SAISI
A3: PLUVIOMETRIE JOURNALIERE ET PAR PENTADE | H3: STATION | I3: RELEVES
H4: MAROUA | I4: 0
B5: JOURNEE DU : | D5: =I15 -> 41863 | H5: KAELE | I5: 0
H6: TCHATIBALI | I6: 0
A7: STATION | B7: RELEVES | D7: STATION | E7: RELEVES | H7: GUIDER | I7: 0
B8: JOURNALIER | C8: CUMUL | E8: JOURNALIER | F8: CUMUL | H8: GAROUA | I8: 0
A9: MAROUA | B9: =I4 -> 0 | C9: ='11-08-14'!C9+B9 -> 451 | D9: NGONG | E9: =I9 -> 0 | F9: ='11-08-14'!F9+E9 -> 546 | H9: NGONG | I9: 0
A10: KAELE | B10: =I5 -> 0 | C10: ='11-08-14'!C10+B10 -> 419 | D10: POLI | E10: =I10 -> 0 | F10: ='11-08-14'!F10+E10 -> 770 | H10: POLI | I10: 0
A11: TCHATIBALI | B11: =I6 -> 0 | C11: ='11-08-14'!C11+B11 -> 472 | D11: MAYO-GALKE | E11: =I11 -> 0 | F11: ='11-08-14'!F11+E11 -> 688 | H11: MAYO-GALKE | I11: 0
A12: GUIDER | B12: =I7 -> 0 | C12: ='11-08-14'!C12+B12 -> 438 | D12: TOUBOURO | E12: =I12 -> 0 | F12: ='11-08-14'!F12+E12 -> 598 | H12: TOUBOURO | I12: 0
A13: GAROUA | B13: =I8 -> 0 | C13: ='11-08-14'!C13+B13 -> 375 | D13: HOME | E13: =I13 -> 0 | F13: ='11-08-14'!F13+E13 -> 643 | H13: HOME | I13: 0
A15: TOTAL JOURNALIER = | C15: =SUM(B9:B13)+SUM(E9:E13) -> 0 | D15: CUMUL GENERAL = | F15: =SUM(C9:C13)+SUM(F9:F13) -> 5400 | H15: JOURNEE | I15: 41863
H16: TRANSMISSION | I16: =I15+1 -> 41864
A20: Transmis le : | B20: =I16 -> 41864

Sheet 13-08-14
A1: SODECOTON
H2: TABLEAU DE SAISI
A3: PLUVIOMETRIE JOURNALIERE ET PAR PENTADE | H3: STATION | I3: RELEVES
H4: MAROUA | I4: 0
B5: JOURNEE DU : | D5: =I15 -> 41864 | H5: KAELE | I5: 0
H6: TCHATIBALI | I6: 0
A7: STATION | B7: RELEVES | D7: STATION | E7: RELEVES | H7: GUIDER | I7: 0
B8: JOURNALIER | C8: CUMUL | E8: JOURNALIER | F8: CUMUL | H8: GAROUA | I8: 0
A9: MAROUA | B9: =I4 -> 0 | C9: ='12-08-14'!C9+B9 -> 451 | D9: NGONG | E9: =I9 -> 0 | F9: ='12-08-14'!F9+E9 -> 546 | H9: NGONG | I9: 0
A10: KAELE | B10: =I5 -> 0 | C10: ='12-08-14'!C10+B10 -> 419 | D10: POLI | E10: =I10 -> 0 | F10: ='12-08-14'!F10+E10 -> 770 | H10: POLI | I10: 0
A11: TCHATIBALI | B11: =I6 -> 0 | C11: ='12-08-14'!C11+B11 -> 472 | D11: MAYO-GALKE | E11: =I11 -> 0 | F11: ='12-08-14'!F11+E11 -> 688 | H11: MAYO-GALKE | I11: 0
A12: GUIDER | B12: =I7 -> 0 | C12: ='12-08-14'!C12+B12 -> 438 | D12: TOUBOURO | E12: =I12 -> 0 | F12: ='12-08-14'!F12+E12 -> 598 | H12: TOUBOURO | I12: 0
A13: GAROUA | B13: =I8 -> 0 | C13: ='12-08-14'!C13+B13 -> 375 | D13: HOME | E13: =I13 -> 0 | F13: ='12-08-14'!F13+E13 -> 643 | H13: HOME | I13: 0
A15: TOTAL JOURNALIER = | C15: =SUM(B9:B13)+SUM(E9:E13) -> 0 | D15: CUMUL GENERAL = | F15: =SUM(C9:C13)+SUM(F9:F13) -> 5400 | H15: JOURNEE | I15: 41864
H16: TRANSMISSION | I16: =I15+1 -> 41865
A20: Transmis le : | B20: =I16 -> 41865

Sheet 14-08-14
A1: SODECOTON
H2: TABLEAU DE SAISI
A3: PLUVIOMETRIE JOURNALIERE ET PAR PENTADE | H3: STATION | I3: RELEVES
H4: MAROUA | I4: 0
B5: JOURNEE DU : | D5: =I15 -> 41865 | H5: KAELE | I5: 0
H6: TCHATIBALI | I6: 0
A7: STATION | B7: RELEVES | D7: STATION | E7: RELEVES | H7: GUIDER | I7: 0
B8: JOURNALIER | C8: CUMUL | E8: JOURNALIER | F8: CUMUL | H8: GAROUA | I8: 0
A9: MAROUA | B9: =I4 -> 0 | C9: ='13-08-14'!C9+B9 -> 451 | D9: NGONG | E9: =I9 -> 0 | F9: ='13-08-14'!F9+E9 -> 546 | H9: NGONG | I9: 0
A10: KAELE | B10: =I5 -> 0 | C10: ='13-08-14'!C10+B10 -> 419 | D10: POLI | E10: =I10 -> 0 | F10: ='13-08-14'!F10+E10 -> 770 | H10: POLI | I10: 0
A11: TCHATIBALI | B11: =I6 -> 0 | C11: ='13-08-14'!C11+B11 -> 472 | D11: MAYO-GALKE | E11: =I11 -> 0 | F11: ='13-08-14'!F11+E11 -> 688 | H11: MAYO-GALKE | I11: 0
A12: GUIDER | B12: =I7 -> 0 | C12: ='13-08-14'!C12+B12 -> 438 | D12: TOUBOURO | E12: =I12 -> 0 | F12: ='13-08-14'!F12+E12 -> 598 | H12: TOUBOURO | I12: 0
A13: GAROUA | B13: =I8 -> 0 | C13: ='13-08-14'!C13+B13 -> 375 | D13: HOME | E13: =I13 -> 0 | F13: ='13-08-14'!F13+E13 -> 643 | H13: HOME | I13: 0
A15: TOTAL JOURNALIER = | C15: =SUM(B9:B13)+SUM(E9:E13) -> 0 | D15: CUMUL GENERAL = | F15: =SUM(C9:C13)+SUM(F9:F13) -> 5400 | H15: JOURNEE | I15: 41865
H16: TRANSMISSION | I16: =I15+1 -> 41866
A20: Transmis le : | B20: =I16 -> 41866

Sheet 15-08-14
A1: SODECOTON
H2: TABLEAU DE SAISI
A3: PLUVIOMETRIE JOURNALIERE ET PAR PENTADE | H3: STATION | I3: RELEVES
H4: MAROUA | I4: 0
B5: JOURNEE DU : | D5: =I15 -> 41866 | H5: KAELE | I5: 0
H6: TCHATIBALI | I6: 0
A7: STATION | B7: RELEVES | D7: STATION | E7: RELEVES | H7: GUIDER | I7: 0
B8: JOURNALIER | C8: CUMUL | E8: JOURNALIER | F8: CUMUL | H8: GAROUA | I8: 0
A9: MAROUA | B9: =I4 -> 0 | C9: ='14-08-14'!C9+B9 -> 451 | D9: NGONG | E9: =I9 -> 0 | F9: ='14-08-14'!F9+E9 -> 546 | H9: NGONG | I9: 0
A10: KAELE | B10: =I5 -> 0 | C10: ='14-08-14'!C10+B10 -> 419 | D10: POLI | E10: =I10 -> 0 | F10: ='14-08-14'!F10+E10 -> 770 | H10: POLI | I10: 0
A11: TCHATIBALI | B11: =I6 -> 0 | C11: ='14-08-14'!C11+B11 -> 472 | D11: MAYO-GALKE | E11: =I11 -> 0 | F11: ='14-08-14'!F11+E11 -> 688 | H11: MAYO-GALKE | I11: 0
A12: GUIDER | B12: =I7 -> 0 | C12: ='14-08-14'!C12+B12 -> 438 | D12: TOUBOURO | E12: =I12 -> 0 | F12: ='14-08-14'!F12+E12 -> 598 | H12: TOUBOURO | I12: 0
A13: GAROUA | B13: =I8 -> 0 | C13: ='14-08-14'!C13+B13 -> 375 | D13: HOME | E13: =I13 -> 0 | F13: ='14-08-14'!F13+E13 -> 643 | H13: HOME | I13: 0
A15: TOTAL JOURNALIER = | C15: =SUM(B9:B13)+SUM(E9:E13) -> 0 | D15: CUMUL GENERAL = | F15: =SUM(C9:C13)+SUM(F9:F13) -> 5400 | H15: JOURNEE | I15: 41866
H16: TRANSMISSION | I16: =I15+1 -> 41867
A20: Transmis le : | B20: =I16 -> 41867

Sheet 16-08-14
A1: SODECOTON
H2: TABLEAU DE SAISI
A3: PLUVIOMETRIE JOURNALIERE ET PAR PENTADE | H3: STATION | I3: RELEVES
H4: MAROUA | I4: 0
B5: JOURNEE DU : | D5: =I15 -> 41867 | H5: KAELE | I5: 0
H6: TCHATIBALI | I6: 0
A7: STATION | B7: RELEVES | D7: STATION | E7: RELEVES | H7: GUIDER | I7: 0
B8: JOURNALIER | C8: CUMUL | E8: JOURNALIER | F8: CUMUL | H8: GAROUA | I8: 0
A9: MAROUA | B9: =I4 -> 0 | C9: ='15-08-14'!C9+B9 -> 451 | D9: NGONG | E9: =I9 -> 0 | F9: ='15-08-14'!F9+E9 -> 546 | H9: NGONG | I9: 0
A10: KAELE | B10: =I5 -> 0 | C10: ='15-08-14'!C10+B10 -> 419 | D10: POLI | E10: =I10 -> 0 | F10: ='15-08-14'!F10+E10 -> 770 | H10: POLI | I10: 0
A11: TCHATIBALI | B11: =I6 -> 0 | C11: ='15-08-14'!C11+B11 -> 472 | D11: MAYO-GALKE | E11: =I11 -> 0 | F11: ='15-08-14'!F11+E11 -> 688 | H11: MAYO-GALKE | I11: 0
A12: GUIDER | B12: =I7 -> 0 | C12: ='15-08-14'!C12+B12 -> 438 | D12: TOUBOURO | E12: =I12 -> 0 | F12: ='15-08-14'!F12+E12 -> 598 | H12: TOUBOURO | I12: 0
A13: GAROUA | B13: =I8 -> 0 | C13: ='15-08-14'!C13+B13 -> 375 | D13: HOME | E13: =I13 -> 0 | F13: ='15-08-14'!F13+E13 -> 643 | H13: HOME | I13: 0
A15: TOTAL JOURNALIER = | C15: =SUM(B9:B13)+SUM(E9:E13) -> 0 | D15: CUMUL GENERAL = | F15: =SUM(C9:C13)+SUM(F9:F13) -> 5400 | H15: JOURNEE | I15: 41867
H16: TRANSMISSION | I16: =I15+1 -> 41868
A20: Transmis le : | B20: =I16 -> 41868

Sheet 17-08-14
A1: SODECOTON
H2: TABLEAU DE SAISI
A3: PLUVIOMETRIE JOURNALIERE ET PAR PENTADE | H3: STATION | I3: RELEVES
H4: MAROUA | I4: 0
B5: JOURNEE DU : | D5: =I15 -> 41868 | H5: KAELE | I5: 0
H6: TCHATIBALI | I6: 0
A7: STATION | B7: RELEVES | D7: STATION | E7: RELEVES | H7: GUIDER | I7: 0
B8: JOURNALIER | C8: CUMUL | E8: JOURNALIER | F8: CUMUL | H8: GAROUA | I8: 0
A9: MAROUA | B9: =I4 -> 0 | C9: ='16-08-14'!C9+B9 -> 451 | D9: NGONG | E9: =I9 -> 0 | F9: ='16-08-14'!F9+E9 -> 546 | H9: NGONG | I9: 0
A10: KAELE | B10: =I5 -> 0 | C10: ='16-08-14'!C10+B10 -> 419 | D10: POLI | E10: =I10 -> 0 | F10: ='16-08-14'!F10+E10 -> 770 | H10: POLI | I10: 0
A11: TCHATIBALI | B11: =I6 -> 0 | C11: ='16-08-14'!C11+B11 -> 472 | D11: MAYO-GALKE | E11: =I11 -> 0 | F11: ='16-08-14'!F11+E11 -> 688 | H11: MAYO-GALKE | I11: 0
A12: GUIDER | B12: =I7 -> 0 | C12: ='16-08-14'!C12+B12 -> 438 | D12: TOUBOURO | E12: =I12 -> 0 | F12: ='16-08-14'!F12+E12 -> 598 | H12: TOUBOURO | I12: 0
A13: GAROUA | B13: =I8 -> 0 | C13: ='16-08-14'!C13+B13 -> 375 | D13: HOME | E13: =I13 -> 0 | F13: ='16-08-14'!F13+E13 -> 643 | H13: HOME | I13: 0
A15: TOTAL JOURNALIER = | C15: =SUM(B9:B13)+SUM(E9:E13) -> 0 | D15: CUMUL GENERAL = | F15: =SUM(C9:C13)+SUM(F9:F13) -> 5400 | H15: JOURNEE | I15: 41868
H16: TRANSMISSION | I16: =I15+1 -> 41869
A20: Transmis le : | B20: =I16 -> 41869

Sheet 18-08-14
A1: SODECOTON
H2: TABLEAU DE SAISI
A3: PLUVIOMETRIE JOURNALIERE ET PAR PENTADE | H3: STATION | I3: RELEVES
H4: MAROUA | I4: 0
B5: JOURNEE DU : | D5: =I15 -> 41869 | H5: KAELE | I5: 0
H6: TCHATIBALI | I6: 0
A7: STATION | B7: RELEVES | D7: STATION | E7: RELEVES | H7: GUIDER | I7: 0
B8: JOURNALIER | C8: CUMUL | E8: JOURNALIER | F8: CUMUL | H8: GAROUA | I8: 0
A9: MAROUA | B9: =I4 -> 0 | C9: ='17-08-14'!C9+B9 -> 451 | D9: NGONG | E9: =I9 -> 0 | F9: ='17-08-14'!F9+E9 -> 546 | H9: NGONG | I9: 0
A10: KAELE | B10: =I5 -> 0 | C10: ='17-08-14'!C10+B10 -> 419 | D10: POLI | E10: =I10 -> 0 | F10: ='17-08-14'!F10+E10 -> 770 | H10: POLI | I10: 0
A11: TCHATIBALI | B11: =I6 -> 0 | C11: ='17-08-14'!C11+B11 -> 472 | D11: MAYO-GALKE | E11: =I11 -> 0 | F11: ='17-08-14'!F11+E11 -> 688 | H11: MAYO-GALKE | I11: 0
A12: GUIDER | B12: =I7 -> 0 | C12: ='17-08-14'!C12+B12 -> 438 | D12: TOUBOURO | E12: =I12 -> 0 | F12: ='17-08-14'!F12+E12 -> 598 | H12: TOUBOURO | I12: 0
A13: GAROUA | B13: =I8 -> 0 | C13: ='17-08-14'!C13+B13 -> 375 | D13: HOME | E13: =I13 -> 0 | F13: ='17-08-14'!F13+E13 -> 643 | H13: HOME | I13: 0
A15: TOTAL JOURNALIER = | C15: =SUM(B9:B13)+SUM(E9:E13) -> 0 | D15: CUMUL GENERAL = | F15: =SUM(C9:C13)+SUM(F9:F13) -> 5400 | H15: JOURNEE | I15: 41869
H16: TRANSMISSION | I16: =I15+1 -> 41870
A20: Transmis le : | B20: =I16 -> 41870

Sheet 19-08-14
A1: SODECOTON
H2: TABLEAU DE SAISI
A3: PLUVIOMETRIE JOURNALIERE ET PAR PENTADE | H3: STATION | I3: RELEVES
H4: MAROUA | I4: 0
B5: JOURNEE DU : | D5: =I15 -> 41870 | H5: KAELE | I5: 0
H6: TCHATIBALI | I6: 0
A7: STATION | B7: RELEVES | D7: STATION | E7: RELEVES | H7: GUIDER | I7: 0
B8: JOURNALIER | C8: CUMUL | E8: JOURNALIER | F8: CUMUL | H8: GAROUA | I8: 0
A9: MAROUA | B9: =I4 -> 0 | C9: ='18-08-14'!C9+B9 -> 451 | D9: NGONG | E9: =I9 -> 0 | F9: ='18-08-14'!F9+E9 -> 546 | H9: NGONG | I9: 0
A10: KAELE | B10: =I5 -> 0 | C10: ='18-08-14'!C10+B10 -> 419 | D10: POLI | E10: =I10 -> 0 | F10: ='18-08-14'!F10+E10 -> 770 | H10: POLI | I10: 0
A11: TCHATIBALI | B11: =I6 -> 0 | C11: ='18-08-14'!C11+B11 -> 472 | D11: MAYO-GALKE | E11: =I11 -> 0 | F11: ='18-08-14'!F11+E11 -> 688 | H11: MAYO-GALKE | I11: 0
A12: GUIDER | B12: =I7 -> 0 | C12: ='18-08-14'!C12+B12 -> 438 | D12: TOUBOURO | E12: =I12 -> 0 | F12: ='18-08-14'!F12+E12 -> 598 | H12: TOUBOURO | I12: 0
A13: GAROUA | B13: =I8 -> 0 | C13: ='18-08-14'!C13+B13 -> 375 | D13: HOME | E13: =I13 -> 0 | F13: ='18-08-14'!F13+E13 -> 643 | H13: HOME | I13: 0
A15: TOTAL JOURNALIER = | C15: =SUM(B9:B13)+SUM(E9:E13) -> 0 | D15: CUMUL GENERAL = | F15: =SUM(C9:C13)+SUM(F9:F13) -> 5400 | H15: JOURNEE | I15: 41870
H16: TRANSMISSION | I16: =I15+1 -> 41871
A20: Transmis le : | B20: =I16 -> 41871

Sheet 20-08-14
A1: SODECOTON
H2: TABLEAU DE SAISI
A3: PLUVIOMETRIE JOURNALIERE ET PAR PENTADE | H3: STATION | I3: RELEVES
H4: MAROUA | I4: 0
B5: JOURNEE DU : | D5: =I15 -> 41871 | H5: KAELE | I5: 0
H6: TCHATIBALI | I6: 0
A7: STATION | B7: RELEVES | D7: STATION | E7: RELEVES | H7: GUIDER | I7: 0
B8: JOURNALIER | C8: CUMUL | E8: JOURNALIER | F8: CUMUL | H8: GAROUA | I8: 0
A9: MAROUA | B9: =I4 -> 0 | C9: ='19-08-14'!C9+B9 -> 451 | D9: NGONG | E9: =I9 -> 0 | F9: ='19-08-14'!F9+E9 -> 546 | H9: NGONG | I9: 0
A10: KAELE | B10: =I5 -> 0 | C10: ='19-08-14'!C10+B10 -> 419 | D10: POLI | E10: =I10 -> 0 | F10: ='19-08-14'!F10+E10 -> 770 | H10: POLI | I10: 0
A11: TCHATIBALI | B11: =I6 -> 0 | C11: ='19-08-14'!C11+B11 -> 472 | D11: MAYO-GALKE | E11: =I11 -> 0 | F11: ='19-08-14'!F11+E11 -> 688 | H11: MAYO-GALKE | I11: 0
A12: GUIDER | B12: =I7 -> 0 | C12: ='19-08-14'!C12+B12 -> 438 | D12: TOUBOURO | E12: =I12 -> 0 | F12: ='19-08-14'!F12+E12 -> 598 | H12: TOUBOURO | I12: 0
A13: GAROUA | B13: =I8 -> 0 | C13: ='19-08-14'!C13+B13 -> 375 | D13: HOME | E13: =I13 -> 0 | F13: ='19-08-14'!F13+E13 -> 643 | H13: HOME | I13: 0
A15: TOTAL JOURNALIER = | C15: =SUM(B9:B13)+SUM(E9:E13) -> 0 | D15: CUMUL GENERAL = | F15: =SUM(C9:C13)+SUM(F9:F13) -> 5400 | H15: JOURNEE | I15: 41871
H16: TRANSMISSION | I16: =I15+1 -> 41872
A20: Transmis le : | B20: =I16 -> 41872

Sheet 21-08-14
A1: SODECOTON
H2: TABLEAU DE SAISI
A3: PLUVIOMETRIE JOURNALIERE ET PAR PENTADE | H3: STATION | I3: RELEVES
H4: MAROUA | I4: 0
B5: JOURNEE DU : | D5: =I15 -> 41872 | H5: KAELE | I5: 0
H6: TCHATIBALI | I6: 0
A7: STATION | B7: RELEVES | D7: STATION | E7: RELEVES | H7: GUIDER | I7: 0
B8: JOURNALIER | C8: CUMUL | E8: JOURNALIER | F8: CUMUL | H8: GAROUA | I8: 0
A9: MAROUA | B9: =I4 -> 0 | C9: ='20-08-14'!C9+B9 -> 451 | D9: NGONG | E9: =I9 -> 0 | F9: ='20-08-14'!F9+E9 -> 546 | H9: NGONG | I9: 0
A10: KAELE | B10: =I5 -> 0 | C10: ='20-08-14'!C10+B10 -> 419 | D10: POLI | E10: =I10 -> 0 | F10: ='20-08-14'!F10+E10 -> 770 | H10: POLI | I10: 0
A11: TCHATIBALI | B11: =I6 -> 0 | C11: ='20-08-14'!C11+B11 -> 472 | D11: MAYO-GALKE | E11: =I11 -> 0 | F11: ='20-08-14'!F11+E11 -> 688 | H11: MAYO-GALKE | I11: 0
A12: GUIDER | B12: =I7 -> 0 | C12: ='20-08-14'!C12+B12 -> 438 | D12: TOUBOURO | E12: =I12 -> 0 | F12: ='20-08-14'!F12+E12 -> 598 | H12: TOUBOURO | I12: 0
A13: GAROUA | B13: =I8 -> 0 | C13: ='20-08-14'!C13+B13 -> 375 | D13: HOME | E13: =I13 -> 0 | F13: ='20-08-14'!F13+E13 -> 643 | H13: HOME | I13: 0
A15: TOTAL JOURNALIER = | C15: =SUM(B9:B13)+SUM(E9:E13) -> 0 | D15: CUMUL GENERAL = | F15: =SUM(C9:C13)+SUM(F9:F13) -> 5400 | H15: JOURNEE | I15: 41872
H16: TRANSMISSION | I16: =I15+1 -> 41873
A20: Transmis le : | B20: =I16 -> 41873

Sheet 22-08-14
A1: SODECOTON
H2: TABLEAU DE SAISI
